t,v_wheel,w_wheel,v_nav,w_nav,v_smoothed,w_smoothed,v_cmdvel,w_cmdvel,v_gated,w_gated
117.28,0.0,1.0,0.0,1.0,,,,,,
117.348,0.0,0.16,0.0,0.16,0.0,0.16,0.0,0.16,,
117.382,0.0,1.0,0.0,1.0,0.0,0.16,0.0,0.16,,
117.386,0.0,0.16,0.0,0.16,0.0,0.16,0.0,0.16,,
117.454,0.0,0.16,0.0,0.16,0.0,0.16,0.0,0.16,,
117.458,0.0,0.16,0.0,0.16,0.0,0.16,0.0,0.16,,
117.482,0.0,1.0,0.0,1.0,0.0,0.16,0.0,0.16,,
117.488,0.0,0.16,0.0,0.16,0.0,0.16,0.0,0.16,,
117.548,0.0,0.16,0.0,0.16,0.0,0.16,0.0,0.16,,
117.58,0.0,1.0,0.0,1.0,0.0,0.16,0.0,0.16,,
117.588,0.0,0.16,0.0,0.16,0.0,0.16,0.0,0.16,,
117.654,0.0,0.16,0.0,0.16,0.0,0.16,0.0,0.16,,
117.658,0.0,0.16,0.0,0.16,0.0,0.16,0.0,0.16,,
117.682,0.0,1.0,0.0,1.0,0.0,0.16,0.0,0.16,,
117.688,0.0,0.16,0.0,0.16,0.0,0.16,0.0,0.16,,
117.746,0.0,0.16,0.0,0.16,0.0,0.16,0.0,0.16,,
117.782,0.0,1.0,0.0,1.0,0.0,0.16,0.0,0.16,,
117.784,0.0,0.16,0.0,0.16,0.0,0.16,0.0,0.16,,
117.826,0.0,0.16,0.0,0.16,0.0,0.16,0.0,0.16,,
117.88,0.0,1.0,0.0,1.0,0.0,0.16,0.0,0.16,,
117.888,0.0,0.16,0.0,0.16,0.0,0.16,0.0,0.16,,
117.936,0.0,0.16,0.0,0.16,0.0,0.16,0.0,0.16,,
117.972,0.0,0.16,0.0,0.16,0.0,0.16,0.0,0.16,,
117.976,0.0,1.0,0.0,1.0,0.0,0.16,0.0,0.16,,
118.026,0.0,0.32,0.0,0.32,0.0,0.32,0.0,0.32,,
118.07,0.0,1.0,0.0,1.0,0.0,0.32,0.0,0.32,,
118.086,0.0,0.32,0.0,0.32,0.0,0.32,0.0,0.32,,
118.126,0.0,0.32,0.0,0.32,0.0,0.32,0.0,0.32,,
118.158,0.0,1.0,0.0,1.0,0.0,0.32,0.0,0.32,,
118.172,0.0,0.32,0.0,0.32,0.0,0.32,0.0,0.32,,
118.228,0.0,0.32,0.0,0.32,0.0,0.32,0.0,0.32,,
118.24,0.0,0.32,0.0,0.32,0.0,0.32,0.0,0.32,,
118.258,0.0,1.0,0.0,1.0,0.0,0.32,0.0,0.32,,
118.276,0.0,0.32,0.0,0.32,0.0,0.32,0.0,0.32,,
118.314,0.0,0.32,0.0,0.32,0.0,0.32,0.0,0.32,,
118.356,0.0,1.0,0.0,1.0,0.0,0.32,0.0,0.32,,
118.374,0.0,0.32,0.0,0.32,0.0,0.32,0.0,0.32,,
118.408,0.0,0.32,0.0,0.32,0.0,0.32,0.0,0.32,,
118.452,0.0,1.0,0.0,1.0,0.0,0.32,0.0,0.32,,
118.468,0.0,0.32,0.0,0.32,0.0,0.32,0.0,0.32,,
118.51,0.0,0.32,0.0,0.32,0.0,0.32,0.0,0.32,,
118.548,0.0,0.32,0.0,0.32,0.0,0.32,0.0,0.32,,
118.55,0.0,1.0,0.0,1.0,0.0,0.32,0.0,0.32,,
118.602,0.0,0.48,0.0,0.48,0.0,0.48,0.0,0.48,,
118.644,0.0,1.0,0.0,1.0,0.0,0.48,0.0,0.48,,
118.648,0.0,0.48,0.0,0.48,0.0,0.48,0.0,0.48,,
118.71,0.0,0.48,0.0,0.48,0.0,0.48,0.0,0.48,,
118.744,0.0,1.0,0.0,1.0,0.0,0.48,0.0,0.48,,
118.752,0.0,0.48,0.0,0.48,0.0,0.48,0.0,0.48,,
118.796,0.0,0.48,0.0,0.48,0.0,0.48,0.0,0.48,,
118.836,0.0,1.0,0.0,1.0,0.0,0.48,0.0,0.48,,
118.854,0.0,0.48,0.0,0.48,0.0,0.48,0.0,0.48,,
118.888,0.0,0.48,0.0,0.48,0.0,0.48,0.0,0.48,,
118.934,0.0,1.0,0.0,1.0,0.0,0.48,0.0,0.48,,
118.948,0.0,0.48,0.0,0.48,0.0,0.48,0.0,0.48,,
118.994,0.0,0.48,0.0,0.48,0.0,0.48,0.0,0.48,,
119.018,0.0,1.0,0.0,1.0,0.0,0.48,0.0,0.48,,
119.03,0.0,0.48,0.0,0.48,0.0,0.48,0.0,0.48,,
119.086,0.0,0.48,0.0,0.48,0.0,0.48,0.0,0.48,,
119.098,0.0,0.48,0.0,0.48,0.0,0.48,0.0,0.48,,
119.118,0.0,1.0,0.0,1.0,0.0,0.48,0.0,0.48,,
119.134,0.0,0.48,0.0,0.48,0.0,0.48,0.0,0.48,,
119.172,0.0,0.48,0.0,0.48,0.0,0.48,0.0,0.48,,
119.2,0.0,0.48,0.0,1.0,0.0,0.48,0.0,0.48,,
119.2,0.0,1.0,0.0,1.0,0.0,0.48,0.0,0.48,,
119.254,0.0,0.64,0.0,0.64,0.0,0.64,0.0,0.64,,
119.292,0.0,0.64,0.0,0.64,0.0,0.64,0.0,0.64,,
119.296,0.0,1.0,0.0,1.0,0.0,0.64,0.0,0.64,,
119.344,0.0,0.8,0.0,0.8,0.0,0.8,0.0,0.8,,
119.392,0.0,1.0,0.0,1.0,0.0,0.8,0.0,0.8,,
119.4,0.0,0.8,0.0,0.8,0.0,0.8,0.0,0.8,,
119.448,0.0,0.8,0.0,0.8,0.0,0.8,0.0,0.8,,
119.484,0.0,1.0,0.0,0.8,0.0,0.8,0.0,0.8,,
119.484,0.0,0.8,0.0,0.8,0.0,0.8,0.0,0.8,,
119.54,0.0,0.8,0.0,0.8,0.0,0.8,0.0,0.8,,
119.58,0.0,1.0,0.0,1.0,0.0,0.8,0.0,0.8,,
119.586,0.0,0.8,0.0,0.8,0.0,0.8,0.0,0.8,,
119.628,0.0,0.8,0.0,0.8,0.0,0.8,0.0,0.8,,
119.672,0.0,1.0,0.0,1.0,0.0,0.8,0.0,0.8,,
119.688,0.0,0.8,0.0,0.8,0.0,0.8,0.0,0.8,,
119.734,0.0,0.8,0.0,0.8,0.0,0.8,0.0,0.8,,
119.768,0.0,1.0,0.0,1.0,0.0,0.8,0.0,0.8,,
119.772,0.0,0.8,0.0,0.8,0.0,0.8,0.0,0.8,,
119.83,0.0,0.8,0.0,0.8,0.0,0.8,0.0,0.8,,
119.834,0.0,0.8,0.0,0.8,0.0,0.8,0.0,0.8,,
119.858,0.0,1.0,0.0,1.0,0.0,0.8,0.0,0.8,,
119.876,0.0,0.8,0.0,0.8,0.0,0.8,0.0,0.8,,
119.91,0.0,0.8,0.0,0.8,0.0,0.8,0.0,0.8,,
119.94,0.0,1.0,0.0,1.0,0.0,0.8,0.0,0.8,,
119.956,0.0,0.8,0.0,0.8,0.0,0.8,0.0,0.8,,
120.012,0.0,0.8,0.0,0.8,0.0,0.8,0.0,0.8,,
120.044,0.0,1.0,0.0,1.0,0.0,0.8,0.0,0.8,,
120.052,0.0,0.8,0.0,0.8,0.0,0.8,0.0,0.8,,
120.11,0.0,0.8,0.0,0.8,0.0,0.8,0.0,0.8,,
120.138,0.0,1.0,0.0,1.0,0.0,0.8,0.0,0.8,,
120.144,0.0,0.8,0.0,0.8,0.0,0.8,0.0,0.8,,
120.192,0.0,0.8,0.0,0.8,0.0,0.8,0.0,0.8,,
120.222,0.0,1.0,0.0,1.0,0.0,0.8,0.0,0.8,,
120.23,0.0,0.8,0.0,0.8,0.0,0.8,0.0,0.8,,
120.29,0.0,0.8,0.0,0.8,0.0,0.8,0.0,0.8,,
120.322,0.0,1.0,0.0,1.0,0.0,0.64,0.0,0.8,,
120.326,0.0,0.64,0.0,0.64,0.0,0.64,0.0,0.64,,
120.374,0.0,0.48,0.0,0.48,0.0,0.48,0.0,0.48,,
120.4,0.0,0.31999999999999995,0.0,0.31999999999999995,0.0,0.31999999999999995,0.0,0.31999999999999995,,
120.416,0.0,1.0,0.0,1.0,0.0,0.31999999999999995,0.0,0.31999999999999995,,
120.464,0.0,0.48,0.0,0.48,0.0,0.48,0.0,0.48,,
120.512,0.0,1.0,0.0,1.0,0.0,0.48,0.0,0.48,,
120.53,0.0,0.48,0.0,0.48,0.0,0.48,0.0,0.48,,
120.568,0.0,0.48,0.0,0.48,0.0,0.48,0.0,0.48,,
120.6,0.0,1.0,0.0,1.0,0.0,0.48,0.0,0.48,,
120.614,0.0,0.48,0.0,0.48,0.0,0.48,0.0,0.48,,
120.672,0.0,0.48,0.0,0.48,0.0,0.48,0.0,0.48,,
120.704,0.0,1.0,0.0,1.0,0.0,0.48,0.0,0.48,,
120.708,0.0,0.48,0.0,0.48,0.0,0.48,0.0,0.48,,
120.758,0.0,0.48,0.0,0.48,0.0,0.48,0.0,0.48,,
120.796,0.0,1.0,0.0,1.0,0.0,0.48,0.0,0.48,,
120.81,0.0,0.48,0.0,0.48,0.0,0.48,0.0,0.48,,
120.85,0.0,0.48,0.0,0.48,0.0,0.48,0.0,0.48,,
120.892,0.0,1.0,0.0,1.0,0.0,0.48,0.0,0.48,,
120.908,0.0,0.48,0.0,0.48,0.0,0.48,0.0,0.48,,
120.956,0.0,0.48,0.0,0.48,0.0,0.48,0.0,0.48,,
120.988,0.0,1.0,0.0,1.0,0.0,0.48,0.0,0.48,,
120.994,0.0,0.48,0.0,0.48,0.0,0.48,0.0,0.48,,
121.054,0.0,0.48,0.0,0.48,0.0,0.48,0.0,0.48,,
121.08,0.0,1.0,0.0,1.0,0.0,0.48,0.0,0.48,,
121.086,0.0,0.48,0.0,0.48,0.0,0.48,0.0,0.48,,
121.13,0.0,0.48,0.0,0.48,0.0,0.48,0.0,0.48,,
121.18,0.0,1.0,0.0,1.0,0.0,0.48,0.0,0.48,,
121.186,0.0,0.48,0.0,0.48,0.0,0.48,0.0,0.48,,
121.234,0.0,0.48,0.0,0.48,0.0,0.48,0.0,0.48,,
121.278,0.0,1.0,0.0,1.0,0.0,0.48,0.0,0.48,,
121.296,0.0,0.48,0.0,0.48,0.0,0.48,0.0,0.48,,
121.324,0.0,0.48,0.0,0.48,0.0,0.48,0.0,0.48,,
121.378,0.0,1.0,0.0,1.0,0.0,0.48,0.0,0.48,,
121.394,0.0,0.48,0.0,0.48,0.0,0.48,0.0,0.48,,
121.434,0.0,0.31999999999999995,0.0,0.31999999999999995,0.0,0.31999999999999995,0.0,0.31999999999999995,,
121.478,0.0,1.0,0.0,1.0,0.0,0.15999999999999995,0.0,0.31999999999999995,,
121.494,0.0,0.15999999999999995,0.0,0.15999999999999995,0.0,0.15999999999999995,0.0,0.15999999999999995,,
121.524,0.0,0.0,0.0,0.0,0.0,0.0,0.0,0.0,,
121.574,0.0,1.0,0.0,1.0,0.0,0.0,0.0,0.0,,
121.63,0.0,0.16,0.0,0.16,0.0,0.16,0.0,0.16,,
121.668,0.0,0.16,0.0,0.16,0.0,0.16,0.0,0.16,,
121.672,0.0,1.0,0.0,1.0,0.0,0.16,0.0,0.16,,
121.722,0.0,0.32,0.0,0.32,0.0,0.32,0.0,0.32,,
121.76,0.0,1.0,0.0,1.0,0.0,0.32,0.0,0.32,,
121.776,0.0,0.32,0.0,0.32,0.0,0.32,0.0,0.32,,
121.808,0.0,0.32,0.0,0.32,0.0,0.32,0.0,0.32,,
121.85,0.0,1.0,0.0,1.0,0.0,0.32,0.0,0.32,,
121.858,0.0,0.32,0.0,0.32,0.0,0.32,0.0,0.32,,
121.91,0.0,0.32,0.0,0.32,0.0,0.32,0.0,0.32,,
121.938,0.0,1.0,0.0,1.0,0.0,0.32,0.0,0.32,,
121.956,0.0,0.32,0.0,0.32,0.0,0.32,0.0,0.32,,
121.988,0.0,0.32,0.0,0.32,0.0,0.32,0.0,0.32,,
122.036,0.0,1.0,0.0,1.0,0.0,0.32,0.0,0.32,,
122.048,0.0,0.32,0.0,0.32,0.0,0.32,0.0,0.32,,
122.088,0.0,0.32,0.0,0.32,0.0,0.32,0.0,0.32,,
122.12,0.0,1.0,0.0,1.0,0.0,0.32,0.0,0.32,,
122.136,0.0,0.32,0.0,0.32,0.0,0.32,0.0,0.32,,
122.186,0.0,0.32,0.0,0.32,0.0,0.32,0.0,0.32,,
122.224,0.0,1.0,0.0,1.0,0.0,0.32,0.0,0.32,,
122.232,0.0,0.32,0.0,0.32,0.0,0.32,0.0,0.32,,
122.292,0.0,0.32,0.0,0.32,0.0,0.32,0.0,0.32,,
122.316,0.0,1.0,0.0,1.0,0.0,0.32,0.0,0.32,,
122.334,0.0,0.32,0.0,0.32,0.0,0.32,0.0,0.32,,
122.392,0.0,0.32,0.0,0.32,0.0,0.32,0.0,0.32,,
122.424,0.0,1.0,0.0,1.0,0.0,0.32,0.0,0.32,,
122.43,0.0,0.32,0.0,0.32,0.0,0.32,0.0,0.32,,
122.49,0.0,0.32,0.0,0.32,0.0,0.32,0.0,0.32,,
122.5,0.0,0.32,0.0,0.32,0.0,0.32,0.0,0.32,,
122.512,0.0,1.0,0.0,1.0,0.0,0.32,0.0,0.32,,
122.568,0.0,0.48,0.0,0.48,0.0,0.48,0.0,0.48,,
122.612,0.0,1.0,0.0,1.0,0.0,0.48,0.0,0.48,,
122.628,0.0,0.48,0.0,0.48,0.0,0.48,0.0,0.48,,
122.666,0.0,0.48,0.0,0.48,0.0,0.48,0.0,0.48,,
122.7,0.0,0.48,0.0,1.0,0.0,0.48,0.0,0.48,,
122.7,0.0,1.0,0.0,1.0,0.0,0.48,0.0,0.48,,
122.754,0.0,0.64,0.0,0.64,0.0,0.64,0.0,0.64,,
122.798,0.0,1.0,0.0,1.0,0.0,0.64,0.0,0.64,,
122.814,0.0,0.64,0.0,0.64,0.0,0.64,0.0,0.64,,
122.854,0.0,0.64,0.0,0.64,0.0,0.64,0.0,0.64,,
122.898,0.0,1.0,0.0,1.0,0.0,0.64,0.0,0.64,,
122.9,0.0,0.64,0.0,0.64,0.0,0.64,0.0,0.64,,
122.954,0.0,0.64,0.0,0.64,0.0,0.64,0.0,0.64,,
122.98,0.0,1.0,0.0,1.0,0.0,0.64,0.0,0.64,,
122.994,0.0,0.64,0.0,0.64,0.0,0.64,0.0,0.64,,
123.052,0.0,0.64,0.0,0.64,0.0,0.64,0.0,0.64,,
123.084,0.0,1.0,0.0,1.0,0.0,0.64,0.0,0.64,,
123.09,0.0,0.64,0.0,0.64,0.0,0.64,0.0,0.64,,
123.132,0.0,0.64,0.0,0.64,0.0,0.64,0.0,0.64,,
123.176,0.0,1.0,0.0,1.0,0.0,0.64,0.0,0.64,,
123.196,0.0,0.64,0.0,0.64,0.0,0.64,0.0,0.64,,
123.232,0.0,0.64,0.0,0.64,0.0,0.64,0.0,0.64,,
123.274,0.0,1.0,0.0,1.0,0.0,0.64,0.0,0.64,,
123.292,0.0,0.64,0.0,0.64,0.0,0.64,0.0,0.64,,
123.334,0.0,0.64,0.0,0.64,0.0,0.64,0.0,0.64,,
123.37,0.0,1.0,0.0,0.64,0.0,0.64,0.0,0.64,,
123.37,0.0,0.64,0.0,0.64,0.0,0.64,0.0,0.64,,
123.436,0.0,0.64,0.0,0.64,0.0,0.64,0.0,0.64,,
123.468,0.0,1.0,0.0,1.0,0.0,0.64,0.0,0.64,,
123.476,0.0,0.64,0.0,0.64,0.0,0.64,0.0,0.64,,
123.516,0.0,0.64,0.0,0.64,0.0,0.64,0.0,0.64,,
123.566,0.0,1.0,0.0,1.0,0.0,0.64,0.0,0.64,,
123.572,0.0,0.64,0.0,0.64,0.0,0.64,0.0,0.64,,
123.634,0.0,0.64,0.0,0.64,0.0,0.64,0.0,0.64,,
123.668,0.0,1.0,0.0,1.0,0.0,0.64,0.0,0.64,,
123.672,0.0,0.64,0.0,0.64,0.0,0.64,0.0,0.64,,
123.712,0.0,0.64,0.0,0.64,0.0,0.64,0.0,0.64,,
123.764,0.0,1.0,0.0,1.0,0.0,0.48,0.0,0.64,,
123.768,0.0,0.48,0.0,0.48,0.0,0.48,0.0,0.48,,
123.83,0.0,0.31999999999999995,0.0,0.31999999999999995,0.0,0.31999999999999995,0.0,0.31999999999999995,,
123.864,0.0,1.0,0.0,1.0,0.0,0.15999999999999995,0.0,0.31999999999999995,,
123.87,0.0,0.15999999999999995,0.0,0.15999999999999995,0.0,0.15999999999999995,0.0,0.15999999999999995,,
123.91,0.0,0.0,0.0,0.0,0.0,0.0,0.0,0.0,,
123.96,0.0,1.0,0.0,1.0,0.0,0.0,0.0,0.0,,
124.014,0.0,0.16,0.0,0.16,0.0,0.16,0.0,0.16,,
124.052,0.0,1.0,0.0,1.0,0.0,0.16,0.0,0.16,,
124.066,0.0,0.16,0.0,0.16,0.0,0.16,0.0,0.16,,
124.1,0.0,0.16,0.0,0.16,0.0,0.16,0.0,0.16,,
124.152,0.0,1.0,0.0,1.0,0.0,0.16,0.0,0.16,,
124.162,0.0,0.16,0.0,0.16,0.0,0.16,0.0,0.16,,
124.208,0.0,0.16,0.0,0.16,0.0,0.16,0.0,0.16,,
124.248,0.0,0.16,0.0,0.16,0.0,0.16,0.0,0.16,,
124.252,0.0,1.0,0.0,1.0,0.0,0.16,0.0,0.16,,
124.308,0.0,0.32,0.0,0.32,0.0,0.32,0.0,0.32,,
124.352,0.0,1.0,0.0,1.0,0.0,0.32,0.0,0.32,,
124.362,0.0,0.32,0.0,0.32,0.0,0.32,0.0,0.32,,
124.406,0.0,0.32,0.0,0.32,0.0,0.32,0.0,0.32,,
124.452,0.0,1.0,0.0,1.0,0.0,0.32,0.0,0.32,,
124.468,0.0,0.32,0.0,0.32,0.0,0.32,0.0,0.32,,
124.508,0.0,0.32,0.0,0.32,0.0,0.32,0.0,0.32,,
124.548,0.0,1.0,0.0,1.0,0.0,0.32,0.0,0.32,,
124.576,0.0,0.32,0.0,0.32,0.0,0.32,0.0,0.32,,
124.616,0.0,0.32,0.0,0.32,0.0,0.32,0.0,0.32,,
124.648,0.0,1.0,0.0,1.0,0.0,0.32,0.0,0.32,,
124.656,0.0,0.32,0.0,0.32,0.0,0.32,0.0,0.32,,
124.706,0.0,0.32,0.0,0.32,0.0,0.32,0.0,0.32,,
124.748,0.0,1.0,0.0,1.0,0.0,0.32,0.0,0.32,,
124.754,0.0,0.32,0.0,0.32,0.0,0.32,0.0,0.32,,
124.81,0.0,0.32,0.0,0.32,0.0,0.32,0.0,0.32,,
124.84,0.0,1.0,0.0,1.0,0.0,0.32,0.0,0.32,,
124.846,0.0,0.32,0.0,0.32,0.0,0.32,0.0,0.32,,
124.908,0.0,0.32,0.0,0.32,0.0,0.32,0.0,0.32,,
124.936,0.0,1.0,0.0,1.0,0.0,0.32,0.0,0.32,,
124.952,0.0,0.32,0.0,0.32,0.0,0.32,0.0,0.32,,
124.992,0.0,0.32,0.0,0.32,0.0,0.32,0.0,0.32,,
125.024,0.0,1.0,0.0,1.0,0.0,0.32,0.0,0.32,,
125.05,0.0,0.32,0.0,0.32,0.0,0.32,0.0,0.32,,
125.086,0.0,0.32,0.0,0.32,0.0,0.32,0.0,0.32,,
125.13,0.0,1.0,0.0,1.0,0.0,0.32,0.0,0.32,,
125.146,0.0,0.32,0.0,0.32,0.0,0.32,0.0,0.32,,
125.188,0.0,0.32,0.0,0.32,0.0,0.32,0.0,0.32,,
125.22,0.0,1.0,0.0,1.0,0.0,0.32,0.0,0.32,,
125.234,0.0,0.32,0.0,0.32,0.0,0.32,0.0,0.32,,
125.294,0.0,0.16,0.0,0.16,0.0,0.16,0.0,0.16,,
125.326,0.0,1.0,0.0,1.0,0.0,0.0,0.0,0.16,,
125.332,0.0,0.0,0.0,0.0,0.0,0.0,0.0,0.0,,
125.4,0.0,0.0,0.0,0.0,0.0,0.0,0.0,0.0,,
125.416,0.0,1.0,0.0,1.0,0.0,0.0,0.0,0.0,,
125.494,0.0,0.16,0.0,0.16,0.0,0.16,0.0,0.16,,
125.526,0.0,1.0,0.0,1.0,0.0,0.16,0.0,0.16,,
125.532,0.0,0.16,0.0,0.16,0.0,0.16,0.0,0.16,,
125.594,0.0,0.16,0.0,0.16,0.0,0.16,0.0,0.16,,
125.626,0.0,1.0,0.0,1.0,0.0,0.16,0.0,0.16,,
125.634,0.0,0.16,0.0,0.16,0.0,0.16,0.0,0.16,,
125.694,0.0,0.16,0.0,0.16,0.0,0.16,0.0,0.16,,
125.726,0.0,1.0,0.0,1.0,0.0,0.16,0.0,0.16,,
125.734,0.0,0.16,0.0,0.16,0.0,0.16,0.0,0.16,,
125.792,0.0,0.16,0.0,0.16,0.0,0.16,0.0,0.16,,
125.814,0.0,0.16,0.0,1.0,0.0,0.16,0.0,0.16,,
125.816,0.0,1.0,0.0,1.0,0.0,0.16,0.0,0.16,,
125.874,0.0,0.32,0.0,0.32,0.0,0.32,0.0,0.32,,
125.914,0.0,1.0,0.0,1.0,0.0,0.32,0.0,0.32,,
125.932,0.0,0.32,0.0,0.32,0.0,0.32,0.0,0.32,,
125.97,0.0,0.32,0.0,0.32,0.0,0.32,0.0,0.32,,
126.0,0.0,0.32,0.0,1.0,0.0,0.32,0.0,0.32,,
126.0,0.0,1.0,0.0,1.0,0.0,0.32,0.0,0.32,,
126.07,0.0,0.48,0.0,0.48,0.0,0.48,0.0,0.48,,
126.104,0.0,1.0,0.0,1.0,0.0,0.48,0.0,0.48,,
126.11,0.0,0.48,0.0,0.48,0.0,0.48,0.0,0.48,,
126.168,0.0,0.48,0.0,0.48,0.0,0.48,0.0,0.48,,
126.2,0.0,1.0,0.0,0.48,0.0,0.48,0.0,0.48,,
126.2,0.0,0.48,0.0,0.48,0.0,0.48,0.0,0.48,,
126.246,0.0,0.48,0.0,0.48,0.0,0.48,0.0,0.48,,
126.288,0.0,0.48,0.0,0.48,0.0,0.48,0.0,0.48,,
126.292,0.0,1.0,0.0,1.0,0.0,0.48,0.0,0.48,,
126.348,0.0,0.64,0.0,0.64,0.0,0.64,0.0,0.64,,
126.39,0.0,1.0,0.0,1.0,0.0,0.64,0.0,0.64,,
126.4,0.0,0.64,0.0,0.64,0.0,0.64,0.0,0.64,,
126.45,0.0,0.64,0.0,0.64,0.0,0.64,0.0,0.64,,
126.484,0.0,1.0,0.0,1.0,0.0,0.64,0.0,0.64,,
126.498,0.0,0.64,0.0,0.64,0.0,0.64,0.0,0.64,,
126.55,0.0,0.64,0.0,0.64,0.0,0.64,0.0,0.64,,
126.582,0.0,1.0,0.0,1.0,0.0,0.64,0.0,0.64,,
126.588,0.0,0.64,0.0,0.64,0.0,0.64,0.0,0.64,,
126.632,0.0,0.64,0.0,0.64,0.0,0.64,0.0,0.64,,
126.672,0.0,1.0,0.0,1.0,0.0,0.64,0.0,0.64,,
126.692,0.0,0.64,0.0,0.64,0.0,0.64,0.0,0.64,,
126.732,0.0,0.64,0.0,0.64,0.0,0.64,0.0,0.64,,
126.774,0.0,1.0,0.0,1.0,0.0,0.64,0.0,0.64,,
126.79,0.0,0.64,0.0,0.64,0.0,0.64,0.0,0.64,,
126.828,0.0,0.64,0.0,0.64,0.0,0.64,0.0,0.64,,
126.872,0.0,1.0,0.0,1.0,0.0,0.64,0.0,0.64,,
126.894,0.0,0.64,0.0,0.64,0.0,0.64,0.0,0.64,,
126.934,0.0,0.64,0.0,0.64,0.0,0.64,0.0,0.64,,
126.966,0.0,1.0,0.0,1.0,0.0,0.64,0.0,0.64,,
126.974,0.0,0.64,0.0,0.64,0.0,0.64,0.0,0.64,,
127.0,0.0,0.64,0.0,0.64,0.0,0.64,0.0,0.64,,
127.064,0.0,1.0,0.0,1.0,0.0,0.64,0.0,0.64,,
127.068,0.0,0.64,0.0,0.64,0.0,0.64,0.0,0.64,,
127.13,0.0,0.64,0.0,0.64,0.0,0.64,0.0,0.64,,
127.164,0.0,1.0,0.0,1.0,0.0,0.64,0.0,0.64,,
127.17,0.0,0.64,0.0,0.64,0.0,0.64,0.0,0.64,,
127.21,0.0,0.64,0.0,0.64,0.0,0.64,0.0,0.64,,
127.264,0.0,1.0,0.0,1.0,0.0,0.64,0.0,0.64,,
127.266,0.0,0.64,0.0,0.64,0.0,0.64,0.0,0.64,,
127.33,0.0,0.48,0.0,0.48,0.0,0.48,0.0,0.48,,
127.36,0.0,1.0,0.0,1.0,0.0,0.31999999999999995,0.0,0.48,,
127.374,0.0,0.31999999999999995,0.0,0.31999999999999995,0.0,0.31999999999999995,0.0,0.31999999999999995,,
127.412,0.0,0.15999999999999995,0.0,0.15999999999999995,0.0,0.15999999999999995,0.0,0.15999999999999995,,
127.452,0.0,1.0,0.0,1.0,0.0,0.0,0.0,0.15999999999999995,,
127.466,0.0,0.0,0.0,0.0,0.0,0.0,0.0,0.0,,
127.526,0.0,0.0,0.0,0.0,0.0,0.0,0.0,0.0,,
127.552,0.0,1.0,0.0,1.0,0.0,0.0,0.0,0.0,,
127.618,0.0,0.16,0.0,0.16,0.0,0.16,0.0,0.16,,
127.65,0.0,1.0,0.0,1.0,0.0,0.16,0.0,0.16,,
127.676,0.0,0.16,0.0,0.16,0.0,0.16,0.0,0.16,,
127.704,0.0,0.16,0.0,0.16,0.0,0.16,0.0,0.16,,
127.75,0.0,1.0,0.0,1.0,0.0,0.16,0.0,0.16,,
127.754,0.0,0.16,0.0,0.16,0.0,0.16,0.0,0.16,,
127.812,0.0,0.16,0.0,0.16,0.0,0.16,0.0,0.16,,
127.842,0.0,1.0,0.0,1.0,0.0,0.16,0.0,0.16,,
127.85,0.0,0.16,0.0,0.16,0.0,0.16,0.0,0.16,,
127.896,0.0,0.16,0.0,0.16,0.0,0.16,0.0,0.16,,
127.938,0.0,1.0,0.0,1.0,0.0,0.16,0.0,0.16,,
127.966,0.0,0.16,0.0,0.16,0.0,0.16,0.0,0.16,,
127.992,0.0,0.16,0.0,0.16,0.0,0.16,0.0,0.16,,
128.04,0.0,1.0,0.0,1.0,0.0,0.16,0.0,0.16,,
128.054,0.0,0.16,0.0,0.16,0.0,0.16,0.0,0.16,,
128.094,0.0,0.16,0.0,0.16,0.0,0.16,0.0,0.16,,
128.134,0.0,1.0,0.0,1.0,0.0,0.16,0.0,0.16,,
128.154,0.0,0.16,0.0,0.16,0.0,0.16,0.0,0.16,,
128.188,0.0,0.16,0.0,0.16,0.0,0.16,0.0,0.16,,
128.238,0.0,1.0,0.0,1.0,0.0,0.16,0.0,0.16,,
128.252,0.0,0.16,0.0,0.16,0.0,0.16,0.0,0.16,,
128.294,0.0,0.16,0.0,0.16,0.0,0.16,0.0,0.16,,
128.334,0.0,1.0,0.0,1.0,0.0,0.16,0.0,0.16,,
128.35,0.0,0.16,0.0,0.16,0.0,0.16,0.0,0.16,,
128.388,0.0,0.16,0.0,0.16,0.0,0.16,0.0,0.16,,
128.432,0.0,1.0,0.0,1.0,0.0,0.16,0.0,0.16,,
128.45,0.0,0.16,0.0,0.16,0.0,0.16,0.0,0.16,,
128.49,0.0,0.16,0.0,0.16,0.0,0.16,0.0,0.16,,
128.52,0.0,1.0,0.0,1.0,0.0,0.16,0.0,0.16,,
128.534,0.0,0.16,0.0,0.16,0.0,0.16,0.0,0.16,,
128.586,0.0,0.0,0.0,0.0,0.0,0.0,0.0,0.0,,
128.624,0.0,1.0,0.0,1.0,0.0,0.0,0.0,0.0,,
128.668,0.0,0.16,0.0,0.16,0.0,0.16,0.0,0.16,,
128.722,0.0,1.0,0.0,0.16,0.0,0.16,0.0,0.16,,
128.722,0.0,0.16,0.0,0.16,0.0,0.16,0.0,0.16,,
128.782,0.0,0.16,0.0,0.16,0.0,0.16,0.0,0.16,,
128.816,0.0,1.0,0.0,1.0,0.0,0.16,0.0,0.16,,
128.836,0.0,0.16,0.0,0.16,0.0,0.16,0.0,0.16,,
128.872,0.0,0.16,0.0,0.16,0.0,0.16,0.0,0.16,,
128.914,0.0,1.0,0.0,1.0,0.0,0.16,0.0,0.16,,
128.928,0.0,0.16,0.0,0.16,0.0,0.16,0.0,0.16,,
128.968,0.0,0.16,0.0,0.16,0.0,0.16,0.0,0.16,,
129.01,0.0,1.0,0.0,1.0,0.0,0.16,0.0,0.16,,
129.03,0.0,0.16,0.0,0.16,0.0,0.16,0.0,0.16,,
129.07,0.0,0.16,0.0,0.16,0.0,0.16,0.0,0.16,,
129.1,0.0,0.16,0.0,1.0,0.0,0.16,0.0,0.16,,
129.1,0.0,1.0,0.0,1.0,0.0,0.16,0.0,0.16,,
129.172,0.0,0.32,0.0,0.32,0.0,0.32,0.0,0.32,,
129.202,0.0,1.0,0.0,1.0,0.0,0.32,0.0,0.32,,
129.206,0.0,0.32,0.0,0.32,0.0,0.32,0.0,0.32,,
129.268,0.0,0.32,0.0,0.32,0.0,0.32,0.0,0.32,,
129.3,0.0,1.0,0.0,0.32,0.0,0.32,0.0,0.32,,
129.3,0.0,0.32,0.0,0.32,0.0,0.32,0.0,0.32,,
129.348,0.0,0.32,0.0,0.32,0.0,0.32,0.0,0.32,,
129.388,0.0,1.0,0.0,1.0,0.0,0.32,0.0,0.32,,
129.396,0.0,0.32,0.0,0.32,0.0,0.32,0.0,0.32,,
129.454,0.0,0.32,0.0,0.32,0.0,0.32,0.0,0.32,,
129.484,0.0,1.0,0.0,1.0,0.0,0.32,0.0,0.32,,
129.492,0.0,0.32,0.0,0.32,0.0,0.32,0.0,0.32,,
129.53,0.0,0.32,0.0,0.32,0.0,0.32,0.0,0.32,,
129.574,0.0,1.0,0.0,1.0,0.0,0.32,0.0,0.32,,
129.594,0.0,0.32,0.0,0.32,0.0,0.32,0.0,0.32,,
129.63,0.0,0.32,0.0,0.32,0.0,0.32,0.0,0.32,,
129.674,0.0,1.0,0.0,1.0,0.0,0.32,0.0,0.32,,
129.69,0.0,0.32,0.0,0.32,0.0,0.32,0.0,0.32,,
129.712,0.0,0.32,0.0,0.32,0.0,0.32,0.0,0.32,,
129.766,0.0,1.0,0.0,1.0,0.0,0.32,0.0,0.32,,
129.77,0.0,0.32,0.0,0.32,0.0,0.32,0.0,0.32,,
129.826,0.0,0.32,0.0,0.32,0.0,0.32,0.0,0.32,,
129.862,0.0,1.0,0.0,1.0,0.0,0.32,0.0,0.32,,
129.87,0.0,0.32,0.0,0.32,0.0,0.32,0.0,0.32,,
129.9,0.0,0.32,0.0,0.32,0.0,0.32,0.0,0.32,,
129.958,0.0,1.0,0.0,1.0,0.0,0.32,0.0,0.32,,
129.97,0.0,0.32,0.0,0.32,0.0,0.32,0.0,0.32,,
130.014,0.0,0.32,0.0,0.32,0.0,0.32,0.0,0.32,,
130.056,0.0,1.0,0.0,1.0,0.0,0.32,0.0,0.32,,
130.072,0.0,0.32,0.0,0.32,0.0,0.32,0.0,0.32,,
130.1,0.0,0.32,0.0,0.32,0.0,0.32,0.0,0.32,,
130.154,0.0,1.0,0.0,1.0,0.0,0.16,0.0,0.32,,
130.17,0.0,0.16,0.0,0.16,0.0,0.16,0.0,0.16,,
130.208,0.0,0.0,0.0,0.0,0.0,0.0,0.0,0.0,,
130.254,0.0,1.0,0.0,1.0,0.0,0.0,0.0,0.0,,
130.31,0.0,0.16,0.0,0.16,0.0,0.16,0.0,0.16,,
130.354,0.0,1.0,0.0,1.0,0.0,0.16,0.0,0.16,,
130.37,0.0,0.16,0.0,0.16,0.0,0.16,0.0,0.16,,
130.41,0.0,0.16,0.0,0.16,0.0,0.16,0.0,0.16,,
130.454,0.0,1.0,0.0,1.0,0.0,0.16,0.0,0.16,,
130.47,0.0,0.16,0.0,0.16,0.0,0.16,0.0,0.16,,
130.5,0.0,0.16,0.0,0.16,0.0,0.16,0.0,0.16,,
130.5,0.0,0.16,0.0,0.16,0.0,0.16,0.0,0.16,,
130.52,0.0,1.0,0.0,1.0,0.0,0.16,0.0,0.16,,
130.532,0.0,0.16,0.0,0.16,0.0,0.16,0.0,0.16,,
130.568,0.0,0.16,0.0,0.16,0.0,0.16,0.0,0.16,,
130.568,0.0,0.16,0.0,0.16,0.0,0.16,0.0,0.16,,
130.594,0.0,1.0,0.0,1.0,0.0,0.16,0.0,0.16,,
130.61,0.0,0.16,0.0,0.16,0.0,0.16,0.0,0.16,,
130.648,0.0,0.16,0.0,0.16,0.0,0.16,0.0,0.16,,
130.688,0.0,1.0,0.0,1.0,0.0,0.16,0.0,0.16,,
130.694,0.0,0.16,0.0,0.16,0.0,0.16,0.0,0.16,,
130.756,0.0,0.16,0.0,0.16,0.0,0.16,0.0,0.16,,
130.786,0.0,1.0,0.0,1.0,0.0,0.16,0.0,0.16,,
130.794,0.0,0.16,0.0,0.16,0.0,0.16,0.0,0.16,,
130.856,0.0,0.16,0.0,0.16,0.0,0.16,0.0,0.16,,
130.886,0.0,1.0,0.0,1.0,0.0,0.16,0.0,0.16,,
130.892,0.0,0.16,0.0,0.16,0.0,0.16,0.0,0.16,,
130.952,0.0,0.16,0.0,0.16,0.0,0.16,0.0,0.16,,
130.986,0.0,1.0,0.0,1.0,0.0,0.16,0.0,0.16,,
130.992,0.0,0.16,0.0,0.16,0.0,0.16,0.0,0.16,,
131.052,0.0,0.16,0.0,0.16,0.0,0.16,0.0,0.16,,
131.084,0.0,1.0,0.0,1.0,0.0,0.16,0.0,0.16,,
131.094,0.0,0.16,0.0,0.16,0.0,0.16,0.0,0.16,,
131.152,0.0,0.16,0.0,0.16,0.0,0.16,0.0,0.16,,
131.184,0.0,1.0,0.0,1.0,0.0,0.16,0.0,0.16,,
131.192,0.0,0.16,0.0,0.16,0.0,0.16,0.0,0.16,,
131.252,0.0,0.16,0.0,0.16,0.0,0.16,0.0,0.16,,
131.286,0.0,1.0,0.0,0.0,0.0,0.0,0.0,0.0,,
131.286,0.0,0.0,0.0,0.0,0.0,0.0,0.0,0.0,,
131.354,0.0,0.0,0.0,0.0,0.0,0.0,0.0,0.0,,
131.382,0.0,1.0,0.0,1.0,0.0,0.0,0.0,0.0,,
131.436,0.0,0.16,0.0,0.16,0.0,0.16,0.0,0.16,,
131.478,0.0,1.0,0.0,1.0,0.0,0.16,0.0,0.16,,
131.49,0.0,0.16,0.0,0.16,0.0,0.16,0.0,0.16,,
131.53,0.0,0.16,0.0,0.16,0.0,0.16,0.0,0.16,,
131.574,0.0,1.0,0.0,1.0,0.0,0.16,0.0,0.16,,
131.59,0.0,0.16,0.0,0.16,0.0,0.16,0.0,0.16,,
131.636,0.0,0.16,0.0,0.16,0.0,0.16,0.0,0.16,,
131.666,0.0,1.0,0.0,1.0,0.0,0.16,0.0,0.16,,
131.674,0.0,0.16,0.0,0.16,0.0,0.16,0.0,0.16,,
131.73,0.0,0.16,0.0,0.16,0.0,0.16,0.0,0.16,,
131.764,0.0,1.0,0.0,1.0,0.0,0.16,0.0,0.16,,
131.77,0.0,0.16,0.0,0.16,0.0,0.16,0.0,0.16,,
131.834,0.0,0.16,0.0,0.16,0.0,0.16,0.0,0.16,,
131.834,0.0,0.16,0.0,0.16,0.0,0.16,0.0,0.16,,
131.858,0.0,1.0,0.0,1.0,0.0,0.16,0.0,0.16,,
131.876,0.0,0.16,0.0,0.16,0.0,0.16,0.0,0.16,,
131.916,0.0,0.16,0.0,0.16,0.0,0.16,0.0,0.16,,
131.952,0.0,1.0,0.0,1.0,0.0,0.16,0.0,0.16,,
131.972,0.0,0.16,0.0,0.16,0.0,0.16,0.0,0.16,,
132.01,0.0,0.16,0.0,0.16,0.0,0.16,0.0,0.16,,
132.054,0.0,1.0,0.0,1.0,0.0,0.16,0.0,0.16,,
132.07,0.0,0.16,0.0,0.16,0.0,0.16,0.0,0.16,,
132.11,0.0,0.16,0.0,0.16,0.0,0.16,0.0,0.16,,
132.15,0.0,1.0,0.0,1.0,0.0,0.16,0.0,0.16,,
132.17,0.0,0.16,0.0,0.16,0.0,0.16,0.0,0.16,,
132.208,0.0,0.16,0.0,0.16,0.0,0.16,0.0,0.16,,
132.252,0.0,1.0,0.0,1.0,0.0,0.16,0.0,0.16,,
132.27,0.0,0.16,0.0,0.16,0.0,0.16,0.0,0.16,,
132.31,0.0,0.16,0.0,0.16,0.0,0.16,0.0,0.16,,
132.348,0.0,1.0,0.0,1.0,0.0,0.16,0.0,0.16,,
132.384,0.0,0.16,0.0,0.16,0.0,0.16,0.0,0.16,,
132.4,0.0,0.0,0.0,0.0,0.0,0.0,0.0,0.0,,
132.428,0.0,1.0,0.0,1.0,0.0,0.0,0.0,0.0,,
132.496,0.0,0.16,0.0,0.16,0.0,0.16,0.0,0.16,,
132.528,0.0,1.0,0.0,1.0,0.0,0.16,0.0,0.16,,
132.534,0.0,0.16,0.0,0.16,0.0,0.16,0.0,0.16,,
132.59,0.0,0.16,0.0,0.16,0.0,0.16,0.0,0.16,,
132.6,0.0,0.16,0.0,0.16,0.0,0.16,0.0,0.16,,
132.61,0.0,1.0,0.0,1.0,0.0,0.16,0.0,0.16,,
132.666,0.0,0.32,0.0,0.32,0.0,0.32,0.0,0.32,,
132.71,0.0,1.0,0.0,1.0,0.0,0.32,0.0,0.32,,
132.716,0.0,0.32,0.0,0.32,0.0,0.32,0.0,0.32,,
132.774,0.0,0.32,0.0,0.32,0.0,0.32,0.0,0.32,,
132.8,0.0,1.0,0.0,0.32,0.0,0.32,0.0,0.32,,
132.8,0.0,0.32,0.0,0.32,0.0,0.32,0.0,0.32,,
132.854,0.0,0.32,0.0,0.32,0.0,0.32,0.0,0.32,,
132.898,0.0,1.0,0.0,1.0,0.0,0.32,0.0,0.32,,
132.912,0.0,0.32,0.0,0.32,0.0,0.32,0.0,0.32,,
132.952,0.0,0.32,0.0,0.32,0.0,0.32,0.0,0.32,,
132.994,0.0,1.0,0.0,1.0,0.0,0.32,0.0,0.32,,
133.0,0.0,0.32,0.0,0.32,0.0,0.32,0.0,0.32,,
133.054,0.0,0.32,0.0,0.32,0.0,0.32,0.0,0.32,,
133.076,0.0,1.0,0.0,1.0,0.0,0.32,0.0,0.32,,
133.092,0.0,0.32,0.0,0.32,0.0,0.32,0.0,0.32,,
133.14,0.0,0.32,0.0,0.32,0.0,0.32,0.0,0.32,,
133.178,0.0,1.0,0.0,1.0,0.0,0.32,0.0,0.32,,
133.194,0.0,0.32,0.0,0.32,0.0,0.32,0.0,0.32,,
133.228,0.0,0.32,0.0,0.32,0.0,0.32,0.0,0.32,,
133.268,0.0,1.0,0.0,1.0,0.0,0.32,0.0,0.32,,
133.272,0.0,0.32,0.0,0.32,0.0,0.32,0.0,0.32,,
133.33,0.0,0.32,0.0,0.32,0.0,0.32,0.0,0.32,,
133.358,0.0,1.0,0.0,1.0,0.0,0.32,0.0,0.32,,
133.376,0.0,0.32,0.0,0.32,0.0,0.32,0.0,0.32,,
133.412,0.0,0.32,0.0,0.32,0.0,0.32,0.0,0.32,,
133.454,0.0,1.0,0.0,1.0,0.0,0.32,0.0,0.32,,
133.47,0.0,0.32,0.0,0.32,0.0,0.32,0.0,0.32,,
133.506,0.0,0.32,0.0,0.32,0.0,0.32,0.0,0.32,,
133.536,0.0,1.0,0.0,1.0,0.0,0.32,0.0,0.32,,
133.552,0.0,0.32,0.0,0.32,0.0,0.32,0.0,0.32,,
133.6,0.0,0.32,0.0,0.32,0.0,0.32,0.0,0.32,,
133.64,0.0,1.0,0.0,1.0,0.0,0.16,0.0,0.32,,
133.646,0.0,0.16,0.0,0.16,0.0,0.16,0.0,0.16,,
133.696,0.0,0.0,0.0,0.0,0.0,0.0,0.0,0.0,,
133.734,0.0,1.0,0.0,1.0,0.0,0.0,0.0,0.0,,
133.796,0.0,0.16,0.0,0.16,0.0,0.16,0.0,0.16,,
133.84,0.0,1.0,0.0,1.0,0.0,0.16,0.0,0.16,,
133.846,0.0,0.16,0.0,0.16,0.0,0.16,0.0,0.16,,
133.894,0.0,0.16,0.0,0.16,0.0,0.16,0.0,0.16,,
133.93,0.0,1.0,0.0,1.0,0.0,0.16,0.0,0.16,,
133.964,0.0,0.16,0.0,0.16,0.0,0.16,0.0,0.16,,
133.99,0.0,0.16,0.0,0.16,0.0,0.16,0.0,0.16,,
134.034,0.0,1.0,0.0,1.0,0.0,0.16,0.0,0.16,,
134.052,0.0,0.16,0.0,0.16,0.0,0.16,0.0,0.16,,
134.1,0.0,0.16,0.0,0.16,0.0,0.16,0.0,0.16,,
134.126,0.0,0.16,0.0,0.16,0.0,0.16,0.0,0.16,,
134.132,0.0,1.0,0.0,1.0,0.0,0.16,0.0,0.16,,
134.188,0.0,0.32,0.0,0.32,0.0,0.32,0.0,0.32,,
134.23,0.0,1.0,0.0,1.0,0.0,0.32,0.0,0.32,,
134.24,0.0,0.32,0.0,0.32,0.0,0.32,0.0,0.32,,
134.296,0.0,0.32,0.0,0.32,0.0,0.32,0.0,0.32,,
134.322,0.0,1.0,0.0,1.0,0.0,0.32,0.0,0.32,,
134.328,0.0,0.32,0.0,0.32,0.0,0.32,0.0,0.32,,
134.392,0.0,0.32,0.0,0.32,0.0,0.32,0.0,0.32,,
134.422,0.0,1.0,0.0,1.0,0.0,0.32,0.0,0.32,,
134.43,0.0,0.32,0.0,0.32,0.0,0.32,0.0,0.32,,
134.46,0.0,0.32,0.0,0.32,0.0,0.32,0.0,0.32,,
134.514,0.0,0.8913360218598081,0.0,0.8913360218598081,0.0,0.32,0.0,0.32,,
134.528,0.0,0.32,0.0,0.32,0.0,0.32,0.0,0.32,,
134.568,0.0,0.32,0.0,0.32,0.0,0.32,0.0,0.32,,
134.608,0.0,0.766187271301139,0.0,0.766187271301139,0.0,0.32,0.0,0.32,,
134.612,0.0,0.32,0.0,0.32,0.0,0.32,0.0,0.32,,
134.672,0.0,0.32,0.0,0.32,0.0,0.32,0.0,0.32,,
134.706,0.0,0.6151939105917151,0.0,0.32,0.0,0.32,0.0,0.32,,
134.708,0.0,0.32,0.0,0.32,0.0,0.32,0.0,0.32,,
134.768,0.0,0.32,0.0,0.32,0.0,0.32,0.0,0.32,,
134.792,0.0,0.4632748080711369,0.0,0.4632748080711369,0.0,0.32,0.0,0.32,,
134.814,0.0,0.32,0.0,0.32,0.0,0.32,0.0,0.32,,
134.854,0.0,0.32,0.0,0.32,0.0,0.32,0.0,0.32,,
134.896,0.0,0.4,0.0,0.4,0.0,0.32,0.0,0.32,,
134.908,0.0,0.32,0.0,0.32,0.0,0.32,0.0,0.32,,
134.954,0.0,0.32,0.0,0.32,0.0,0.32,0.0,0.32,,
134.988,0.0,0.0,0.0,0.32,0.0,0.32,0.0,0.32,,
134.988,0.0,0.32,0.0,0.32,0.0,0.32,0.0,0.32,,
135.048,0.0,0.32,0.0,0.32,0.0,0.32,0.0,0.32,,
135.096,0.0,0.32,0.0,0.32,0.0,0.32,0.0,0.32,,
135.122,0.0,0.32,0.0,0.32,0.0,0.32,0.0,0.32,,
135.178,0.0,0.16,0.0,0.16,0.0,0.16,0.0,0.16,,
135.224,0.0,0.0,0.0,0.0,0.0,0.0,0.0,0.0,,
135.286,0.0,0.0,0.0,0.0,0.0,0.0,0.0,0.0,,
135.338,0.0,0.0,0.0,0.0,0.0,0.0,0.0,0.0,,
135.438,0.0,0.0,0.0,0.0,0.0,0.0,0.0,0.0,,
135.534,0.0,0.0,0.0,0.0,0.0,0.0,0.0,0.0,,
135.63,0.0,0.0,0.0,0.0,0.0,0.0,0.0,0.0,,
135.718,0.0,0.0,0.0,0.0,0.0,0.0,0.0,0.0,,
135.818,0.0,0.0,0.0,0.0,0.0,0.0,0.0,0.0,,
135.9,0.0,0.0,0.0,0.0,0.0,0.0,0.0,0.0,,
136.004,0.0,0.0,0.0,0.0,0.0,0.0,0.0,0.0,,
136.1,0.0,0.0,0.0,0.0,0.0,0.0,0.0,0.0,,
136.176,0.0,0.0,0.0,0.0,0.0,0.0,0.0,0.0,,
136.284,0.0,0.0,0.0,0.0,0.0,0.0,0.0,0.0,,
136.326,0.0,0.0,0.0,0.0,0.0,0.0,0.0,0.0,,
