t_rel,v_nav,w_nav,v_smoothed,w_smoothed,v_cmdvel,w_cmdvel,v_gated,w_gated,v_wheel,w_wheel,cm_action,cm_polygon,x,y,yaw,v_act,w_act,scan_min,arbiter_active
0.0,,,,,,,,,,,,,-2.0,0.0,-0.0,0.0,0.0,0.9543,
0.1,0.0,0.16,0.0,0.16,0.0,0.16,,,0.0,0.16,,,-2.0,0.0004,0.0108,0.0001,0.2314,0.9547,nav
0.2,0.0,0.16,0.0,0.16,0.0,0.16,,,0.0,0.16,,,-2.0,0.0018,0.0277,0.0004,0.1676,0.9574,nav
0.3,0.0,0.16,0.0,0.16,0.0,0.16,,,0.0,0.16,,,-2.0,0.0033,0.0443,0.0006,0.1659,0.9556,nav
0.4,0.0,0.16,0.0,0.16,0.0,0.16,,,0.0,0.16,,,-2.0,0.0047,0.0612,0.0009,0.1642,0.9569,nav
0.5,0.0,0.16,0.0,0.16,0.0,0.16,,,0.0,0.16,,,-2.0,0.0061,0.0775,0.0011,0.1626,0.9595,nav
0.6,0.0,0.16,0.0,0.16,0.0,0.16,,,0.0,0.16,,,-2.0,0.0075,0.0937,0.0013,0.161,0.9616,nav
0.7,0.0,0.16,0.0,0.16,0.0,0.16,,,0.0,0.16,,,-2.0,0.0086,0.1065,0.0014,0.1597,0.9604,nav
0.8,0.0,0.32,0.0,0.32,0.0,0.32,,,0.0,0.32,,,-2.0,0.0107,0.1361,0.0032,0.3141,0.9614,nav
0.9,0.0,1.0,0.0,0.32,0.0,0.32,,,0.0,1.0,,,-2.0,0.0128,0.163,0.004,0.3091,0.9623,nav
1.0,0.0,1.0,0.0,0.32,0.0,0.32,,,0.0,1.0,,,-2.0,0.0157,0.2001,0.0046,0.3024,0.967,nav
1.1,0.0,1.0,0.0,0.32,0.0,0.32,,,0.0,1.0,,,-2.0,0.0176,0.2256,0.0049,0.298,0.967,nav
1.2,0.0,1.0,0.0,0.32,0.0,0.32,,,0.0,1.0,,,-2.0,0.0202,0.2616,0.0053,0.2918,0.9678,nav
1.3,0.0,1.0,0.0,0.32,0.0,0.32,,,0.0,1.0,,,-2.0,0.0222,0.2911,0.0056,0.2995,0.9715,nav
1.4,0.0,0.48,0.0,0.48,0.0,0.48,,,0.0,0.48,,,-2.0,0.0247,0.3331,0.0085,0.4201,0.969,nav
1.5,0.0,0.48,0.0,0.48,0.0,0.48,,,0.0,0.48,,,-2.0,0.0272,0.3748,0.0084,0.4235,0.9687,nav
1.6,0.0,0.48,0.0,0.48,0.0,0.48,,,0.0,0.48,,,-2.0001,0.0293,0.4162,0.0079,0.4399,0.9707,nav
1.7,0.0,0.48,0.0,0.48,0.0,0.48,,,0.0,0.48,,,-2.0001,0.0312,0.4562,0.0073,0.4019,0.9696,nav
1.8,0.0,0.48,0.0,0.48,0.0,0.48,,,0.0,0.48,,,-2.0001,0.0328,0.4947,0.0068,0.3816,0.9706,nav
1.9,0.0,0.48,0.0,0.48,0.0,0.48,,,0.0,0.48,,,-2.0001,0.034,0.5334,0.0057,0.3926,0.9683,nav
2.0,0.0,0.64,0.0,0.64,0.0,0.64,,,0.0,0.64,,,-2.0002,0.0349,0.5724,-0.0023,0.4417,0.9713,nav
2.1,0.0,0.8,0.0,0.8,0.0,0.8,,,0.0,0.8,,,-2.0012,0.0351,0.6215,-0.0092,0.5794,0.9682,nav
2.2,0.0,0.8,0.0,0.8,0.0,0.8,,,0.0,0.8,,,-2.0017,0.0351,0.6768,-0.0007,0.5608,0.9642,nav
2.3,0.0,0.8,0.0,0.8,0.0,0.8,,,0.0,0.8,,,-2.0021,0.0351,0.7349,-0.0062,0.5956,0.9612,nav
2.4,0.0,0.8,0.0,0.8,0.0,0.8,,,0.0,0.8,,,-2.0025,0.0351,0.7968,-0.0002,0.6267,0.9577,nav
2.5,0.0,0.8,0.0,0.8,0.0,0.8,,,0.0,0.8,,,-2.0025,0.0348,0.8575,-0.003,0.5905,0.9542,nav
2.6,0.0,1.0,0.0,0.8,0.0,0.8,,,0.0,1.0,,,-2.0025,0.0347,0.9147,0.0012,0.5557,0.9486,nav
2.7,0.0,0.8,0.0,0.8,0.0,0.8,,,0.0,0.8,,,-2.0025,0.0349,0.97,0.0022,0.5345,0.9462,nav
2.8,0.0,0.8,0.0,0.8,0.0,0.8,,,0.0,0.8,,,-2.0025,0.0352,1.0209,0.0022,0.5022,0.9414,nav
2.9,0.0,0.8,0.0,0.8,0.0,0.8,,,0.0,0.8,,,-2.0028,0.0354,1.0723,-0.0001,0.5275,0.9379,nav
3.0,0.0,0.8,0.0,0.8,0.0,0.8,,,0.0,0.8,,,-2.0036,0.0357,1.1308,-0.0025,0.6353,0.9326,nav
3.1,0.0,0.64,0.0,0.48,0.0,0.64,,,0.0,0.64,,,-2.0054,0.0357,1.1955,-0.0088,0.5939,0.9257,nav
3.2,0.0,0.48,0.0,0.48,0.0,0.48,,,0.0,0.48,,,-2.0082,0.0357,1.2476,-0.0086,0.5966,0.9259,nav
3.3,0.0,0.48,0.0,0.48,0.0,0.48,,,0.0,0.48,,,-2.0115,0.0357,1.3024,-0.0086,0.4577,0.9192,nav
3.4,0.0,0.48,0.0,0.48,0.0,0.48,,,0.0,0.48,,,-2.0147,0.0357,1.3468,-0.0074,0.4452,0.9174,nav
3.5,0.0,0.48,0.0,0.48,0.0,0.48,,,0.0,0.48,,,-2.0181,0.0357,1.392,-0.0065,0.4571,0.9125,nav
3.6,0.0,0.48,0.0,0.48,0.0,0.48,,,0.0,0.48,,,-2.0219,0.0357,1.4398,-0.0052,0.4702,0.9105,nav
3.7,0.0,0.48,0.0,0.48,0.0,0.48,,,0.0,0.48,,,-2.026,0.0357,1.488,-0.0036,0.484,0.9084,nav
3.8,0.0,0.48,0.0,0.48,0.0,0.48,,,0.0,0.48,,,-2.0294,0.0357,1.5276,-0.0021,0.4959,0.9046,nav
3.9,0.0,0.48,0.0,0.48,0.0,0.48,,,0.0,0.48,,,-2.0348,0.0357,1.5887,0.0006,0.5072,0.9058,nav
4.0,0.0,0.48,0.0,0.48,0.0,0.48,,,0.0,0.48,,,-2.0392,0.0357,1.6389,0.0027,0.4916,0.9519,nav
4.1,0.0,0.48,0.0,0.48,0.0,0.48,,,0.0,0.48,,,-2.0434,0.0357,1.6888,0.0045,0.4769,1.0431,nav
4.2,0.0,0.32,0.0,0.32,0.0,0.32,,,0.0,0.32,,,-2.0466,0.0357,1.7282,0.0057,0.4657,1.1574,nav
4.3,0.0,0.0,0.0,0.0,0.0,0.0,,,0.0,0.0,,,-2.0495,0.0357,1.7657,0.0025,0.1777,1.1741,nav
4.4,0.0,0.16,0.0,0.16,0.0,0.16,,,0.0,0.16,,,-2.0503,0.0357,1.7789,0.0027,0.2415,1.1711,nav
4.5,0.0,1.0,0.0,0.32,0.0,0.32,,,0.0,1.0,,,-2.0522,0.0357,1.8074,0.005,0.2961,1.1744,nav
4.6,0.0,0.32,0.0,0.32,0.0,0.32,,,0.0,0.32,,,-2.0539,0.0357,1.8323,0.0053,0.2918,1.1725,nav
4.7,0.0,0.32,0.0,0.32,0.0,0.32,,,0.0,0.32,,,-2.0564,0.0357,1.869,0.0058,0.3333,1.1724,nav
4.8,0.0,0.32,0.0,0.32,0.0,0.32,,,0.0,0.32,,,-2.0579,0.0357,1.892,0.0056,0.2818,1.1795,nav
4.9,0.0,0.32,0.0,0.32,0.0,0.32,,,0.0,0.32,,,-2.0599,0.0357,1.9257,0.0057,0.2763,1.1767,nav
5.0,0.0,0.32,0.0,0.32,0.0,0.32,,,0.0,0.32,,,-2.0615,0.0357,1.9534,0.0056,0.2721,1.1792,nav
5.1,0.0,0.32,0.0,0.32,0.0,0.32,,,0.0,0.32,,,-2.0629,0.0357,1.9808,0.0056,0.2743,1.1803,nav
5.2,0.0,0.32,0.0,0.32,0.0,0.32,,,0.0,0.32,,,-2.0642,0.0357,2.0072,0.0052,0.2633,1.1752,nav
5.3,0.0,1.0,0.0,0.48,0.0,0.32,,,0.0,1.0,,,-2.0654,0.0356,2.0359,0.0036,0.3507,1.1767,nav
5.4,0.0,0.48,0.0,0.48,0.0,0.48,,,0.0,0.48,,,-2.0669,0.0355,2.0744,0.0066,0.3795,1.1737,nav
5.5,0.0,0.64,0.0,0.64,0.0,0.64,,,0.0,0.64,,,-2.068,0.0354,2.1146,-0.0004,0.464,1.174,nav
5.6,0.0,0.64,0.0,0.64,0.0,0.64,,,0.0,0.64,,,-2.0687,0.0348,2.1608,-0.0019,0.4458,1.1714,nav
5.7,0.0,0.64,0.0,0.64,0.0,0.64,,,0.0,0.64,,,-2.0689,0.0341,2.204,-0.0052,0.428,1.1722,nav
5.8,0.0,0.64,0.0,0.64,0.0,0.64,,,0.0,0.64,,,-2.0689,0.0338,2.2482,-0.0004,0.4496,1.1683,nav
5.9,0.0,0.64,0.0,0.64,0.0,0.64,,,0.0,0.64,,,-2.0689,0.0335,2.2944,-0.0042,0.4718,1.1698,nav
6.0,0.0,0.64,0.0,0.64,0.0,0.64,,,0.0,0.64,,,-2.0689,0.033,2.3441,-0.0016,0.4953,1.1619,nav
6.1,0.0,0.64,0.0,0.64,0.0,0.64,,,0.0,0.64,,,-2.0688,0.033,2.3949,-0.0018,0.4878,1.1586,nav
6.2,0.0,0.64,0.0,0.64,0.0,0.64,,,0.0,0.64,,,-2.0683,0.033,2.4426,-0.0028,0.4649,1.1562,nav
6.3,0.0,0.64,0.0,0.64,0.0,0.64,,,0.0,0.64,,,-2.0683,0.033,2.488,0.0015,0.4428,1.1488,nav
6.4,0.0,0.64,0.0,0.64,0.0,0.64,,,0.0,0.64,,,-2.0686,0.033,2.5316,0.0022,0.4212,1.1462,nav
6.5,0.0,1.0,0.0,0.48,0.0,0.64,,,0.0,1.0,,,-2.0689,0.0329,2.5733,0.0019,0.4048,1.1429,nav
6.6,0.0,1.0,0.0,0.16,0.0,0.32,,,0.0,1.0,,,-2.069,0.0326,2.611,-0.0037,0.3113,1.1377,nav
6.7,0.0,1.0,0.0,0.0,0.0,0.0,,,0.0,1.0,,,-2.069,0.0322,2.6224,0.0,0.0,1.1368,nav
6.8,0.0,1.0,0.0,0.16,0.0,0.16,,,0.0,1.0,,,-2.069,0.0321,2.6333,-0.002,0.1257,1.1368,nav
6.9,0.0,0.16,0.0,0.16,0.0,0.16,,,0.0,0.16,,,-2.0691,0.0316,2.6461,-0.0022,0.1267,1.1331,nav
7.0,0.0,1.0,0.0,0.16,0.0,0.16,,,0.0,1.0,,,-2.0691,0.0312,2.6593,-0.0023,0.1277,1.135,nav
7.1,0.0,0.32,0.0,0.32,0.0,0.32,,,0.0,0.32,,,-2.0691,0.0304,2.6822,-0.0049,0.2588,1.1333,nav
7.2,0.0,1.0,0.0,0.32,0.0,0.32,,,0.0,1.0,,,-2.0691,0.0292,2.7088,-0.0052,0.2629,1.1331,nav
7.3,0.0,1.0,0.0,0.32,0.0,0.32,,,0.0,1.0,,,-2.0691,0.0282,2.7302,-0.0054,0.2663,1.1285,nav
7.4,0.0,0.32,0.0,0.32,0.0,0.32,,,0.0,0.32,,,-2.0691,0.0264,2.7655,-0.0055,0.2851,1.1288,nav
7.5,0.0,0.32,0.0,0.32,0.0,0.32,,,0.0,0.32,,,-2.0691,0.0251,2.7874,-0.0056,0.2754,1.1243,nav
7.6,0.0,0.32,0.0,0.32,0.0,0.32,,,0.0,0.32,,,-2.0691,0.0231,2.822,-0.0054,0.3194,1.1227,nav
7.7,0.0,0.32,0.0,0.32,0.0,0.32,,,0.0,0.32,,,-2.0691,0.0216,2.8447,-0.0055,0.2848,1.1248,nav
7.8,0.0,0.32,0.0,0.32,0.0,0.32,,,0.0,0.32,,,-2.0691,0.0191,2.882,-0.0057,0.3374,1.1173,nav
7.9,0.0,0.32,0.0,0.32,0.0,0.32,,,0.0,0.32,,,-2.0691,0.017,2.9117,-0.0051,0.3124,1.1151,nav
8.0,0.0,0.32,0.0,0.32,0.0,0.32,,,0.0,0.32,,,-2.0691,0.0147,2.942,-0.0047,0.3022,1.1127,nav
8.1,0.0,0.0,0.0,0.0,0.0,0.0,,,0.0,0.0,,,-2.0691,0.0129,2.9655,-0.0021,0.1516,1.1135,nav
8.2,0.0,1.0,0.0,0.0,0.0,0.0,,,0.0,1.0,,,-2.0691,0.0127,2.97,-0.0005,0.1073,1.1118,nav
8.3,0.0,0.16,0.0,0.16,0.0,0.16,,,0.0,0.16,,,-2.0691,0.0116,2.9905,-0.002,0.164,1.1095,nav
8.4,0.0,0.16,0.0,0.16,0.0,0.16,,,0.0,0.16,,,-2.0691,0.0103,3.0067,-0.0019,0.1653,1.1101,nav
8.5,0.0,0.16,0.0,0.16,0.0,0.16,,,0.0,0.16,,,-2.0691,0.009,3.0229,-0.0016,0.1594,1.1069,nav
8.6,0.0,1.0,0.0,0.32,0.0,0.16,,,0.0,1.0,,,-2.0691,0.0075,3.044,-0.0018,0.3364,1.1095,nav
8.7,0.0,0.32,0.0,0.32,0.0,0.32,,,0.0,0.32,,,-2.0691,0.005,3.0803,-0.0018,0.3273,1.1248,nav
8.8,0.0,1.0,0.0,0.48,0.0,0.32,,,0.0,1.0,,,-2.0691,0.002,3.119,-0.001,0.5192,1.1761,nav
8.9,0.0,0.48,0.0,0.48,0.0,0.48,,,0.0,0.48,,,-2.0691,-0.0022,-3.1122,0.0011,0.5036,1.2614,nav
9.0,0.0,0.48,0.0,0.48,0.0,0.48,,,0.0,0.48,,,-2.0691,-0.0066,-3.0619,0.0032,0.4881,1.3734,nav
9.1,0.0,0.64,0.0,0.64,0.0,0.64,,,0.0,0.64,,,-2.0691,-0.0109,-3.0066,0.0062,0.6489,1.0661,nav
9.2,0.0,0.64,0.0,0.64,0.0,0.64,,,0.0,0.64,,,-2.0691,-0.0159,-2.9447,0.009,0.6072,0.9757,nav
9.3,0.0,0.64,0.0,0.64,0.0,0.64,,,0.0,0.64,,,-2.0691,-0.0203,-2.8843,0.0105,0.5861,0.901,nav
9.4,0.0,0.64,0.0,0.64,0.0,0.64,,,0.0,0.64,,,-2.0691,-0.0242,-2.8269,0.0112,0.5667,0.8419,nav
9.5,0.0,0.64,0.0,0.64,0.0,0.64,,,0.0,0.64,,,-2.0691,-0.0276,-2.7704,0.0113,0.5483,0.7938,nav
9.6,0.0,0.64,0.0,0.64,0.0,0.64,,,0.0,0.64,,,-2.0691,-0.0304,-2.7155,0.0107,0.5307,0.7541,nav
9.7,0.0,0.64,0.0,0.64,0.0,0.64,,,0.0,0.64,,,-2.0691,-0.0328,-2.6625,0.0096,0.5141,0.7305,nav
9.8,0.0,1.0,0.0,0.64,0.0,0.64,,,0.0,1.0,,,-2.0691,-0.0346,-2.6119,0.008,0.4983,0.7291,nav
9.9,0.0,1.0,0.0,0.64,0.0,0.64,,,0.0,1.0,,,-2.0691,-0.0358,-2.563,0.0055,0.4815,0.7314,nav
10.0,0.0,1.0,0.0,0.64,0.0,0.64,,,0.0,1.0,,,-2.0689,-0.0365,-2.5169,-0.0016,0.4449,0.7311,nav
10.1,0.0,1.0,0.0,0.32,0.0,0.48,,,0.0,1.0,,,-2.0685,-0.0365,-2.4738,-0.0006,0.4064,0.7335,nav
10.2,0.0,1.0,0.0,0.0,0.0,0.0,,,0.0,1.0,,,-2.0684,-0.0365,-2.4388,-0.0013,0.2459,0.7367,nav
10.3,0.0,1.0,0.0,0.0,0.0,0.0,,,0.0,1.0,,,-2.0682,-0.0365,-2.4253,-0.0002,0.0265,0.7403,nav
10.4,0.0,1.0,0.0,0.16,0.0,0.16,,,0.0,1.0,,,-2.0681,-0.0365,-2.4142,-0.0012,0.136,0.7372,nav
10.5,0.0,0.16,0.0,0.16,0.0,0.16,,,0.0,0.16,,,-2.0679,-0.0365,-2.4002,-0.0012,0.1349,0.7376,nav
10.6,0.0,0.16,0.0,0.16,0.0,0.16,,,0.0,0.16,,,-2.0678,-0.0365,-2.3881,-0.0008,0.122,0.7381,nav
10.7,0.0,1.0,0.0,0.16,0.0,0.16,,,0.0,1.0,,,-2.0677,-0.0365,-2.3752,-0.0006,0.1555,0.7395,nav
10.8,0.0,0.16,0.0,0.16,0.0,0.16,,,0.0,0.16,,,-2.0677,-0.0365,-2.3594,-0.0002,0.1702,0.7408,nav
10.9,0.0,0.16,0.0,0.16,0.0,0.16,,,0.0,0.16,,,-2.0677,-0.0365,-2.3452,-0.0003,0.1858,0.7424,nav
11.0,0.0,0.16,0.0,0.16,0.0,0.16,,,0.0,0.16,,,-2.0677,-0.0364,-2.3346,-0.0005,0.1235,0.7446,nav
11.1,0.0,0.16,0.0,0.16,0.0,0.16,,,0.0,0.16,,,-2.0677,-0.0363,-2.3178,-0.0005,0.1585,0.7461,nav
11.2,0.0,0.16,0.0,0.16,0.0,0.16,,,0.0,0.16,,,-2.0677,-0.0362,-2.3049,-0.0012,0.1634,0.7465,nav
11.3,0.0,0.16,0.0,0.16,0.0,0.16,,,0.0,0.16,,,-2.0677,-0.036,-2.2924,-0.0012,0.1185,0.7475,nav
11.4,0.0,1.0,0.0,0.16,0.0,0.0,,,0.0,1.0,,,-2.0677,-0.0359,-2.2853,-0.0001,0.0725,0.7468,nav
11.5,0.0,0.16,0.0,0.16,0.0,0.16,,,0.0,0.16,,,-2.0677,-0.0358,-2.2738,-0.0007,0.1162,0.7477,nav
11.6,0.0,0.16,0.0,0.16,0.0,0.16,,,0.0,0.16,,,-2.0677,-0.0358,-2.2611,-0.0004,0.1319,0.7494,nav
11.7,0.0,0.16,0.0,0.16,0.0,0.16,,,0.0,0.16,,,-2.0677,-0.0357,-2.2495,-0.0001,0.1133,0.7512,nav
11.8,0.0,0.16,0.0,0.16,0.0,0.16,,,0.0,0.16,,,-2.0677,-0.0357,-2.238,0.0002,0.1119,0.7526,nav
11.9,0.0,1.0,0.0,0.32,0.0,0.16,,,0.0,1.0,,,-2.0677,-0.0358,-2.2228,0.0012,0.2342,0.7518,nav
12.0,0.0,0.32,0.0,0.32,0.0,0.32,,,0.0,0.32,,,-2.0676,-0.036,-2.1996,0.0016,0.2157,0.7538,nav
12.1,0.0,0.32,0.0,0.32,0.0,0.32,,,0.0,0.32,,,-2.0676,-0.0362,-2.1784,0.0023,0.2094,0.7599,nav
12.2,0.0,0.32,0.0,0.32,0.0,0.32,,,0.0,0.32,,,-2.0675,-0.0365,-2.1561,0.0005,0.2247,0.758,nav
12.3,0.0,0.32,0.0,0.32,0.0,0.32,,,0.0,0.32,,,-2.0672,-0.0366,-2.1329,-0.0016,0.2358,0.762,nav
12.4,0.0,0.32,0.0,0.32,0.0,0.32,,,0.0,0.32,,,-2.0666,-0.0367,-2.1079,-0.0037,0.2468,0.7616,nav
12.5,0.0,1.0,0.0,0.32,0.0,0.32,,,0.0,0.32,,,-2.0658,-0.0367,-2.0822,-0.0042,0.2507,0.7648,nav
12.6,0.0,1.0,0.0,0.32,0.0,0.32,,,0.0,1.0,,,-2.0649,-0.0367,-2.0566,-0.0046,0.2547,0.7676,nav
12.7,0.0,1.0,0.0,0.32,0.0,0.32,,,0.0,1.0,,,-2.0638,-0.0367,-2.0309,-0.0049,0.2587,0.7703,nav
12.8,0.0,1.0,0.0,0.32,0.0,0.32,,,0.0,1.0,,,-2.0627,-0.0367,-2.0037,-0.0052,0.2629,0.7717,nav
12.9,0.0,1.0,0.0,0.16,0.0,0.32,,,0.0,1.0,,,-2.0613,-0.0367,-1.976,-0.0054,0.2673,0.7724,nav
13.0,0.0,1.0,0.0,0.0,0.0,0.0,,,0.0,1.0,,,-2.0605,-0.0367,-1.9604,-0.0004,0.0204,0.7783,nav
13.1,0.0,1.0,0.0,0.16,0.0,0.16,,,0.0,1.0,,,-2.06,-0.0367,-1.949,-0.0028,0.1359,0.777,nav
13.2,0.0,1.0,0.0,0.16,0.0,0.16,,,0.0,1.0,,,-2.0592,-0.0367,-1.9351,-0.0028,0.137,0.7771,nav
13.3,0.0,0.16,0.0,0.16,0.0,0.16,,,0.0,0.16,,,-2.0584,-0.0367,-1.9196,-0.0033,0.1603,0.7768,nav
13.4,0.0,0.16,0.0,0.16,0.0,0.16,,,0.0,0.16,,,-2.0575,-0.0367,-1.9049,-0.0028,0.1395,0.7802,nav
13.5,0.0,0.16,0.0,0.16,0.0,0.16,,,0.0,0.16,,,-2.0566,-0.0367,-1.8906,-0.0028,0.1406,0.7792,nav
13.6,0.0,0.16,0.0,0.16,0.0,0.16,,,0.0,0.16,,,-2.0557,-0.0367,-1.8762,-0.0028,0.1418,0.7829,nav
13.7,0.0,0.16,0.0,0.16,0.0,0.16,,,0.0,0.16,,,-2.0547,-0.0367,-1.8617,-0.0028,0.143,0.7813,nav
13.8,0.0,0.16,0.0,0.16,0.0,0.16,,,0.0,0.16,,,-2.0538,-0.0367,-1.847,-0.0027,0.1442,0.7844,nav
13.9,0.0,0.16,0.0,0.16,0.0,0.16,,,0.0,0.16,,,-2.0527,-0.0367,-1.8321,-0.0027,0.1455,0.7872,nav
14.0,0.0,0.16,0.0,0.16,0.0,0.16,,,0.0,0.16,,,-2.0517,-0.0367,-1.8171,-0.0026,0.1468,0.7852,nav
14.1,0.0,0.0,0.0,0.0,0.0,0.0,,,0.0,0.0,,,-2.051,-0.0367,-1.8081,-0.0005,0.0274,0.7874,nav
14.2,0.0,0.16,0.0,0.16,0.0,0.16,,,0.0,0.16,,,-2.0507,-0.0367,-1.8001,-0.002,0.1482,0.7868,nav
14.3,0.0,0.16,0.0,0.16,0.0,0.16,,,0.0,0.16,,,-2.0495,-0.0367,-1.7835,-0.0024,0.1497,0.7876,nav
14.4,0.0,0.16,0.0,0.16,0.0,0.16,,,0.0,0.16,,,-2.0483,-0.0367,-1.7681,-0.0023,0.151,0.7886,nav
14.5,0.0,1.0,0.0,0.16,0.0,0.16,,,0.0,1.0,,,-2.0471,-0.0367,-1.7526,-0.0022,0.1524,0.7897,nav
14.6,0.0,1.0,0.0,0.16,0.0,0.16,,,0.0,1.0,,,-2.0459,-0.0367,-1.7364,-0.002,0.1539,0.7911,nav
14.7,0.0,1.0,0.0,0.16,0.0,0.16,,,0.0,1.0,,,-2.0446,-0.0367,-1.7194,-0.0019,0.1554,0.7936,nav
14.8,0.0,1.0,0.0,0.16,0.0,0.16,,,0.0,1.0,,,-2.0433,-0.0367,-1.7026,-0.0017,0.157,0.7931,nav
14.9,0.0,1.0,0.0,0.16,0.0,0.16,,,0.0,1.0,,,-2.0418,-0.0367,-1.685,-0.0015,0.1587,0.7975,nav
15.0,0.0,1.0,0.0,0.16,0.0,0.16,,,0.0,1.0,,,-2.0405,-0.0367,-1.6688,-0.0013,0.1602,0.7963,nav
15.1,0.0,1.0,0.0,0.16,0.0,0.16,,,0.0,1.0,,,-2.039,-0.0367,-1.6504,-0.0012,0.1772,0.7997,nav
15.2,0.0,1.0,0.0,0.0,0.0,0.0,,,0.0,1.0,,,-2.0373,-0.0367,-1.6276,-0.001,0.2434,0.7988,nav
15.3,0.0,0.16,0.0,0.16,0.0,0.16,,,0.0,0.16,,,-2.035,-0.0367,-1.5925,-0.0006,0.2998,0.8031,nav
15.4,0.0,1.0,0.0,0.32,0.0,0.16,,,0.0,1.0,,,-2.0333,-0.0367,-1.5705,-0.0001,0.3151,0.8039,nav
15.5,0.0,0.32,0.0,0.32,0.0,0.32,,,0.0,0.32,,,-2.0305,-0.0367,-1.5364,0.0009,0.3343,0.8075,nav
15.6,0.0,0.32,0.0,0.32,0.0,0.32,,,0.0,0.32,,,-2.0277,-0.0367,-1.5034,0.0018,0.3275,0.8102,nav
15.7,0.0,0.32,0.0,0.32,0.0,0.32,,,0.0,0.32,,,-2.0248,-0.0367,-1.4694,0.0027,0.3208,0.8131,nav
15.8,0.0,0.32,0.0,0.32,0.0,0.32,,,0.0,0.32,,,-2.0221,-0.0367,-1.4373,0.0034,0.3146,0.8159,nav
15.9,0.0,0.32,0.0,0.32,0.0,0.32,,,0.0,0.32,,,-2.0196,-0.0367,-1.4058,0.004,0.3088,0.818,nav
16.0,0.0,0.32,0.0,0.32,0.0,0.32,,,0.0,0.32,,,-2.0171,-0.0367,-1.3737,0.0045,0.303,0.8211,nav
16.1,0.0,1.0,0.0,0.32,0.0,0.32,,,0.0,1.0,,,-2.0149,-0.0367,-1.3431,0.0049,0.2976,0.8201,nav
16.2,0.0,1.0,0.0,0.32,0.0,0.32,,,0.0,1.0,,,-2.0127,-0.0367,-1.3123,0.0053,0.2923,0.8227,nav
16.3,0.0,0.32,0.0,0.32,0.0,0.32,,,0.0,0.32,,,-2.0106,-0.0367,-1.2826,0.0054,0.3068,0.8258,nav
16.4,0.0,0.16,0.0,0.16,0.0,0.16,,,0.0,0.16,,,-2.0088,-0.0367,-1.2537,0.0056,0.2979,0.8309,nav
16.5,0.0,1.0,0.0,0.0,0.0,0.0,,,0.0,1.0,,,-2.0081,-0.0367,-1.2431,0.0,0.0346,0.8323,nav
16.6,0.0,0.16,0.0,0.16,0.0,0.16,,,0.0,0.16,,,-2.0074,-0.0367,-1.2277,0.0028,0.1539,0.8312,nav
16.7,0.0,0.16,0.0,0.16,0.0,0.16,,,0.0,0.16,,,-2.0066,-0.0367,-1.2134,0.0024,0.1595,0.8325,nav
16.8,0.0,0.16,0.0,0.16,0.0,0.16,,,0.0,0.16,,,-2.0057,-0.0367,-1.1969,0.0029,0.1806,0.8369,nav
16.9,0.0,1.0,0.0,0.16,0.0,0.16,,,0.0,1.0,,,-2.0049,-0.0366,-1.1823,0.0024,0.1616,0.8344,nav
17.0,0.0,0.32,0.0,0.32,0.0,0.32,,,0.0,0.32,,,-2.0036,-0.0366,-1.1557,0.0054,0.2668,0.8369,nav
17.1,0.0,0.32,0.0,0.32,0.0,0.32,,,0.0,0.32,,,-2.0024,-0.0366,-1.1293,0.0052,0.2625,0.8396,nav
17.2,0.0,0.32,0.0,0.32,0.0,0.32,,,0.0,0.32,,,-2.0012,-0.0366,-1.103,0.0049,0.2585,0.8444,nav
17.3,0.0,0.32,0.0,0.32,0.0,0.32,,,0.0,0.32,,,-2.0002,-0.0366,-1.0772,0.0045,0.2543,0.8447,nav
17.4,0.0,0.32,0.0,0.32,0.0,0.32,,,0.0,0.32,,,-1.9995,-0.0366,-1.0566,0.0043,0.2574,0.8477,nav
17.5,0.0,0.32,0.0,0.32,0.0,0.32,,,0.0,0.32,,,-1.9986,-0.0366,-1.0268,0.0036,0.2465,0.854,nav
17.6,0.0,0.32,0.0,0.32,0.0,0.32,,,0.0,0.32,,,-1.998,-0.0366,-1.0018,0.0031,0.2427,0.8527,nav
17.7,0.0,0.32,0.0,0.32,0.0,0.32,,,0.0,0.32,,,-1.9975,-0.0365,-0.9776,0.0023,0.2379,0.8564,nav
17.8,0.0,0.32,0.0,0.32,0.0,0.32,,,0.0,0.32,,,-1.9972,-0.0364,-0.955,-0.0011,0.2214,0.8588,nav
17.9,0.0,0.32,0.0,0.16,0.0,0.32,,,0.0,0.32,,,-1.9972,-0.0361,-0.9335,-0.0022,0.2156,0.8596,nav
18.0,0.0,0.0,0.0,0.0,0.0,0.0,,,0.0,0.0,,,-1.9972,-0.036,-0.9198,0.0,0.0424,0.8628,nav
18.1,0.0,0.0,0.0,0.0,0.0,0.0,,,0.0,0.0,,,-1.9972,-0.036,-0.9196,0.0,0.0,0.8647,nav
18.2,0.0,0.0,0.0,0.0,0.0,0.0,,,0.0,0.0,,,-1.9972,-0.036,-0.9196,0.0,0.0,0.8647,nav
18.3,0.0,0.0,0.0,0.0,0.0,0.0,,,0.0,0.0,,,-1.9972,-0.036,-0.9196,0.0,0.0,0.8647,nav
18.4,0.0,0.0,0.0,0.0,0.0,0.0,,,0.0,0.0,,,-1.9972,-0.036,-0.9196,0.0,0.0,0.8647,nav
18.5,0.0,0.0,0.0,0.0,0.0,0.0,,,0.0,0.0,,,-1.9972,-0.036,-0.9196,0.0,0.0,0.8647,nav
18.6,0.0,0.0,0.0,0.0,0.0,0.0,,,0.0,0.0,,,-1.9972,-0.036,-0.9196,0.0,0.0,0.8647,nav
18.7,0.0,0.0,0.0,0.0,0.0,0.0,,,0.0,0.0,,,-1.9972,-0.036,-0.9196,0.0,0.0,0.8647,none
18.8,0.0,0.0,0.0,0.0,0.0,0.0,,,0.0,0.0,,,-1.9972,-0.036,-0.9196,0.0,0.0,0.8647,none
18.9,0.0,0.0,0.0,0.0,0.0,0.0,,,0.0,0.0,,,-1.9972,-0.036,-0.9196,0.0,0.0,0.8647,none
19.0,0.0,0.0,0.0,0.0,0.0,0.0,,,0.0,0.0,,,-1.9972,-0.036,-0.9196,0.0,0.0,0.8647,none
19.1,0.0,0.0,0.0,0.0,0.0,0.0,,,0.0,0.0,,,-1.9972,-0.036,-0.9196,0.0,0.0,0.8647,none
19.2,0.0,0.0,0.0,0.0,0.0,0.0,,,0.0,0.0,,,-1.9972,-0.036,-0.9196,0.0,0.0,0.8647,none
19.3,0.0,0.0,0.0,0.0,0.0,0.0,,,0.0,0.0,,,-1.9972,-0.036,-0.9196,0.0,0.0,0.8647,none
19.4,0.0,0.0,0.0,0.0,0.0,0.0,,,0.0,0.0,,,-1.9972,-0.036,-0.9196,0.0,0.0,0.8647,none
19.5,0.0,0.0,0.0,0.0,0.0,0.0,,,0.0,0.0,,,-1.9972,-0.036,-0.9196,0.0,0.0,0.8647,none
19.6,0.0,0.0,0.0,0.0,0.0,0.0,,,0.0,0.0,,,-1.9972,-0.036,-0.9196,0.0,0.0,0.8647,none
