t_sim,mission_state,amcl_map_x,amcl_map_y,amcl_yaw,amcl_age_s,gt_world_x,gt_world_y,gt_yaw,amcl_world_x,err_m
115.87,IDLE,0.0,0.0,0.0,0.13,-2.0003,0.0,0.0,-2.0,0.0003
115.912,IDLE,0.0,0.0,0.0,0.17,-2.0003,0.0,0.0,-2.0,0.0003
115.96,IDLE,0.0,0.0,0.0,0.22,-2.0003,0.0,0.0,-2.0,0.0003
116.004,IDLE,0.0,0.0,0.0,0.26,-2.0003,0.0,0.0,-2.0,0.0003
116.046,IDLE,0.0,0.0,0.0,0.31,-2.0003,0.0,0.0,-2.0,0.0003
116.092,IDLE,0.0,0.0,0.0,0.35,-2.0003,0.0,0.0,-2.0,0.0003
116.13,IDLE,0.0,0.0,0.0,0.39,-2.0003,0.0,0.0,-2.0,0.0003
116.182,IDLE,0.0,0.0,0.0,0.44,-2.0003,0.0,0.0,-2.0,0.0003
116.234,IDLE,0.0,0.0,0.0,0.49,-2.0003,0.0,0.0,-2.0,0.0003
116.286,IDLE,0.0,0.0,0.0,0.55,-2.0003,0.0,0.0,-2.0,0.0003
116.332,IDLE,0.0,0.0,0.0,0.59,-2.0003,0.0,0.0,-2.0,0.0003
116.384,IDLE,0.0,0.0,0.0,0.64,-2.0003,0.0,0.0,-2.0,0.0003
116.434,IDLE,0.0,0.0,0.0,0.69,-2.0003,0.0,0.0,-2.0,0.0003
116.462,IDLE,0.0,0.0,0.0,0.72,-2.0003,0.0,0.0,-2.0,0.0003
116.5,IDLE,0.0,0.0,0.0,0.76,-2.0003,0.0,0.0,-2.0,0.0003
116.556,IDLE,0.0,0.0,0.0,0.82,-2.0003,0.0,0.0,-2.0,0.0003
116.612,IDLE,0.0,0.0,0.0,0.87,-2.0003,0.0,0.0,-2.0,0.0003
116.66,IDLE,0.0,0.0,0.0,0.92,-2.0003,0.0,0.0,-2.0,0.0003
116.7,IDLE,0.0,0.0,0.0,0.96,-2.0003,0.0,0.0,-2.0,0.0003
116.742,IDLE,0.0,0.0,0.0,1.0,-2.0003,0.0,0.0,-2.0,0.0003
116.8,IDLE,0.0,0.0,0.0,1.06,-2.0003,0.0,0.0,-2.0,0.0003
116.858,IDLE,0.0,0.0,0.0,1.12,-2.0003,0.0,0.0,-2.0,0.0003
116.908,IDLE,0.0,0.0,0.0,1.17,-2.0003,0.0,0.0,-2.0,0.0003
116.964,IDLE,0.0,0.0,0.0,1.22,-2.0003,0.0,0.0,-2.0,0.0003
117.018,IDLE,0.0,0.0,0.0,1.28,-2.0003,0.0,0.0,-2.0,0.0003
117.07,IDLE,0.0,0.0,0.0,1.33,-2.0003,0.0,0.0,-2.0,0.0003
117.118,IDLE,0.0,0.0,0.0,1.38,-2.0003,0.0,0.0,-2.0,0.0003
117.172,IDLE,0.0,0.0,0.0,1.43,-2.0003,0.0,0.0,-2.0,0.0003
117.23,IDLE,0.0,0.0,0.0,1.49,-2.0003,0.0,0.0,-2.0,0.0003
117.28,IDLE,0.0,0.0,0.0,1.54,-2.0003,0.0,0.0,-2.0,0.0003
117.332,IDLE,0.0,0.0,0.0,1.59,-2.0003,0.0,0.0,-2.0,0.0003
117.39,IDLE,0.0,0.0,0.0,1.65,-2.0003,0.0,0.0,-2.0,0.0003
117.442,IDLE,0.0,0.0,0.0,1.7,-2.0003,0.0,0.0,-2.0,0.0003
117.488,IDLE,0.0,0.0,0.0,1.75,-2.0003,0.0,0.0,-2.0,0.0003
117.536,IDLE,0.0,0.0,0.0,1.8,-2.0003,0.0,0.0,-2.0,0.0003
117.59,IDLE,0.0,0.0,0.0,1.85,-2.0003,0.0,0.0,-2.0,0.0003
117.648,IDLE,0.0,0.0,0.0,1.91,-2.0003,0.0,0.0,-2.0,0.0003
117.702,IDLE,0.0,0.0,0.0,1.96,-2.0003,0.0,0.0,-2.0,0.0003
117.758,IDLE,0.0,0.0,0.0,2.02,-2.0003,0.0,0.0,-2.0,0.0003
117.81,IDLE,0.0,0.0,0.0,2.07,-2.0003,0.0,0.0,-2.0,0.0003
117.862,IDLE,0.0,0.0,0.0,2.12,-2.0003,0.0,0.0,-2.0,0.0003
117.918,IDLE,0.0,0.0,0.0,2.18,-2.0003,0.0,0.0,-2.0,0.0003
117.98,IDLE,0.0,0.0,0.0,2.24,-2.0003,0.0,0.0,-2.0,0.0003
118.032,IDLE,0.0,0.0,0.0,2.29,-2.0003,0.0,0.0,-2.0,0.0003
118.092,IDLE,0.0,0.0,0.0,2.35,-2.0003,0.0,0.0,-2.0,0.0003
118.146,IDLE,0.0,0.0,0.0,2.41,-2.0003,0.0,0.0,-2.0,0.0003
118.206,IDLE,0.0,0.0,0.0,2.47,-2.0003,0.0,0.0,-2.0,0.0003
118.262,IDLE,0.0,0.0,0.0,2.52,-2.0003,0.0,0.0,-2.0,0.0003
118.32,IDLE,0.0,0.0,0.0,2.58,-2.0003,0.0,0.0,-2.0,0.0003
118.378,IDLE,0.0,0.0,0.0,2.64,-2.0003,0.0,0.0,-2.0,0.0003
118.426,IDLE,0.0,0.0,0.0,2.69,-2.0003,0.0,0.0,-2.0,0.0003
118.484,IDLE,0.0,0.0,0.0,2.74,-2.0003,0.0,0.0,-2.0,0.0003
118.54,IDLE,0.0,0.0,0.0,2.8,-2.0003,0.0,0.0,-2.0,0.0003
118.6,IDLE,0.0,0.0,0.0,2.86,-2.0003,0.0,0.0,-2.0,0.0003
118.656,IDLE,0.0,0.0,0.0,2.92,-2.0003,0.0,0.0,-2.0,0.0003
118.71,IDLE,0.0,0.0,0.0,2.97,-2.0003,0.0,0.0,-2.0,0.0003
118.768,IDLE,0.0,0.0,0.0,3.03,-2.0003,0.0,0.0,-2.0,0.0003
118.824,IDLE,0.0,0.0,0.0,3.08,-2.0003,0.0,0.0,-2.0,0.0003
118.88,IDLE,0.0,0.0,0.0,3.14,-2.0003,0.0,0.0,-2.0,0.0003
118.934,IDLE,0.0,0.0,0.0,3.19,-2.0003,0.0,0.0,-2.0,0.0003
118.992,IDLE,0.0,0.0,0.0,3.25,-2.0003,0.0,0.0,-2.0,0.0003
119.04,IDLE,0.0,0.0,0.0,3.3,-2.0003,0.0,0.0,-2.0,0.0003
119.096,IDLE,0.0,0.0,0.0,3.36,-2.0003,0.0,0.0,-2.0,0.0003
119.14,IDLE,0.0,0.0,0.0,3.4,-2.0003,0.0,0.0,-2.0,0.0003
119.176,IDLE,0.0,0.0,0.0,3.44,-2.0003,0.0,0.0,-2.0,0.0003
119.216,IDLE,0.0,0.0,0.0,3.48,-2.0003,0.0,0.0,-2.0,0.0003
119.264,IDLE,0.0,0.0,0.0,3.52,-2.0003,0.0,0.0,-2.0,0.0003
119.318,IDLE,0.0,0.0,0.0,3.58,-2.0003,0.0,0.0,-2.0,0.0003
119.366,IDLE,0.0,0.0,0.0,3.63,-2.0003,0.0,0.0,-2.0,0.0003
119.4,IDLE,0.0,0.0,0.0,3.66,-2.0003,0.0,0.0,-2.0,0.0003
119.454,IDLE,0.0,0.0,0.0,3.71,-2.0003,0.0,0.0,-2.0,0.0003
119.514,IDLE,0.0,0.0,0.0,3.77,-2.0003,0.0,0.0,-2.0,0.0003
119.556,IDLE,0.0,0.0,0.0,3.82,-2.0003,0.0,0.0,-2.0,0.0003
119.6,IDLE,0.0,0.0,0.0,3.86,-2.0003,0.0,0.0,-2.0,0.0003
119.646,IDLE,0.0,0.0,0.0,3.91,-2.0003,0.0,0.0,-2.0,0.0003
119.696,IDLE,0.0,0.0,0.0,3.96,-2.0003,0.0,0.0,-2.0,0.0003
119.738,IDLE,0.0,0.0,0.0,4.0,-2.0003,0.0,0.0,-2.0,0.0003
119.792,IDLE,0.0,0.0,0.0,4.05,-2.0003,0.0,0.0,-2.0,0.0003
119.836,IDLE,0.0,0.0,0.0,4.1,-2.0003,0.0,0.0,-2.0,0.0003
119.89,LOCALIZE,0.0,0.0,0.0,4.15,-2.0003,0.0,0.0,-2.0,0.0003
119.946,NAVIGATE_TO_RAMP,0.0,0.0,0.0,4.21,-2.0003,0.0,0.0,-2.0,0.0003
119.998,NAVIGATE_TO_RAMP,0.0,0.0,0.0,4.26,-2.0003,0.0,0.0,-2.0,0.0003
120.03,NAVIGATE_TO_RAMP,0.0,0.0,0.0,4.29,-2.0003,0.0,0.0,-2.0,0.0003
120.074,NAVIGATE_TO_RAMP,0.0,0.0,0.0,4.33,-1.9985,-0.0001,-0.0007,-2.0,0.0015
120.12,NAVIGATE_TO_RAMP,0.0,0.0,0.0,4.38,-1.9899,-0.0001,-0.0017,-2.0,0.0101
120.17,NAVIGATE_TO_RAMP,0.0,0.0,0.0,4.43,-1.98,-0.0002,-0.0023,-2.0,0.02
120.216,NAVIGATE_TO_RAMP,0.0,0.0,0.0,4.48,-1.9681,-0.0004,-0.0046,-2.0,0.0319
120.26,NAVIGATE_TO_RAMP,0.0,0.0,0.0,4.52,-1.9561,-0.0008,-0.0078,-2.0,0.0439
120.306,NAVIGATE_TO_RAMP,0.0,0.0,0.0,4.57,-1.939,-0.0014,-0.0125,-2.0,0.061
120.354,NAVIGATE_TO_RAMP,0.0,0.0,0.0,4.61,-1.9273,-0.0017,-0.0145,-2.0,0.0727
120.4,NAVIGATE_TO_RAMP,0.0,0.0,0.0,4.66,-1.9094,-0.0017,-0.0109,-2.0,0.0907
120.45,NAVIGATE_TO_RAMP,0.0,0.0,0.0,4.71,-1.8974,-0.0015,-0.0076,-2.0,0.1027
120.498,NAVIGATE_TO_RAMP,0.0,0.0,0.0,4.76,-1.8863,-0.0014,-0.0055,-2.0,0.1137
120.544,NAVIGATE_TO_RAMP,0.0,0.0,0.0,4.8,-1.8697,-0.0014,-0.0042,-2.0,0.1303
120.6,NAVIGATE_TO_RAMP,0.0,0.0,0.0,4.86,-1.8517,-0.0013,-0.0025,-2.0,0.1483
120.646,NAVIGATE_TO_RAMP,0.0,0.0,0.0,4.91,-1.84,-0.0013,-0.0015,-2.0,0.16
120.676,NAVIGATE_TO_RAMP,0.0,0.0,0.0,4.94,-1.8343,-0.0012,-0.001,-2.0,0.1657
120.726,NAVIGATE_TO_RAMP,0.0,0.0,0.0,4.99,-1.8163,-0.0011,0.0005,-2.0,0.1837
120.778,NAVIGATE_TO_RAMP,0.0,0.0,0.0,5.04,-1.8046,-0.001,0.0015,-2.0,0.1954
120.824,NAVIGATE_TO_RAMP,0.0,0.0,0.0,5.08,-1.7875,-0.0008,0.0032,-2.0,0.2125
120.87,NAVIGATE_TO_RAMP,0.0,0.0,0.0,5.13,-1.7758,-0.0007,0.0041,-2.0,0.2242
120.912,NAVIGATE_TO_RAMP,0.0,0.0,0.0,5.17,-1.7638,-0.0005,0.0052,-2.0,0.2362
120.958,NAVIGATE_TO_RAMP,0.0,0.0,0.0,5.22,-1.7518,-0.0004,0.0063,-2.0,0.2482
121.01,NAVIGATE_TO_RAMP,0.0,0.0,0.0,5.27,-1.7348,-0.0001,0.0078,-2.0,0.2652
121.062,NAVIGATE_TO_RAMP,0.2705,-0.0025,0.0076,0.04,-1.7171,0.0001,0.0084,-1.7295,0.0126
121.112,NAVIGATE_TO_RAMP,0.2705,-0.0025,0.0076,0.09,-1.7057,0.0002,0.0084,-1.7295,0.0239
121.164,NAVIGATE_TO_RAMP,0.2705,-0.0025,0.0076,0.14,-1.6887,0.0003,0.0084,-1.7295,0.0409
121.216,NAVIGATE_TO_RAMP,0.2705,-0.0025,0.0076,0.19,-1.6767,0.0004,0.0084,-1.7295,0.0529
121.266,NAVIGATE_TO_RAMP,0.2705,-0.0025,0.0076,0.24,-1.6587,0.0006,0.0084,-1.7295,0.0708
121.314,NAVIGATE_TO_RAMP,0.2705,-0.0025,0.0076,0.29,-1.6473,0.0007,0.0084,-1.7295,0.0822
121.366,NAVIGATE_TO_RAMP,0.2705,-0.0025,0.0076,0.34,-1.6303,0.0008,0.0084,-1.7295,0.0993
121.414,NAVIGATE_TO_RAMP,0.2705,-0.0025,0.0076,0.39,-1.6183,0.0009,0.0084,-1.7295,0.1112
121.454,NAVIGATE_TO_RAMP,0.2705,-0.0025,0.0076,0.43,-1.6063,0.001,0.0084,-1.7295,0.1232
121.504,NAVIGATE_TO_RAMP,0.2705,-0.0025,0.0076,0.48,-1.5886,0.0011,0.0084,-1.7295,0.1409
121.554,NAVIGATE_TO_RAMP,0.2705,-0.0025,0.0076,0.53,-1.5766,0.0012,0.0084,-1.7295,0.1529
121.604,NAVIGATE_TO_RAMP,0.2705,-0.0025,0.0076,0.58,-1.5586,0.0014,0.0084,-1.7295,0.1709
121.656,NAVIGATE_TO_RAMP,0.2705,-0.0025,0.0076,0.63,-1.5471,0.0015,0.0084,-1.7295,0.1824
121.704,NAVIGATE_TO_RAMP,0.2705,-0.0025,0.0076,0.68,-1.53,0.0016,0.0084,-1.7295,0.1995
121.756,NAVIGATE_TO_RAMP,0.2705,-0.0025,0.0076,0.73,-1.5182,0.0017,0.0084,-1.7295,0.2113
121.81,NAVIGATE_TO_RAMP,0.2705,-0.0025,0.0076,0.79,-1.5002,0.0019,0.0084,-1.7295,0.2293
121.858,NAVIGATE_TO_RAMP,0.2705,-0.0025,0.0076,0.83,-1.4888,0.002,0.0084,-1.7295,0.2407
121.904,NAVIGATE_TO_RAMP,0.2705,-0.0025,0.0076,0.88,-1.4711,0.0021,0.0084,-1.7295,0.2584
121.952,NAVIGATE_TO_RAMP,0.5683,0.0079,0.0179,0.04,-1.4591,0.0022,0.0084,-1.4317,0.028
121.998,NAVIGATE_TO_RAMP,0.5683,0.0079,0.0179,0.08,-1.4478,0.0023,0.0084,-1.4317,0.017
122.046,NAVIGATE_TO_RAMP,0.5683,0.0079,0.0179,0.13,-1.4307,0.0025,0.0084,-1.4317,0.0055
122.102,NAVIGATE_TO_RAMP,0.5683,0.0079,0.0179,0.19,-1.4127,0.0026,0.0084,-1.4317,0.0197
122.154,NAVIGATE_TO_RAMP,0.5683,0.0079,0.0179,0.24,-1.4007,0.0027,0.0084,-1.4317,0.0314
122.204,NAVIGATE_TO_RAMP,0.5683,0.0079,0.0179,0.29,-1.3837,0.0029,0.0084,-1.4317,0.0483
122.252,NAVIGATE_TO_RAMP,0.5683,0.0079,0.0179,0.34,-1.3717,0.003,0.0084,-1.4317,0.0602
122.306,NAVIGATE_TO_RAMP,0.5683,0.0079,0.0179,0.39,-1.3537,0.0031,0.0084,-1.4317,0.0781
122.364,NAVIGATE_TO_RAMP,0.5683,0.0079,0.0179,0.45,-1.3369,0.0033,0.0084,-1.4317,0.0949
122.414,NAVIGATE_TO_RAMP,0.5683,0.0079,0.0179,0.5,-1.3262,0.0033,0.0084,-1.4317,0.1056
122.466,NAVIGATE_TO_RAMP,0.5683,0.0079,0.0179,0.55,-1.3084,0.0031,0.0046,-1.4317,0.1234
122.51,NAVIGATE_TO_RAMP,0.5683,0.0079,0.0179,0.6,-1.2968,0.0029,0.0016,-1.4317,0.1349
122.564,NAVIGATE_TO_RAMP,0.5683,0.0079,0.0179,0.65,-1.2797,0.0025,-0.0031,-1.4317,0.1521
122.618,NAVIGATE_TO_RAMP,0.5683,0.0079,0.0179,0.7,-1.2677,0.0022,-0.0064,-1.4317,0.1641
122.67,NAVIGATE_TO_RAMP,0.5683,0.0079,0.0179,0.76,-1.2497,0.0016,-0.0113,-1.4317,0.1821
122.712,NAVIGATE_TO_RAMP,0.5683,0.0079,0.0179,0.8,-1.2383,0.0012,-0.0143,-1.4317,0.1935
122.764,NAVIGATE_TO_RAMP,0.5683,0.0079,0.0179,0.85,-1.2203,0.0005,-0.0189,-1.4317,0.2115
122.824,NAVIGATE_TO_RAMP,0.8411,0.0036,-0.0244,0.0,-1.2023,-0.0003,-0.0238,-1.1589,0.0436
122.88,NAVIGATE_TO_RAMP,0.8411,0.0036,-0.0244,0.06,-1.1907,-0.0009,-0.0268,-1.1589,0.0322
122.926,NAVIGATE_TO_RAMP,0.8411,0.0036,-0.0244,0.1,-1.1734,-0.0017,-0.0307,-1.1589,0.0155
122.98,NAVIGATE_TO_RAMP,0.8411,0.0036,-0.0244,0.16,-1.1614,-0.0022,-0.0317,-1.1589,0.0063
123.03,NAVIGATE_TO_RAMP,0.8411,0.0036,-0.0244,0.21,-1.1434,-0.0029,-0.0333,-1.1589,0.0168
123.076,NAVIGATE_TO_RAMP,0.8411,0.0036,-0.0244,0.25,-1.132,-0.0034,-0.0343,-1.1589,0.0277
123.116,NAVIGATE_TO_RAMP,0.8411,0.0036,-0.0244,0.29,-1.1201,-0.004,-0.0367,-1.1589,0.0395
123.164,NAVIGATE_TO_RAMP,0.8411,0.0036,-0.0244,0.34,-1.1024,-0.0051,-0.0413,-1.1589,0.0571
123.214,NAVIGATE_TO_RAMP,0.8411,0.0036,-0.0244,0.39,-1.0911,-0.0058,-0.0445,-1.1589,0.0685
123.254,NAVIGATE_TO_RAMP,0.8411,0.0036,-0.0244,0.43,-1.0797,-0.0066,-0.0477,-1.1589,0.0798
123.296,NAVIGATE_TO_RAMP,0.8411,0.0036,-0.0244,0.47,-1.0678,-0.0075,-0.0506,-1.1589,0.0918
123.334,NAVIGATE_TO_RAMP,0.8411,0.0036,-0.0244,0.51,-1.0558,-0.0085,-0.0557,-1.1589,0.1038
123.378,NAVIGATE_TO_RAMP,0.8411,0.0036,-0.0244,0.56,-1.0441,-0.0096,-0.0608,-1.1589,0.1156
123.424,NAVIGATE_TO_RAMP,0.8411,0.0036,-0.0244,0.6,-1.0268,-0.0113,-0.0677,-1.1589,0.133
123.472,NAVIGATE_TO_RAMP,0.8411,0.0036,-0.0244,0.65,-1.0148,-0.0124,-0.0708,-1.1589,0.145
123.506,NAVIGATE_TO_RAMP,0.8411,0.0036,-0.0244,0.68,-1.0028,-0.0135,-0.0739,-1.1589,0.157
123.54,NAVIGATE_TO_RAMP,0.8411,0.0036,-0.0244,0.72,-0.9913,-0.0146,-0.0769,-1.1589,0.1686
123.588,NAVIGATE_TO_RAMP,0.8411,0.0036,-0.0244,0.77,-0.98,-0.0158,-0.08,-1.1589,0.18
123.63,NAVIGATE_TO_RAMP,0.8411,0.0036,-0.0244,0.81,-0.9682,-0.017,-0.0828,-1.1589,0.1918
123.678,NAVIGATE_TO_RAMP,0.8411,0.0036,-0.0244,0.86,-0.9563,-0.0184,-0.0878,-1.1589,0.2038
123.716,NAVIGATE_TO_RAMP,0.8411,0.0036,-0.0244,0.89,-0.9443,-0.0199,-0.093,-1.1589,0.2159
123.766,NAVIGATE_TO_RAMP,1.1119,-0.0184,-0.1177,0.05,-0.9273,-0.0221,-0.1005,-0.8881,0.0393
123.81,NAVIGATE_TO_RAMP,1.1119,-0.0184,-0.1177,0.09,-0.9157,-0.0237,-0.1047,-0.8881,0.0281
123.858,NAVIGATE_TO_RAMP,1.1119,-0.0184,-0.1177,0.14,-0.9038,-0.0252,-0.1077,-0.8881,0.017
123.908,NAVIGATE_TO_RAMP,1.1119,-0.0184,-0.1177,0.19,-0.8862,-0.0275,-0.1122,-0.8881,0.0093
123.96,NAVIGATE_TO_RAMP,1.1119,-0.0184,-0.1177,0.24,-0.8746,-0.029,-0.1149,-0.8881,0.0172
124.012,NAVIGATE_TO_RAMP,1.1119,-0.0184,-0.1177,0.29,-0.8567,-0.0315,-0.1194,-0.8881,0.034
124.062,NAVIGATE_TO_RAMP,1.1119,-0.0184,-0.1177,0.34,-0.8391,-0.034,-0.1238,-0.8881,0.0514
124.1,NAVIGATE_TO_RAMP,1.1119,-0.0184,-0.1177,0.38,-0.8279,-0.0356,-0.126,-0.8881,0.0627
124.152,NAVIGATE_TO_RAMP,1.1119,-0.0184,-0.1177,0.43,-0.8164,-0.0372,-0.1271,-0.8881,0.0742
124.204,NAVIGATE_TO_RAMP,1.1119,-0.0184,-0.1177,0.49,-0.7985,-0.0398,-0.1316,-0.8881,0.0921
124.254,NAVIGATE_TO_RAMP,1.1119,-0.0184,-0.1177,0.54,-0.7869,-0.0416,-0.1345,-0.8881,0.1038
124.3,NAVIGATE_TO_RAMP,1.1119,-0.0184,-0.1177,0.58,-0.7754,-0.0433,-0.1365,-0.8881,0.1155
124.346,NAVIGATE_TO_RAMP,1.1119,-0.0184,-0.1177,0.63,-0.7575,-0.046,-0.1388,-0.8881,0.1335
124.398,NAVIGATE_TO_RAMP,1.1119,-0.0184,-0.1177,0.68,-0.746,-0.0478,-0.1409,-0.8881,0.1452
124.448,NAVIGATE_TO_RAMP,1.1119,-0.0184,-0.1177,0.73,-0.7291,-0.0504,-0.146,-0.8881,0.1622
124.498,NAVIGATE_TO_RAMP,1.1119,-0.0184,-0.1177,0.78,-0.7179,-0.0525,-0.153,-0.8881,0.1737
124.554,NAVIGATE_TO_RAMP,1.1119,-0.0184,-0.1177,0.84,-0.701,-0.056,-0.1634,-0.8881,0.1909
124.6,NAVIGATE_TO_RAMP,1.1119,-0.0184,-0.1177,0.88,-0.6834,-0.0598,-0.175,-0.8881,0.2089
124.646,NAVIGATE_TO_RAMP,1.3759,-0.0656,-0.1996,0.03,-0.6719,-0.0625,-0.183,-0.6241,0.0479
124.696,NAVIGATE_TO_RAMP,1.3759,-0.0656,-0.1996,0.08,-0.6606,-0.0652,-0.1893,-0.6241,0.0365
124.75,NAVIGATE_TO_RAMP,1.3759,-0.0656,-0.1996,0.13,-0.6429,-0.0692,-0.1974,-0.6241,0.0192
124.798,NAVIGATE_TO_RAMP,1.3759,-0.0656,-0.1996,0.18,-0.6314,-0.072,-0.2035,-0.6241,0.0097
124.842,NAVIGATE_TO_RAMP,1.3759,-0.0656,-0.1996,0.22,-0.6141,-0.076,-0.2088,-0.6241,0.0144
124.894,NAVIGATE_TO_RAMP,1.3759,-0.0656,-0.1996,0.28,-0.6024,-0.0787,-0.2116,-0.6241,0.0253
124.938,NAVIGATE_TO_RAMP,1.3759,-0.0656,-0.1996,0.32,-0.591,-0.0814,-0.2137,-0.6241,0.0367
124.99,NAVIGATE_TO_RAMP,1.3759,-0.0656,-0.1996,0.37,-0.5743,-0.0851,-0.2151,-0.6241,0.0535
125.034,NAVIGATE_TO_RAMP,1.3759,-0.0656,-0.1996,0.42,-0.5631,-0.0876,-0.2158,-0.6241,0.0649
125.09,NAVIGATE_TO_RAMP,1.3759,-0.0656,-0.1996,0.47,-0.5455,-0.0915,-0.2158,-0.6241,0.0828
125.136,NAVIGATE_TO_RAMP,1.3759,-0.0656,-0.1996,0.52,-0.5341,-0.094,-0.2158,-0.6241,0.0944
125.192,NAVIGATE_TO_RAMP,1.3759,-0.0656,-0.1996,0.57,-0.5168,-0.0977,-0.215,-0.6241,0.112
125.238,NAVIGATE_TO_RAMP,1.3759,-0.0656,-0.1996,0.62,-0.5051,-0.1002,-0.2141,-0.6241,0.1239
125.292,NAVIGATE_TO_RAMP,1.3759,-0.0656,-0.1996,0.67,-0.4881,-0.1038,-0.2127,-0.6241,0.1412
125.342,NAVIGATE_TO_RAMP,1.3759,-0.0656,-0.1996,0.72,-0.4714,-0.1072,-0.2112,-0.6241,0.1582
125.396,NAVIGATE_TO_RAMP,1.3759,-0.0656,-0.1996,0.78,-0.4598,-0.1096,-0.209,-0.6241,0.1701
125.444,NAVIGATE_TO_RAMP,1.3759,-0.0656,-0.1996,0.83,-0.4428,-0.1129,-0.2049,-0.6241,0.1874
125.5,NAVIGATE_TO_RAMP,1.3759,-0.0656,-0.1996,0.88,-0.4316,-0.115,-0.202,-0.6241,0.1987
125.546,NAVIGATE_TO_RAMP,1.6128,-0.1269,-0.2083,0.03,-0.4143,-0.1182,-0.1978,-0.3872,0.0284
125.598,NAVIGATE_TO_RAMP,1.6128,-0.1269,-0.2083,0.08,-0.4026,-0.1203,-0.1949,-0.3872,0.0166
125.646,NAVIGATE_TO_RAMP,1.6128,-0.1269,-0.2083,0.13,-0.3855,-0.1234,-0.1907,-0.3872,0.0039
125.7,NAVIGATE_TO_RAMP,1.6128,-0.1269,-0.2083,0.18,-0.3739,-0.1254,-0.188,-0.3872,0.0134
125.752,NAVIGATE_TO_RAMP,1.6128,-0.1269,-0.2083,0.23,-0.3562,-0.1284,-0.1836,-0.3872,0.0311
125.8,NAVIGATE_TO_RAMP,1.6128,-0.1269,-0.2083,0.28,-0.339,-0.1313,-0.1793,-0.3872,0.0485
125.848,NAVIGATE_TO_RAMP,1.6128,-0.1269,-0.2083,0.33,-0.3284,-0.133,-0.1766,-0.3872,0.0592
125.896,NAVIGATE_TO_RAMP,1.6128,-0.1269,-0.2083,0.38,-0.3171,-0.1348,-0.1741,-0.3872,0.0706
125.94,NAVIGATE_TO_RAMP,1.6128,-0.1269,-0.2083,0.42,-0.3052,-0.1367,-0.1712,-0.3872,0.0826
125.988,NAVIGATE_TO_RAMP,1.6128,-0.1269,-0.2083,0.47,-0.2881,-0.1393,-0.167,-0.3872,0.0999
126.028,NAVIGATE_TO_RAMP,1.6128,-0.1269,-0.2083,0.51,-0.2763,-0.141,-0.1626,-0.3872,0.1118
126.074,NAVIGATE_TO_RAMP,1.6128,-0.1269,-0.2083,0.56,-0.2645,-0.1426,-0.1588,-0.3872,0.1238
126.12,NAVIGATE_TO_RAMP,1.6128,-0.1269,-0.2083,0.6,-0.2526,-0.1445,-0.1594,-0.3872,0.1358
126.17,NAVIGATE_TO_RAMP,1.6128,-0.1269,-0.2083,0.65,-0.2355,-0.1472,-0.159,-0.3872,0.1531
126.212,NAVIGATE_TO_RAMP,1.6128,-0.1269,-0.2083,0.69,-0.2237,-0.1491,-0.1582,-0.3872,0.1651
126.262,NAVIGATE_TO_RAMP,1.6128,-0.1269,-0.2083,0.74,-0.2059,-0.1519,-0.1585,-0.3872,0.1831
126.31,NAVIGATE_TO_RAMP,1.6128,-0.1269,-0.2083,0.79,-0.194,-0.1539,-0.1595,-0.3872,0.1951
126.358,NAVIGATE_TO_RAMP,1.6128,-0.1269,-0.2083,0.84,-0.1822,-0.1558,-0.1585,-0.3872,0.2071
126.39,NAVIGATE_TO_RAMP,1.6128,-0.1269,-0.2083,0.87,-0.1703,-0.1575,-0.1568,-0.3872,0.2191
126.43,NAVIGATE_TO_RAMP,1.8851,-0.1638,-0.1512,0.01,-0.1585,-0.1594,-0.1568,-0.1149,0.0438
126.478,NAVIGATE_TO_RAMP,1.8851,-0.1638,-0.1512,0.06,-0.1469,-0.1612,-0.157,-0.1149,0.0322
126.522,NAVIGATE_TO_RAMP,1.8851,-0.1638,-0.1512,0.11,-0.1301,-0.164,-0.158,-0.1149,0.0152
126.57,NAVIGATE_TO_RAMP,1.8851,-0.1638,-0.1512,0.15,-0.1183,-0.1658,-0.1572,-0.1149,0.0039
126.6,NAVIGATE_TO_RAMP,1.8851,-0.1638,-0.1512,0.18,-0.1064,-0.1677,-0.1571,-0.1149,0.0093
126.648,NAVIGATE_TO_RAMP,1.8851,-0.1638,-0.1512,0.23,-0.095,-0.1695,-0.158,-0.1149,0.0207
126.694,NAVIGATE_TO_RAMP,1.8851,-0.1638,-0.1512,0.28,-0.0838,-0.1714,-0.159,-0.1149,0.032
126.748,NAVIGATE_TO_RAMP,1.8851,-0.1638,-0.1512,0.33,-0.0661,-0.1743,-0.159,-0.1149,0.0499
126.798,NAVIGATE_TO_RAMP,1.8851,-0.1638,-0.1512,0.38,-0.0543,-0.1762,-0.1598,-0.1149,0.0619
126.85,NAVIGATE_TO_RAMP,1.8851,-0.1638,-0.1512,0.43,-0.0374,-0.1791,-0.1635,-0.1149,0.079
126.904,NAVIGATE_TO_RAMP,1.8851,-0.1638,-0.1512,0.49,-0.0204,-0.1821,-0.165,-0.1149,0.0962
126.956,NAVIGATE_TO_RAMP,1.8851,-0.1638,-0.1512,0.54,-0.0086,-0.1843,-0.1677,-0.1149,0.1082
127.0,NAVIGATE_TO_RAMP,1.8851,-0.1638,-0.1512,0.58,0.0088,-0.1874,-0.1696,-0.1149,0.1259
127.05,NAVIGATE_TO_RAMP,1.8851,-0.1638,-0.1512,0.63,0.02,-0.1894,-0.1706,-0.1149,0.1373
127.092,NAVIGATE_TO_RAMP,1.8851,-0.1638,-0.1512,0.68,0.0306,-0.1913,-0.1715,-0.1149,0.1481
127.132,NAVIGATE_TO_RAMP,1.8851,-0.1638,-0.1512,0.72,0.0412,-0.1932,-0.1725,-0.1149,0.1588
127.176,NAVIGATE_TO_RAMP,1.8851,-0.1638,-0.1512,0.76,0.0517,-0.1951,-0.1736,-0.1149,0.1695
127.218,NAVIGATE_TO_RAMP,1.8851,-0.1638,-0.1512,0.8,0.0616,-0.1969,-0.1751,-0.1149,0.1796
127.266,NAVIGATE_TO_RAMP,1.8851,-0.1638,-0.1512,0.85,0.0756,-0.1995,-0.1766,-0.1149,0.1938
127.318,NAVIGATE_TO_RAMP,1.8851,-0.1638,-0.1512,0.9,0.0849,-0.2012,-0.1775,-0.1149,0.2033
127.366,NAVIGATE_TO_RAMP,1.8851,-0.1638,-0.1512,0.95,0.0987,-0.2038,-0.1789,-0.1149,0.2173
127.416,NAVIGATE_TO_RAMP,1.8851,-0.1638,-0.1512,1.0,0.1074,-0.2055,-0.1799,-0.1149,0.2262
127.462,NAVIGATE_TO_RAMP,2.1484,-0.211,-0.1696,0.04,0.1202,-0.2079,-0.1813,0.1484,0.0284
127.512,NAVIGATE_TO_RAMP,2.1484,-0.211,-0.1696,0.09,0.1283,-0.2095,-0.1823,0.1484,0.0202
127.556,NAVIGATE_TO_RAMP,2.1484,-0.211,-0.1696,0.14,0.1363,-0.211,-0.1833,0.1484,0.0121
127.598,NAVIGATE_TO_RAMP,2.1484,-0.211,-0.1696,0.18,0.1438,-0.2125,-0.1858,0.1484,0.0048
127.65,NAVIGATE_TO_RAMP,2.1484,-0.211,-0.1696,0.23,0.1547,-0.2147,-0.1869,0.1484,0.0073
127.698,NAVIGATE_TO_RAMP,2.1484,-0.211,-0.1696,0.28,0.1615,-0.2159,-0.1869,0.1484,0.014
127.74,NAVIGATE_TO_RAMP,2.1484,-0.211,-0.1696,0.32,0.1718,-0.218,-0.1883,0.1484,0.0244
127.79,NAVIGATE_TO_RAMP,2.1484,-0.211,-0.1696,0.37,0.1784,-0.2193,-0.1892,0.1484,0.0312
127.836,NAVIGATE_TO_RAMP,2.1484,-0.211,-0.1696,0.42,0.1846,-0.2206,-0.1902,0.1484,0.0375
127.888,RECOVERY,2.1484,-0.211,-0.1696,0.47,0.1935,-0.2225,-0.1934,0.1484,0.0465
127.932,RECOVERY,2.1484,-0.211,-0.1696,0.51,0.1962,-0.223,-0.1934,0.1484,0.0493
127.986,RECOVERY,2.1484,-0.211,-0.1696,0.57,0.1965,-0.2231,-0.1934,0.1484,0.0496
128.03,RECOVERY,2.1484,-0.211,-0.1696,0.61,0.1965,-0.2231,-0.1934,0.1484,0.0496
128.082,RECOVERY,2.1484,-0.211,-0.1696,0.66,0.1965,-0.2231,-0.1934,0.1484,0.0496
128.124,NAVIGATE_TO_RAMP,2.1484,-0.211,-0.1696,0.71,0.1965,-0.2231,-0.1934,0.1484,0.0496
128.174,NAVIGATE_TO_RAMP,2.1484,-0.211,-0.1696,0.76,0.1965,-0.2231,-0.1934,0.1484,0.0496
128.226,RECOVERY,2.1484,-0.211,-0.1696,0.81,0.1965,-0.2231,-0.1934,0.1484,0.0496
128.284,RECOVERY,2.1484,-0.211,-0.1696,0.87,0.1965,-0.2231,-0.1934,0.1484,0.0496
128.312,RECOVERY,2.1484,-0.211,-0.1696,0.89,0.1965,-0.2231,-0.1934,0.1484,0.0496
128.362,NAVIGATE_TO_RAMP,2.1484,-0.211,-0.1696,0.94,0.1965,-0.2231,-0.1934,0.1484,0.0496
128.41,NAVIGATE_TO_RAMP,2.1484,-0.211,-0.1696,0.99,0.1965,-0.2231,-0.1934,0.1484,0.0496
128.456,RECOVERY,2.1484,-0.211,-0.1696,1.04,0.1965,-0.2231,-0.1934,0.1484,0.0496
128.502,RECOVERY,2.1484,-0.211,-0.1696,1.08,0.1965,-0.2231,-0.1934,0.1484,0.0496
128.546,RECOVERY,2.1484,-0.211,-0.1696,1.13,0.1965,-0.2231,-0.1934,0.1484,0.0496
128.592,ABORT,2.1484,-0.211,-0.1696,1.17,0.1965,-0.2231,-0.1934,0.1484,0.0496
128.636,ABORT,2.1484,-0.211,-0.1696,1.22,0.1965,-0.2231,-0.1934,0.1484,0.0496
128.686,ABORT,2.1484,-0.211,-0.1696,1.27,0.1965,-0.2231,-0.1934,0.1484,0.0496
128.728,ABORT,2.1484,-0.211,-0.1696,1.31,0.1965,-0.2231,-0.1934,0.1484,0.0496
128.768,ABORT,2.1484,-0.211,-0.1696,1.35,0.1965,-0.2231,-0.1934,0.1484,0.0496
128.812,ABORT,2.1484,-0.211,-0.1696,1.39,0.1965,-0.2231,-0.1934,0.1484,0.0496
128.858,ABORT,2.1484,-0.211,-0.1696,1.44,0.1965,-0.2231,-0.1934,0.1484,0.0496
128.908,ABORT,2.1484,-0.211,-0.1696,1.49,0.1965,-0.2231,-0.1934,0.1484,0.0496
128.958,ABORT,2.1484,-0.211,-0.1696,1.54,0.1965,-0.2231,-0.1934,0.1484,0.0496
129.006,ABORT,2.1484,-0.211,-0.1696,1.59,0.1965,-0.2231,-0.1934,0.1484,0.0496
129.048,ABORT,2.1484,-0.211,-0.1696,1.63,0.1965,-0.2231,-0.1934,0.1484,0.0496
129.1,ABORT,2.1484,-0.211,-0.1696,1.68,0.1965,-0.2231,-0.1934,0.1484,0.0496
129.14,ABORT,2.1484,-0.211,-0.1696,1.72,0.1965,-0.2231,-0.1934,0.1484,0.0496
129.166,ABORT,2.1484,-0.211,-0.1696,1.75,0.1965,-0.2231,-0.1934,0.1484,0.0496
129.212,ABORT,2.1484,-0.211,-0.1696,1.79,0.1965,-0.2231,-0.1934,0.1484,0.0496
129.258,ABORT,2.1484,-0.211,-0.1696,1.84,0.1965,-0.2231,-0.1934,0.1484,0.0496
129.3,ABORT,2.1484,-0.211,-0.1696,1.88,0.1965,-0.2231,-0.1934,0.1484,0.0496
129.344,ABORT,2.1484,-0.211,-0.1696,1.93,0.1965,-0.2231,-0.1934,0.1484,0.0496
129.384,ABORT,2.1484,-0.211,-0.1696,1.97,0.1965,-0.2231,-0.1934,0.1484,0.0496
129.428,ABORT,2.1484,-0.211,-0.1696,2.01,0.1965,-0.2231,-0.1934,0.1484,0.0496
129.478,ABORT,2.1484,-0.211,-0.1696,2.06,0.1965,-0.2231,-0.1934,0.1484,0.0496
129.522,ABORT,2.1484,-0.211,-0.1696,2.1,0.1965,-0.2231,-0.1934,0.1484,0.0496
129.552,ABORT,2.1484,-0.211,-0.1696,2.13,0.1965,-0.2231,-0.1934,0.1484,0.0496
129.604,ABORT,2.1484,-0.211,-0.1696,2.19,0.1965,-0.2231,-0.1934,0.1484,0.0496
129.654,ABORT,2.1484,-0.211,-0.1696,2.24,0.1965,-0.2231,-0.1934,0.1484,0.0496
129.7,ABORT,2.1484,-0.211,-0.1696,2.28,0.1965,-0.2231,-0.1934,0.1484,0.0496
129.75,ABORT,2.1484,-0.211,-0.1696,2.33,0.1965,-0.2231,-0.1934,0.1484,0.0496
129.8,ABORT,2.1484,-0.211,-0.1696,2.38,0.1965,-0.2231,-0.1934,0.1484,0.0496
129.84,ABORT,2.1484,-0.211,-0.1696,2.42,0.1965,-0.2231,-0.1934,0.1484,0.0496
129.892,ABORT,2.1484,-0.211,-0.1696,2.47,0.1965,-0.2231,-0.1934,0.1484,0.0496
129.932,ABORT,2.1484,-0.211,-0.1696,2.51,0.1965,-0.2231,-0.1934,0.1484,0.0496
129.982,ABORT,2.1484,-0.211,-0.1696,2.56,0.1965,-0.2231,-0.1934,0.1484,0.0496
130.034,ABORT,2.1484,-0.211,-0.1696,2.62,0.1965,-0.2231,-0.1934,0.1484,0.0496
130.092,ABORT,2.1484,-0.211,-0.1696,2.67,0.1965,-0.2231,-0.1934,0.1484,0.0496
130.132,ABORT,2.1484,-0.211,-0.1696,2.71,0.1965,-0.2231,-0.1934,0.1484,0.0496
130.168,ABORT,2.1484,-0.211,-0.1696,2.75,0.1965,-0.2231,-0.1934,0.1484,0.0496
130.22,ABORT,2.1484,-0.211,-0.1696,2.8,0.1965,-0.2231,-0.1934,0.1484,0.0496
130.274,ABORT,2.1484,-0.211,-0.1696,2.86,0.1965,-0.2231,-0.1934,0.1484,0.0496
130.316,ABORT,2.1484,-0.211,-0.1696,2.9,0.1965,-0.2231,-0.1934,0.1484,0.0496
130.356,ABORT,2.1484,-0.211,-0.1696,2.94,0.1965,-0.2231,-0.1934,0.1484,0.0496
130.402,ABORT,2.1484,-0.211,-0.1696,2.98,0.1965,-0.2231,-0.1934,0.1484,0.0496
130.454,ABORT,2.1484,-0.211,-0.1696,3.04,0.1965,-0.2231,-0.1934,0.1484,0.0496
130.498,ABORT,2.1484,-0.211,-0.1696,3.08,0.1965,-0.2231,-0.1934,0.1484,0.0496
130.53,ABORT,2.1484,-0.211,-0.1696,3.11,0.1965,-0.2231,-0.1934,0.1484,0.0496
130.586,ABORT,2.1484,-0.211,-0.1696,3.17,0.1965,-0.2231,-0.1934,0.1484,0.0496
130.636,ABORT,2.1484,-0.211,-0.1696,3.22,0.1965,-0.2231,-0.1934,0.1484,0.0496
130.692,ABORT,2.1484,-0.211,-0.1696,3.27,0.1965,-0.2231,-0.1934,0.1484,0.0496
130.742,ABORT,2.1484,-0.211,-0.1696,3.32,0.1965,-0.2231,-0.1934,0.1484,0.0496
130.796,ABORT,2.1484,-0.211,-0.1696,3.38,0.1965,-0.2231,-0.1934,0.1484,0.0496
130.846,ABORT,2.1484,-0.211,-0.1696,3.43,0.1965,-0.2231,-0.1934,0.1484,0.0496
