update_index,anchor_update_index,od_along,od_lat,od_dyaw,gt_along,gt_lat,gt_dyaw,residual_along,residual_lat,residual_yaw,gt_anchor_gap,gt_cur_gap
240,1,0.00625715200629758,-0.00062975793742848,-0.2811369,0.006338795264874906,-0.013243744873224095,-0.274369588,-8.164325857732638e-05,0.012613986935795615,-0.006767312000000025,0.01999999999999602,0.01999999999999602
243,240,0.0014452969745228292,-0.0003573119388939541,-0.299546344,0.004498481578476884,-0.012503340194338823,-0.244497356,-0.0030531846039540548,0.012146028255444868,-0.055048988000000014,0.01999999999999602,0.01999999999999602
246,243,0.0400922031830441,-0.007544272420234706,-0.264788821,0.03709210260836081,-0.011053143305918126,-0.198359913,0.0030001005746832926,0.0035088708856834197,-0.06642890800000001,0.01999999999999602,0.01999999999999602
249,246,0.08751316256957958,-0.013095705215015505,-0.293356777,0.08711357077635229,-0.009801373909674095,-0.21597117700000001,0.0003995917932272941,-0.0032943313053414094,-0.0773856,0.01999999999999602,0.01999999999999602
252,249,0.0801994385096636,-0.010414540651967164,-0.26781972900000006,0.0810905899795094,-0.006568447759488859,-0.1976278440000001,-0.000891151469845794,-0.0038460928924783054,-0.07019188499999997,0.01999999999999602,0.020000000000010232
256,252,0.06882939965615172,-0.007292116624637637,-0.200786598,0.06831037581149128,-0.008537821018972668,-0.17165807899999996,0.0005190238446604323,0.001245704394335031,-0.02912851900000005,0.020000000000010232,0.01999999999999602
261,256,0.10946426421300072,-0.01457838332537027,-0.24669239499999998,0.1049796260437088,-0.03143451260427387,-0.24109545999999993,0.004484638169291913,0.016856129278903603,-0.005596935000000053,0.01999999999999602,0.01999999999999602
266,261,0.14687244646893807,-0.016508004347591324,-0.206584945,0.14611925811304732,-0.033945472706883285,-0.20840734799999994,0.0007531883558907493,0.017437468359291962,0.0018224029999999447,0.01999999999999602,0.01999999999999602
276,266,0.2953807557323054,-0.0037978193284890632,0.056887728,0.2947547347764017,0.0003378455893037341,0.0546069629999999,0.0006260209559036944,-0.004135664917792797,0.002280765000000101,0.01999999999999602,0.01999999999999602
286,276,0.2927166155972103,0.017746126266798112,0.110616908,0.29077196563432006,0.026954438611022848,0.11118943600000011,0.0019446499628902325,-0.009208312344224735,-0.0005725280000001137,0.01999999999999602,0.01999999999999602
295,286,0.26614850635887227,-0.0009606812875475601,-0.019138236999999995,0.2671381559435007,-0.002206442264204943,-0.01929361500000004,-0.000989649584628438,0.0012457609766573828,0.00015537800000004626,0.01999999999999602,0.01999999999999602
305,295,0.29323799410227047,-0.0064165355766542115,-0.05351227399999999,0.2932927882048255,-0.010298254394621828,-0.05340084099999998,-5.479410255504469e-05,0.0038817188179676165,-0.00011143300000001494,0.01999999999999602,0.01999999999999602
317,305,0.29405723129123995,-0.022090216186475678,-0.165484568,0.294519662842104,-0.03292235373128474,-0.1562289990000001,-0.00046243155086406196,0.010832137544809065,-0.009255568999999908,0.01999999999999602,0.020000000000010232
351,317,0.1951556832367172,-0.010555013475820343,0.259068029,0.19345346756851806,0.001064604642679233,0.2539907130000001,0.0017022156681991418,-0.011619618118499576,0.005077315999999887,0.020000000000010232,0.01999999999999602
354,351,0.0,0.0,0.304615385,0.00021687457134181675,0.022420278095092797,0.29060372600000006,-0.00021687457134181675,-0.022420278095092797,0.014011658999999954,0.01999999999999602,0.01999999999999602
357,354,0.0,0.0,0.259731282,0.003288233116349958,0.01063432054454288,0.2204531879999998,-0.003288233116349958,-0.01063432054454288,0.03927809400000021,0.01999999999999602,0.020000000000010232
360,357,-0.00035048522655600875,-5.1173899304071064e-05,0.202089256,0.0006076754799485307,0.002212049719831682,0.14863207000000012,-0.0009581607065045394,-0.002263223619135753,0.05345718599999987,0.020000000000010232,0.01999999999999602
364,360,-4.779847609490762e-06,-1.8783770799410986e-08,0.208479052,-0.0007748195908913781,0.0003466635503266277,0.15638112800000004,0.0007700397432818874,-0.0003466823340974271,0.05209792399999996,0.01999999999999602,0.01999999999999602
370,364,0.000453159372566606,7.789788217300877e-05,0.219866783,4.393909733470749e-06,0.00019853850681223227,0.156917619,0.00044876546283313527,-0.0001206406246392235,0.062949164,0.01999999999999602,0.01999999999999602
392,370,0.04914133958907339,-0.004579329456338883,-0.209572641,0.04265690256773917,-0.0066523536976831645,-0.13511438800000009,0.006484437021334222,0.002073024241344281,-0.07445825299999992,0.01999999999999602,0.020000000000010232
395,392,0.08485812012744881,-0.012762299147030635,-0.293904539,0.08511269927832343,-0.008970660449374612,-0.21734544,-0.00025457915087462313,-0.003791638697656023,-0.076559099,0.020000000000010232,0.01999999999999602
398,395,0.08523881533010852,-0.012151485367051535,-0.280342343,0.08265207260336299,-0.009805407291472862,-0.20642141299999994,0.002586742726745528,-0.0023460780755786732,-0.07392093000000005,0.01999999999999602,0.01999999999999602
401,398,0.08723707046411058,-0.011166254982162324,-0.245163878,0.0827538780083745,-0.017869571171000468,-0.21254487399999997,0.004483192455736085,0.006703316188838144,-0.032619004000000035,0.01999999999999602,0.01999999999999602
405,401,0.11564712142466903,-0.014141133018235247,-0.22070809700000002,0.1131298124227053,-0.026831125636619265,-0.22257927600000005,0.00251730900196373,0.012689992618384018,0.0018711790000000286,0.01999999999999602,0.01999999999999602
410,405,0.1348596423202222,-0.01350848967562173,-0.204861413,0.13576564624240317,-0.030092161290883136,-0.20422166799999997,-0.000906003922180959,0.016583671615261406,-0.0006397450000000249,0.01999999999999602,0.01999999999999602
427,410,0.2432404926625541,-0.026284796937943902,-0.20598778299999998,0.2462665294322341,-0.03505111094104095,-0.182203208,-0.003026036769679996,0.008766314003097048,-0.023784574999999974,0.01999999999999602,0.020000000000010232
438,427,0.03252946364969048,-0.002882894523672016,-0.206835898,0.034745323073950486,-0.007311089447416784,-0.16182950400000018,-0.0022158594242600096,0.004428194923744768,-0.04500639399999982,0.020000000000010232,0.01999999999999602
454,438,0.01564242457652007,-0.0015888634942306905,-0.20438678100000002,0.016291358117754437,-0.0022307980851380502,-0.14732638299999978,-0.0006489335412343672,0.0006419345909073598,-0.05706039800000024,0.01999999999999602,0.01999999999999602
463,454,0.01190851157784491,-0.0012729382483603622,-0.22090076599999997,0.012843307710049288,-0.001158773250855589,-0.16648058999999993,-0.0009347961322043793,-0.00011416499750477316,-0.054420176000000035,0.01999999999999602,0.01999999999999602
472,463,0.008970769888092367,-0.0010164571917795036,-0.20857706,0.00824967652629383,-0.0022147757551045887,-0.1515031659999999,0.0007210933617985364,0.001198318563325085,-0.0570738940000001,0.01999999999999602,0.020000000000010232
484,472,0.0007599808552063745,-5.595308379158028e-05,0.21085908899999997,0.0012309232762480011,0.00159140511869743,0.15075225999999997,-0.0004709424210416266,-0.0016473582024890104,0.060106829,0.020000000000010232,0.01999999999999602
491,484,0.0,-0.0,0.20828571400000004,-0.0009607833404181917,2.954846786035344e-05,0.15888335499999995,0.0009607833404181917,-2.954846786035344e-05,0.04940235900000009,0.01999999999999602,0.01999999999999602
498,491,0.0006851603857545206,9.881669608784044e-05,0.204050595,0.0005575684805926737,0.0007460368887685946,0.14411239799999986,0.00012759190516184698,-0.0006472201926807542,0.05993819700000014,0.01999999999999602,0.01999999999999602
515,498,0.0007710391016315203,-2.7712861639647322e-05,-0.223753945,0.001237421743638075,-0.0007301516547879377,-0.15955574299999986,-0.0004663826420065547,0.0007024387931482904,-0.06419820200000015,0.01999999999999602,0.01999999999999602
522,515,0.0,0.0,-0.209,0.0008375626738014776,-0.00033776684849076976,-0.1583682930000001,-0.0008375626738014776,0.00033776684849076976,-0.05063170699999989,0.01999999999999602,0.020000000000010232
529,522,0.004333489823008838,-0.0006072088623157843,-0.206593439,0.0034311396422085742,-0.0022227691293402424,-0.15001952400000018,0.0009023501808002642,0.001615560267024458,-0.05657391499999981,0.020000000000010232,0.01999999999999602
536,529,0.004437279950471287,-0.00046494695421147605,-0.20951054,0.0007259092563196294,-0.006798126926173417,-0.17061214999999974,0.003711370694151658,0.006333179971961941,-0.038898390000000255,0.01999999999999602,0.01999999999999602
542,536,0.001708514638686188,-0.00011548285449799041,-0.231656212,-0.0033199134750456607,-0.01343510518717954,-0.21124604900000016,0.005028428113731848,0.01331962233268155,-0.020410162999999842,0.01999999999999602,0.020000000000010232
547,542,0.004031156685099183,-0.0005125317281077918,-0.25,0.0007280754589757054,-0.02238871415013507,-0.2555152071795866,0.003303081226123478,0.02187618242202728,0.00551520717958659,0.020000000000010232,0.020000000000010232
552,547,0.00106173091229907,-3.208029883876751e-05,-0.250669572,0.0028929431287956233,-0.01713967998557859,-0.23272308100000005,-0.0018312122164965534,0.017107599686739822,-0.017946490999999953,0.020000000000010232,0.020000000000010232
556,552,0.0,0.0,-0.202142857,0.0026966790074188446,-0.007662240557549443,-0.1657013789999997,-0.0026966790074188446,0.007662240557549443,-0.036441478000000305,0.020000000000010232,0.01999999999999602
561,556,-0.00030650365313706615,5.330407873355512e-05,-0.245986931,0.0009462319146524016,-0.0027190377279308247,-0.18290967200000008,-0.0012527355677894678,0.0027723418066643796,-0.06307725899999991,0.01999999999999602,0.01999999999999602
566,561,-0.0,0.0,-0.24909090900000003,0.0010890275034290131,-8.468829214095647e-05,-0.18784459799999986,-0.0010890275034290131,8.468829214095647e-05,-0.061246311000000164,0.01999999999999602,0.01999999999999602
571,566,0.0009647441447557292,-0.00014365263776741595,-0.239810812,0.0014623219771425669,-0.0008678703435802315,-0.16930118400000005,-0.0004975778323868376,0.0007242177058128156,-0.07050962799999996,0.01999999999999602,0.01999999999999602
575,571,0.00012564187443701668,-7.264277318008642e-06,-0.212222775,-0.0028264080548196006,-0.00530716719270239,-0.1725034980000002,0.0029520499292566174,0.005299902915384382,-0.0397192769999998,0.01999999999999602,0.01999999999999602
578,575,5.4032172313162586e-05,-2.0101920606513923e-06,-0.28575246,-0.004922980691877529,-0.013611262821980141,-0.2650102709999999,0.0049770128641906915,0.01360925262991949,-0.020742189000000077,0.01999999999999602,0.01999999999999602
581,578,-2.025602394376834e-06,2.6615773498968037e-07,-0.285897729,-0.0020663571980416573,-0.023140399975186222,-0.28751429500000003,0.0020643315956472806,0.023140666132921213,0.0016165660000000415,0.01999999999999602,0.01999999999999602
584,581,0.0,0.0,-0.24046181800000002,0.0027529772187093802,-0.01367087443786764,-0.21505601099999988,-0.0027529772187093802,0.01367087443786764,-0.02540580700000014,0.01999999999999602,0.01999999999999602
589,584,-2.7468435886080443e-05,6.768948143713921e-06,-0.252119957,0.002611103237541916,-0.006048340544180038,-0.19580555900000007,-0.0026385716734279962,0.006055109492323752,-0.05631439799999993,0.01999999999999602,0.01999999999999602
594,589,-0.00028264516670836704,1.1117237804393123e-05,-0.245814904,0.0003809547670684388,5.2430408370344496e-05,-0.1815391489999999,-0.0006635999337768058,-4.131317056595137e-05,-0.0642757550000001,0.01999999999999602,0.01999999999999602
599,594,0.00039507180843817023,-8.253015043239488e-05,-0.24645295900000003,0.0010412250073078997,-0.0010300486924632827,-0.1785349450000001,-0.0006461531988697295,0.0009475185420308878,-0.06791801399999992,0.01999999999999602,0.01999999999999602
604,599,0.0028651956570667062,-0.0001375656556560764,-0.239121101,0.002176250438563942,-0.0019821122405107323,-0.18422727599999994,0.0006889452185027643,0.0018445465848546559,-0.05489382500000006,0.01999999999999602,0.01999999999999602
628,604,0.34763838105975253,-0.035827159189702584,-0.170923336,0.3447115626970999,-0.03820486907826687,-0.14778561,0.002926818362652628,0.0023777098885642833,-0.023137725999999997,0.01999999999999602,0.020000000000010232
639,628,0.31909001655801306,-0.020400550511612353,-0.111902391,0.31776264721310216,-0.025140856426495335,-0.10229569799999999,0.0013273693449109003,0.004740305914882982,-0.009606693000000015,0.020000000000010232,0.01999999999998181
649,639,0.2934405367596199,-0.008119701659473164,-0.056085203,0.29155153990537197,-0.01172133843517368,-0.053501732999999996,0.0018889968542479263,0.003601636775700516,-0.0025834700000000044,0.01999999999998181,0.01999999999998181
659,649,0.29493304293938477,-0.01063563888691653,-0.055733592,0.295866713692799,-0.015263376110498519,-0.056360419,-0.0009336707534142175,0.0046277372235819896,0.0006268270000000035,0.01999999999998181,0.01999999999998181
669,659,0.289671034560268,-0.004273950187947045,-0.031729346,0.2896422282588328,-0.007136170594056924,-0.03253243099999999,2.8806301435202464e-05,0.0028622204061098788,0.0008030849999999881,0.01999999999998181,0.01999999999998181
678,669,0.2655886082050806,-0.011889523143202074,-0.075345348,0.26447548143950333,-0.018035288297359925,-0.077910638,0.001113126765577288,0.006145765154157851,0.002565289999999998,0.01999999999998181,0.020000000000010232
687,678,0.26268021173433226,-0.017070466026259654,-0.138614139,0.2643459906468689,-0.027534346764073674,-0.13551925699999998,-0.001665778912536664,0.01046388073781402,-0.003094882000000021,0.020000000000010232,0.020000000000010232
696,687,0.2423025097180246,-0.024629662304918455,-0.21489698300000004,0.2449921941762997,-0.03425804125738102,-0.190598893,-0.0026896844582750823,0.009628378952462567,-0.02429809000000005,0.020000000000010232,0.020000000000010232
706,696,0.15209039571867022,-0.01364487108014392,-0.216262232,0.15449210285982462,-0.017531995240332,-0.170484813,-0.0024017071411543967,0.0038871241601880786,-0.04577741899999999,0.020000000000010232,0.020000000000010232
812,706,0.12911098876654548,-0.008767680570131046,0.20204418,0.12442215871748266,6.898156570479819e-05,0.169330885,0.004688830049062814,-0.008836662135835845,0.032713295,0.020000000000010232,0.020000000000010232
821,812,7.367015547787508e-06,8.937515682289772e-08,0.207223014,-0.004494902784195775,0.011274521964818035,0.185097211,0.004502269799743563,-0.011274432589661213,0.022125803,0.020000000000010232,0.020000000000010232
839,821,2.173027117864314e-06,8.965012563468257e-08,0.221310021,-0.0030014341966752922,0.015191323972029366,0.223422826,0.0030036072237931565,-0.015191234321903732,-0.0021128049999999954,0.020000000000010232,0.01999999999998181
843,839,0.0,0.0,0.20090909099999998,0.0004561407145435581,0.016227983600161307,0.19705707100000003,-0.0004561407145435581,-0.016227983600161307,0.003852019999999956,0.01999999999998181,0.020000000000010232
848,843,0.0,0.0,0.24909090900000003,0.002976725308653815,0.012996452674057987,0.217976032,-0.002976725308653815,-0.012996452674057987,0.03111487700000004,0.020000000000010232,0.020000000000010232
853,848,0.002418768969492066,0.000546921185469432,0.246662458,0.004235717651813749,0.0053465677431437965,0.188269666,-0.0018169486823216827,-0.0047996465576743644,0.058392792,0.020000000000010232,0.020000000000010232
858,853,0.03829439150721886,0.006091033967243385,0.246689284,0.037667444755688534,0.0050263514633245646,0.181721515,0.0006269467515303273,0.0010646825039188207,0.06496776900000001,0.020000000000010232,0.020000000000010232
863,858,0.06779031746119475,0.00843016302074865,0.245538617,0.06754036738353533,0.0054138211754587336,0.17704232799999997,0.00024995007765941935,0.0030163418452899167,0.06849628900000002,0.020000000000010232,0.020000000000010232
867,863,0.060693719644611344,0.006433266964615729,0.201984629,0.05914548320175846,0.0066201723949973965,0.1561859,0.0015482364428528808,-0.00018690543038166717,0.04579872900000002,0.020000000000010232,0.020000000000010232
870,867,0.07816903503727662,0.009004445760309534,0.24317343,0.07356758918140407,0.018371242287813914,0.2172890949999999,0.004601445855872549,-0.00936679652750438,0.02588433500000009,0.020000000000010232,0.01999999999998181
873,870,0.08165377166264579,0.011670738969031147,0.283549376,0.07937790255792826,0.023060953121856385,0.2856675240000002,0.002275869104717526,-0.011390214152825238,-0.002118148000000153,0.01999999999998181,0.020000000000010232
876,873,0.0853751284254513,0.01245097392894113,0.29101985699999994,0.08538607712305031,0.022516027688080698,0.26812437499999997,-1.0948697599016954e-05,-0.010065053759139568,0.022895481999999967,0.020000000000010232,0.020000000000010232
879,876,0.08397680831571464,0.01066240992240982,0.22717218099999997,0.08444414565881644,0.015501216967320541,0.1732037230000001,-0.0004673373431018091,-0.0048388070449107215,0.053968457999999886,0.020000000000010232,0.01999999999998181
884,879,0.11779888583643756,0.015125475173481114,0.235140587,0.11584496050325958,0.013388005206308527,0.167187545,0.0019539253331779805,0.001737469967172587,0.06795304200000002,0.01999999999998181,0.01999999999998181
889,884,0.14270945241912122,0.015016097555668382,0.201559759,0.14418220056707148,0.011381218212418498,0.153017411,-0.001472748147950259,0.003634879343249884,0.04854234800000001,0.01999999999998181,0.01999999999998181
898,889,0.2660503095349975,0.02871200922564075,0.14050938,0.2665812445258903,0.020220491599911447,0.10082442200000008,-0.0005309349908928507,0.008491517625729302,0.03968495799999991,0.01999999999998181,0.020000000000010232
907,898,0.2613647227538804,-0.005678133018416527,-0.102559081,0.2613545738381025,-0.004308452913836441,-0.07278101300000017,1.014891577788557e-05,-0.0013696801045800858,-0.029778067999999824,0.020000000000010232,0.020000000000010232
913,907,0.1788063645555987,-0.02129057113069914,-0.223163586,0.17849815626579738,-0.01570180665679541,-0.16627552600000017,0.0003082082898013261,-0.005588764473903732,-0.056888059999999824,0.020000000000010232,0.020000000000010232
917,913,0.1175225791829848,-0.01315853836800656,-0.219048885,0.11768759358024201,-0.008202564988240478,-0.1534930379999997,-0.00016501439725721823,-0.004955973379766082,-0.06555584700000032,0.020000000000010232,0.020000000000010232
921,917,0.11343951246248576,-0.014374188281468157,-0.260697386,0.11120730934798846,-0.015703370544299232,-0.20684498800000006,0.0022322031144973026,0.0013291822628310745,-0.05385239799999991,0.020000000000010232,0.020000000000010232
924,921,0.08704526648043247,-0.00910218005735311,-0.20103897400000004,0.08350619929948111,-0.017926007866296598,-0.1834868970000001,0.003539067180951358,0.008823827808943488,-0.01755207699999994,0.020000000000010232,0.01999999999998181
929,924,0.14420439389667555,-0.017044977928591304,-0.230510439,0.14142355160765832,-0.03577190709964988,-0.235910552,0.0027808422890172324,0.018726929171058573,0.005400112999999985,0.01999999999998181,0.01999999999998181
934,929,0.142011913390338,-0.016061818417947904,-0.226604153,0.1432265690091788,-0.031170516475005912,-0.21415515199999996,-0.001214655618840793,0.015108698057058008,-0.012449001000000045,0.01999999999998181,0.01999999999998181
943,934,0.2610974871793742,-0.034298126752882734,-0.211732292,0.2627703658157716,-0.03728433238281542,-0.16953325799999996,-0.0016728786363974235,0.002986205629932688,-0.04219903400000003,0.01999999999998181,0.020000000000010232
952,943,0.26102226817195684,-0.007296059248415931,-0.040368041,0.2605881823167732,-0.005809437914530799,-0.026954361000000038,0.0004340858551836191,-0.0014866213338851318,-0.013413679999999963,0.020000000000010232,0.020000000000010232
963,952,0.2534172402023616,-0.010606313884289651,-0.09395753300000001,0.2530978995788514,-0.008971981902490767,-0.06486190200000011,0.0003193406235101892,-0.0016343319817988845,-0.0290956309999999,0.020000000000010232,0.020000000000010232
981,963,0.15715237258467066,-0.012271093067472144,-0.206145753,0.15699990795425442,-0.009762232524291259,-0.14373907799999996,0.00015246463041623803,-0.0025088605431808856,-0.06240667500000002,0.020000000000010232,0.020000000000010232
986,981,0.007976581112456946,-0.00014880261843165372,-0.204352779,0.00910515121268875,-0.00012114600029738531,-0.15502774499999994,-0.0011285701002318044,-2.7656618134268415e-05,-0.04932503400000007,0.020000000000010232,0.020000000000010232
992,986,0.005920256608536716,-0.0011829951957731443,-0.24695215200000004,0.0058100283979077415,-0.002024048529233153,-0.175852216,0.00011022821062897474,0.0008410533334600088,-0.07109993600000002,0.020000000000010232,0.020000000000010232
1009,992,0.0036163387891873164,-0.00013818930841137233,-0.20187413500000004,0.002164343236664177,-0.0034369034409963044,-0.15897989099999993,0.0014519955525231394,0.003298714132584932,-0.04289424400000011,0.020000000000010232,0.01999999999998181
1012,1009,0.0001773821179900112,-5.096862012821671e-06,-0.295128099,-0.002007566379228366,-0.005860541821851577,-0.264734872,0.002184948497218377,0.005855444959838755,-0.03039322699999997,0.01999999999998181,0.020000000000010232
1015,1012,-0.0,0.0,-0.296666667,-0.0022156246602383104,-0.018524863072020108,-0.3040781750000001,0.0022156246602383104,0.018524863072020108,0.007411508000000122,0.020000000000010232,0.01999999999998181
1018,1015,0.0052523437766193,-0.0009839916149533552,-0.297445951,0.008365299551803618,-0.01686744161293711,-0.261147793,-0.0031129557751843184,0.015883449997983756,-0.03629815799999997,0.01999999999998181,0.020000000000010232
1021,1018,0.0026656777769136788,-0.00038084386238660566,-0.28208744,0.004555251458675169,0.0011305963588225786,-0.20255864300000004,-0.00188957368176149,-0.0015114402212091844,-0.07952879699999998,0.020000000000010232,0.020000000000010232
1024,1021,7.474611004032962e-05,-1.0224733927767995e-06,-0.299503941,0.0007661635414978136,-0.00029303429036468766,-0.2226446179999999,-0.000691417431457484,0.00029201181697191086,-0.07685932300000009,0.020000000000010232,0.01999999999998181
1027,1024,0.0006005404652427008,-0.00010639211389045877,-0.281574725,0.0008972863097443324,-0.0006524156763217264,-0.19522615699999996,-0.00029674584450163155,0.0005460235624312677,-0.08634856800000007,0.01999999999998181,0.020000000000010232
1030,1027,0.0004207339003138752,-2.931341760481227e-05,-0.290756702,0.0005568082275021742,-0.0005608115043791153,-0.23796743200000003,-0.000136074327188299,0.0005314980867743031,-0.052789269999999944,0.020000000000010232,0.01999999999998181
1033,1030,0.0,0.0,-0.301818182,-0.002980745180838943,-0.010931185248442101,-0.2962584690000001,0.002980745180838943,0.010931185248442101,-0.005559712999999911,0.01999999999998181,0.020000000000010232
1036,1033,0.0,0.0,-0.3,0.0006100788393516955,-0.020297649614368345,-0.28737799499999994,-0.0006100788393516955,0.020297649614368345,-0.012622005000000047,0.020000000000010232,0.020000000000010232
1039,1036,0.002832178299970944,-0.0007771623035477807,-0.290612376,0.004827948853589642,-0.011208552032567086,-0.23674265600000016,-0.001995770553618698,0.010431389729019306,-0.05386971999999984,0.020000000000010232,0.01999999999998181
1042,1039,0.045551978022288706,-0.007362908353775333,-0.281604294,0.04186787735622416,-0.009065667518467525,-0.2029261929999997,0.0036841006660645464,0.001702759164692192,-0.07867810100000028,0.01999999999998181,0.020000000000010232
1045,1042,0.06789313992996249,-0.009832178447744006,-0.293146552,0.06791442691336884,-0.007028245795648664,-0.213987908,-2.128698340635171e-05,-0.0028039326520953416,-0.079158644,0.020000000000010232,0.01999999999998181
1048,1045,0.07927878290265226,-0.011164565374014501,-0.283366148,0.07782383600825599,-0.010108208935448396,-0.21664263700000008,0.0014549468943962779,-0.001056356438566105,-0.0667235109999999,0.01999999999998181,0.020000000000010232
1051,1048,0.0817328214658022,-0.012155233411178704,-0.297434562,0.0770716073592967,-0.019629409809969824,-0.267448033,0.004661214106505496,0.007474176398791121,-0.02998652900000004,0.020000000000010232,0.020000000000010232
1054,1051,0.08092504966488505,-0.011789341623875797,-0.288917321,0.08020210664166706,-0.031122210732169503,-0.2999590871795867,0.0007229430232179868,0.019332869108293706,0.011041766179586687,0.020000000000010232,0.01999999999998181
1057,1054,0.07922034766787328,-0.010128921136392952,-0.250499998,0.08181843624986843,-0.022290949171774363,-0.22228273499999984,-0.002598088581995145,0.012162028035381411,-0.02821726300000016,0.01999999999998181,0.020000000000010232
1062,1057,0.10903700048793663,-0.013781581349272161,-0.226826957,0.10889996678217723,-0.01650203383265323,-0.168328421,0.000137033705759404,0.0027204524833810695,-0.05849853599999999,0.020000000000010232,0.020000000000010232
1072,1062,0.29285589170227944,-0.03342088204792984,-0.11741362,0.2930469418552633,-0.02444404731834121,-0.08254524899999982,-0.00019105015298387373,-0.008976834729588629,-0.034868371000000176,0.020000000000010232,0.020000000000010232
1080,1072,0.23365739985321096,0.02494710242720817,0.215063416,0.23416666719962725,0.015502283776895068,0.15009647899999967,-0.0005092673464162922,0.009444818650313103,0.06496693700000034,0.020000000000010232,0.01999999999998181
1088,1080,0.23499938874068232,0.025385559207210445,0.231822888,0.23127155044178288,0.02473023892428658,0.184350695,0.003727838298899444,0.0006553202829238658,0.047472192999999996,0.01999999999998181,0.020000000000010232
1098,1088,0.29183902015598734,0.03505617623883922,0.206593284,0.2881342727874521,0.04463772963310616,0.19138396999999996,0.003704747368535266,-0.009581553394266938,0.01520931400000003,0.020000000000010232,0.020000000000010232
1108,1098,0.29146362938388587,0.012166182889837021,0.071229889,0.29085136339753875,0.017519543137847853,0.07067486200000014,0.0006122659863471158,-0.005353360248010832,0.0005550269999998608,0.020000000000010232,0.020000000000010232
1118,1108,0.2937175393807071,0.011043755584421888,0.074390053,0.2933639622721307,0.017771332647613932,0.0769424651795865,0.00035357710857641944,-0.006727577063192044,-0.0025524121795865023,0.020000000000010232,0.020000000000010232
1127,1118,0.26351453705813566,0.012901519995078395,0.105986458,0.26366809536667135,0.02200088284546052,0.10680385800000014,-0.00015355830853569508,-0.009099362850382126,-0.0008174000000001347,0.020000000000010232,0.020000000000010232
1136,1127,0.2557291266312525,0.015037330380686928,0.10844185699999999,0.2563927890874941,0.022228790356217477,0.1028747769999998,-0.0006636624562415538,-0.0071914599755305494,0.005567080000000183,0.020000000000010232,0.020000000000010232
1152,1136,0.2517041018276988,0.010637187919497897,0.078067918,0.25329822306265176,0.013952616348489683,0.07005233699999991,-0.0015941212349529499,-0.0033154284289917853,0.008015581000000091,0.020000000000010232,0.020000000000010232
1167,1152,0.0790299581983268,0.004556003740483825,0.20974345900000002,0.08185248038019619,0.011331039716633878,0.17441678400000044,-0.0028225221818693885,-0.006775035976150054,0.035326674999999585,0.020000000000010232,0.020000000000010232
1170,1167,0.002429534650647267,0.00028080091423330977,0.24350813299999996,0.0029399386851935816,-0.0034168554234725364,0.1727402269999998,-0.0005104040345463145,0.003697656337705846,0.07076790600000017,0.020000000000010232,0.01999999999998181
1173,1170,0.0001097254743195504,1.8004264355115325e-06,0.303887133,-0.0006302032911843218,0.00021104350116823764,0.22226181799999978,0.0007399287655038723,-0.0002092430747327261,0.0816253150000002,0.01999999999998181,0.020000000000010232
1176,1173,0.0003640530336256346,6.217463084709545e-05,0.277562358,0.00032669887203345884,0.00038485849332717926,0.19564783500000033,3.735416159217575e-05,-0.0003226838624800838,0.08191452299999968,0.020000000000010232,0.020000000000010232
1179,1176,0.00025582320743598914,2.098724701248045e-05,0.285969871,-0.0016226705456240883,0.0038471357613543943,0.22845634099999979,0.0018784937530600776,-0.003826148514341914,0.0575135300000002,0.020000000000010232,0.01999999999998181
1182,1179,0.0,0.0,0.3,-0.004474567239594155,0.015468356165733064,0.293729616,0.004474567239594155,-0.015468356165733064,0.006270383999999961,0.01999999999998181,0.020000000000010232
1185,1182,0.0,0.0,0.29792,0.0002695401050039772,0.02230993586327636,0.2884079880000001,-0.0002695401050039772,-0.02230993586327636,0.009512011999999903,0.020000000000010232,0.01999999999998181
1188,1185,-3.222204156260113e-05,-7.302113840389339e-06,0.229513461,0.0029275248030398594,0.009665606626159721,0.19273367699999994,-0.0029597468446024605,-0.00967290874000011,0.036779784000000065,0.01999999999998181,0.020000000000010232
1191,1188,-0.001732713167045368,-0.00019695450046041166,0.249970823,-0.0017843092768971757,0.002869583665458939,0.17863168500000004,5.159610985180766e-05,-0.003066538165919351,0.07133913799999997,0.020000000000010232,0.020000000000010232
1200,1191,0.0005348273109761944,-6.760285809766489e-05,-0.221124545,0.0007320073789759418,-0.0005323099005558445,-0.15237577800000013,-0.00019718006799974736,0.0004647070424581796,-0.06874876699999988,0.020000000000010232,0.01999999999998181
1203,1200,0.00042778860914066143,-3.0226212837509612e-05,-0.275770726,0.0005071472393405035,-0.000654666839130659,-0.2205836419999998,-7.935863019984204e-05,0.0006244406262931494,-0.05518708400000022,0.01999999999998181,0.020000000000010232
1206,1203,0.0,0.0,-0.231611676,-0.0032869411949023987,-0.010672078772304973,-0.2165027900000001,0.0032869411949023987,0.010672078772304973,-0.015108885999999879,0.020000000000010232,0.020000000000010232
1210,1206,0.0,-0.0,-0.226486785,-0.0016745549915475675,-0.020302976090064474,-0.23517683899999997,0.0016745549915475675,0.020302976090064474,0.008690053999999975,0.020000000000010232,0.01999999999998181
1214,1210,-5.008538080762602e-06,5.850395657995035e-07,-0.29579904399999996,0.0025915580713509255,-0.0168988667461229,-0.2649301340000001,-0.002596566609431688,0.0168994517856887,-0.03086890999999986,0.01999999999998181,0.01999999999998181
1217,1214,-0.00017575737840743849,4.7830340531345616e-05,-0.298790916,0.002417630826931086,-0.006177203354670096,-0.230223061,-0.0025933882053385247,0.006225033695201442,-0.06856785500000001,0.01999999999998181,0.020000000000010232
1220,1217,-7.949249578375863e-05,1.1187269859610393e-06,-0.29947243,0.0005530825905288378,-0.0004461231370074657,-0.2225929820000001,-0.0006325750863125964,0.00044724186399342674,-0.0768794479999999,0.020000000000010232,0.01999999999998181
1223,1220,0.0005963112746521569,-0.00010613045347929105,-0.281708934,0.0008944449399616579,-0.0006545406366137221,-0.1953554259999999,-0.00029813366530950097,0.0005484101831344311,-0.08635350800000013,0.01999999999998181,0.020000000000010232
1226,1223,0.0004242397334247351,-2.9797609446224213e-05,-0.290622513,0.0005727380472739439,-0.0005444390966540342,-0.2376041390000001,-0.00014849831384920883,0.00051464148720781,-0.053018373999999924,0.020000000000010232,0.020000000000010232
1229,1226,0.0,0.0,-0.3,-0.002978763111648517,-0.010874309676135308,-0.2960804191795863,0.002978763111648517,0.010874309676135308,-0.003919580820413715,0.020000000000010232,0.01999999999998181
1232,1229,0.003298492429839729,-0.0004959144985932551,-0.289773669,0.003907868016378319,-0.02061457133976566,-0.2786489040000002,-0.0006093755865385899,0.020118656841172408,-0.011124764999999814,0.01999999999998181,0.020000000000010232
1235,1232,0.009219784008715782,-0.0018668445252946913,-0.288345591,0.010800973411149415,-0.012001312036340929,-0.23000311799999995,-0.0015811894024336335,0.010134467511046238,-0.05834247300000006,0.020000000000010232,0.01999999999998181
1238,1235,0.017069686182545517,-0.0025194808001472568,-0.28445246399999996,0.016843286601973716,-0.0033964940783247355,-0.20115967299999982,0.0002263995805718011,0.0008770132781774787,-0.08329279100000014,0.01999999999998181,0.020000000000010232
1241,1238,0.005713782906350309,-0.00035562543726373546,-0.30162027299999994,0.006775503847233877,-0.0007913575819132987,-0.217819553,-0.0010617209408835685,0.00043573214464956325,-0.08380071999999994,0.020000000000010232,0.020000000000010232
1244,1241,0.0007907012628374897,-0.00011026886221050271,-0.270839948,0.0014396778803854736,-0.00040374267520547135,-0.1955780090000001,-0.0006489766175479839,0.00029347381299496864,-0.07526193899999989,0.020000000000010232,0.01999999999998181
1247,1244,7.28809843263333e-05,-1.2115628851862722e-06,-0.2995159539999999,-0.0013880349096797601,-0.003446882505459301,-0.2680574229999999,0.0014609158940060935,0.0034456709425741143,-0.03145853100000001,0.01999999999998181,0.020000000000010232
1250,1247,-0.0,0.0,-0.3,-0.0025006306791999326,-0.01645459016878278,-0.304686217,0.0025006306791999326,0.01645459016878278,0.0046862169999999925,0.020000000000010232,0.01999999999998181
1253,1250,0.0,0.0,-0.27110769200000007,0.0025560048708619734,-0.01647195299565772,-0.24463146700000005,-0.0025560048708619734,0.01647195299565772,-0.02647622500000002,0.01999999999998181,0.020000000000010232
1256,1253,-3.259579314937833e-07,7.178040746815283e-08,-0.219936247,0.002611454396979075,-0.006201400254301651,-0.17525770699999998,-0.002611780354910569,0.006201472034709119,-0.04467854000000002,0.020000000000010232,0.020000000000010232
1259,1256,0.007977216811709294,-0.0011862779160869553,-0.278544866,0.00801791289709479,-0.001651596671528397,-0.200508048,-4.069608538549534e-05,0.00046531875544144176,-0.07803681800000001,0.020000000000010232,0.01999999999998181
1262,1259,0.007575250109688376,-0.0009841480369046358,-0.29433701999999995,0.008214447329678224,-0.0014862493695286141,-0.2137287470000001,-0.0006391972199898477,0.0005021013326239783,-0.08060827299999984,0.01999999999998181,0.020000000000010232
1266,1262,0.0015913178211699056,-7.060425271231401e-05,-0.209433356,0.0026182841423844517,0.0007374689602791128,-0.15783666799999996,-0.001026966321214546,-0.0008080732129914268,-0.05159668800000003,0.020000000000010232,0.020000000000010232
1285,1266,0.0449644512054239,0.006664815436292744,0.25453409500000007,0.04069617599565453,0.011147849823144736,0.178473773,0.0042682752097693705,-0.004483034386851992,0.07606032200000006,0.020000000000010232,0.01999999999998181
1288,1285,0.07966215184935985,0.011776026378512605,0.288067409,0.0787419006608662,0.010033611913278957,0.212829956,0.0009202511884936482,0.001742414465233648,0.07523745300000001,0.01999999999998181,0.020000000000010232
1291,1288,0.08665117121060674,0.011800739673341847,0.269814542,0.08639515977628998,0.007094929537346813,0.19271638599999996,0.00025601143431676354,0.004705810135995034,0.07709815600000003,0.020000000000010232,0.020000000000010232
1294,1291,0.08125679658043658,0.011467385988394481,0.278354816,0.07830123901245223,0.011005335474402477,0.21683544099999996,0.0029555575679843515,0.0004620505139920038,0.06151937500000004,0.020000000000010232,0.01999999999998181
1297,1294,0.08359395835484937,0.01055507629642772,0.247020933,0.0791357954589686,0.020462002342988853,0.22524091700000004,0.004458162895880774,-0.009906926046561133,0.021780015999999958,0.01999999999998181,0.020000000000010232
1300,1297,0.08718345302910328,0.010109633483191487,0.224357761,0.08590964446961626,0.020842239535529147,0.23109428100000007,0.0012738085594870274,-0.01073260605233766,-0.006736520000000079,0.020000000000010232,0.01999999999998181
1310,1300,0.2940370841720577,0.010471691583862519,-0.11458739100000001,0.293493859208552,0.003148388930809737,-0.11703681500000004,0.0005432249635057285,0.007323302653052782,0.0024494240000000334,0.01999999999998181,0.01999999999998181
1321,1310,0.3283882966963876,-0.004927194081712688,-0.018333628,0.32839598016952465,-0.006923576011990876,-0.019545974999999986,-7.683473137065633e-06,0.001996381930278188,0.0012123469999999852,0.01999999999998181,0.020000000000010232
1337,1321,0.33504584253696157,-0.0012250111842604938,0.263917551,0.33333625589025484,0.0031227681436083003,0.252924637,0.0017095866467067289,-0.004347779327868794,0.010992913999999965,0.020000000000010232,0.020000000000010232
1340,1337,0.07499998237769169,0.008444039907230316,0.222300847,0.06429399146739927,0.012768805830176864,0.13055823099999997,0.010705990910292423,-0.0043247659229465486,0.09174261600000003,0.020000000000010232,0.01999999999998181
1344,1340,0.10197965618987094,0.013375282182699285,0.209808963,0.09956308070713582,0.014919697307798161,0.1407883379999999,0.00241657548273512,-0.001544415125098876,0.06902062500000009,0.01999999999998181,0.01999999999998181
1348,1344,0.10717642834797132,-0.0076852219686491235,-0.22010525,0.10343586688365515,-0.009949978152408293,-0.17273661099999993,0.003740561464316172,0.002264756183759169,-0.04736863900000007,0.01999999999998181,0.020000000000010232
1351,1348,0.07068563195344633,-0.008906454700299157,-0.289229927,0.07125886026326127,-0.01721758720547025,-0.25784581799999984,-0.0005732283098149327,0.008311132505171095,-0.03138410900000016,0.020000000000010232,0.020000000000010232
1366,1351,0.03578600654796794,0.0035190612343164764,0.231260108,0.03812502838799211,0.03204911166062649,0.22138434499999993,-0.002339021840024172,-0.028530050426310013,0.009875763000000065,0.020000000000010232,0.020000000000010232
1371,1366,0.026600816438901262,0.0030692403825615076,0.24666172800000002,0.029131931937689197,0.01180137611336942,0.20234300600000021,-0.002531115498787935,-0.008732135730807913,0.04431872199999981,0.020000000000010232,0.020000000000010232
1376,1371,0.01495665666825031,0.0018537942499844914,0.242821864,0.016152520673173024,0.004590567390201227,0.1808853909999999,-0.0011958640049227146,-0.0027367731402167354,0.0619364730000001,0.020000000000010232,0.020000000000010232
1383,1376,0.01637000193750795,0.001582700431727683,0.22457303499999998,0.016122919920295603,0.0009865841716477563,0.168559605,0.0002470820172123453,0.0005961162600799266,0.05601342999999998,0.020000000000010232,0.020000000000010232
1391,1383,0.016401768822106935,0.0018929584430097367,0.21531191,0.015800030689849507,0.00187668904607131,0.15476217699999983,0.0006017381322574282,1.626939693842675e-05,0.06054973300000016,0.020000000000010232,0.020000000000010232
1399,1391,0.026501394260086502,0.002924670249655358,0.21064764,0.02319845423653845,0.007478602485528528,0.1670866580000001,0.003302940023548053,-0.00455393223587317,0.04356098199999989,0.020000000000010232,0.01999999999998181
1407,1399,0.029713321160394962,0.00325179131414576,0.20157621600000003,0.025340048341956228,0.013096444562475726,0.1774532770000002,0.004373272818438734,-0.009844653248329966,0.024122938999999843,0.01999999999998181,0.020000000000010232
1419,1407,0.04881592253763331,0.00631605883735805,0.24232807800000003,0.04400221607864037,0.023625396212804704,0.23641370017958632,0.004813706458992942,-0.017309337375446654,0.005914377820413708,0.020000000000010232,0.01999999999998181
1424,1419,0.044922993836897865,0.004731577920209765,0.21397765,0.045165598599189075,0.021854232597128924,0.21299957000000003,-0.00024260476229120975,-0.01712265467691916,0.0009780799999999645,0.01999999999998181,0.01999999999998181
1431,1424,0.046650724911554274,0.004727480881510732,0.212760716,0.048930461690404325,0.015665303438991744,0.1854741999999998,-0.0022797367788500514,-0.010937822557481013,0.027286516000000177,0.01999999999998181,0.020000000000010232
1452,1431,0.06433329633169123,-0.0020681874241820775,-0.224059062,0.060538911260733096,-0.011046531681582955,-0.19727919699999985,0.0037943850709581325,0.008978344257400878,-0.026779865000000153,0.020000000000010232,0.020000000000010232
1461,1452,0.15406160168187744,-0.010714108371519785,-0.24210990999999998,0.15496020907413058,-0.01284288453993571,-0.2357662901795863,-0.0008986073922531423,0.002128776168415924,-0.006343619820413675,0.020000000000010232,0.020000000000010232
1466,1461,0.10205198267918572,-0.012960483251189245,-0.24725291500000002,0.10261093152805804,-0.029644695125829252,-0.2377399210000002,-0.0005589488488723232,0.016684211874640007,-0.00951299399999983,0.020000000000010232,0.020000000000010232
1471,1466,0.11317489960924504,-0.013881318952377285,-0.239904071,0.1148721012685924,-0.022374018511444188,-0.19749501899999977,-0.0016972016593473638,0.008492699559066903,-0.04240905200000023,0.020000000000010232,0.020000000000010232
1480,1471,0.09079286359123581,-0.009162096911794357,-0.205472922,0.09223489337520413,-0.010801860417056747,-0.15368935800000028,-0.0014420297839683183,0.00163976350526239,-0.05178356399999973,0.020000000000010232,0.01999999999998181
1491,1480,0.09400209556216398,-0.00995645724846854,-0.209830354,0.09477614023265517,-0.007041306334777231,-0.15201639600000005,-0.0007740446704911919,-0.0029151509136913084,-0.05781395799999994,0.01999999999998181,0.020000000000010232
1502,1491,0.09578252032003208,-0.010205166463462572,-0.212355478,0.09661028417334554,-0.008168902345896248,-0.157270864,-0.0008277638533134568,-0.002036264117566324,-0.055084613999999976,0.020000000000010232,0.020000000000010232
1514,1502,0.10457666636172555,-0.011157917355707482,-0.21217588,0.10278110825338693,-0.011111513968092464,-0.1604635459999999,0.0017955581083386185,-4.6403387615018624e-05,-0.05171233400000012,0.020000000000010232,0.01999999999998181
1528,1514,0.1192278762070045,-0.012787918176885564,-0.20270190800000001,0.11537667222790637,-0.018394752120608267,-0.170118628,0.0038512039790981195,0.005606833943722703,-0.03258328000000002,0.01999999999998181,0.020000000000010232
1548,1528,0.17105544718278154,-0.019441809409866805,-0.201850284,0.1669744328256365,-0.031086614959738766,-0.188159521,0.00408101435714503,0.011644805549871962,-0.013690762999999995,0.020000000000010232,0.020000000000010232
1587,1548,0.2973482472906957,-0.028185237879767455,-0.159370346,0.2954965526944587,-0.042903780885075064,-0.16411931000000002,0.001851694596237019,0.014718543005307609,0.004748964000000022,0.020000000000010232,0.020000000000010232
1707,1587,0.3024462391056518,0.00907314343090776,0.117089831,0.3020407994611951,0.02010237771497146,0.12120377500000012,0.00040543964445671765,-0.011029234284063702,-0.004113944000000119,0.020000000000010232,0.020000000000010232
1724,1707,0.023702570981929655,-0.0017625143846537183,-0.207663162,0.022181324885042757,-0.020185837807861005,-0.21340394700000004,0.0015212460968868982,0.018423323423207287,0.005740785000000026,0.020000000000010232,0.01999999999998181
1740,1724,0.02297633432370394,-0.002411840493944226,-0.202096531,0.024780466243433094,-0.016019059321732705,-0.18778918900000008,-0.0018041319197291544,0.01360721882778848,-0.014307341999999916,0.01999999999998181,0.01999999999998181
1764,1740,0.02521313373807575,-0.00257997857242194,-0.201843458,0.028004339580110945,-0.010505598430966469,-0.16904969600000008,-0.0027912058420351965,0.007925619858544529,-0.032793761999999914,0.01999999999998181,0.01999999999998181
1776,1764,0.0010268458779165816,2.4470416582575362e-05,-0.20822136800000002,0.002570755399759112,-0.0030821575029088555,-0.15667510699999998,-0.0015439095218425306,0.0031066279194914307,-0.05154626100000004,0.01999999999998181,0.020000000000010232
1790,1776,-9.663600251163377e-05,1.502972911104514e-06,-0.20643556099999996,0.0005403337912750508,0.00038321820338818303,-0.15247778600000006,-0.0006369697937866846,-0.00038171523047707853,-0.0539577749999999,0.020000000000010232,0.01999999999998181
1812,1790,0.0002433326144249679,-4.4591772672881177e-05,-0.205361261,0.000851433300333542,-0.0008368520963043574,-0.1493428619999999,-0.0006081006859085741,0.0007922603236314763,-0.05601839900000008,0.01999999999998181,0.020000000000010232
1841,1812,0.00016381487380229257,-1.8773308549539947e-06,-0.20352826,-0.002138999153711846,-0.0034217594833697244,-0.15524746499999997,0.002302814027514139,0.0034198821525147703,-0.048280795000000015,0.020000000000010232,0.020000000000010232
1878,1841,0.16064299315618746,-0.019479547332061475,-0.209132737,0.15667844452312035,-0.024782263312880762,-0.17713069600000003,0.003964548633067111,0.005302715980819286,-0.03200204099999998,0.020000000000010232,0.020000000000010232
1908,1878,0.24789049127949897,-0.026574514226256438,-0.20547074500000004,0.24392712622482512,-0.03866669310353062,-0.19386443499999995,0.003963365054673845,0.012092178877274179,-0.011606310000000092,0.020000000000010232,0.020000000000038654
1938,1908,0.26637231659722976,-0.029979368425785233,-0.20507151700000004,0.26441997222099267,-0.04910993356503214,-0.211092111,0.0019523443762370918,0.019130565139246908,0.0060205939999999625,0.020000000000038654,0.020000000000038654
1967,1938,0.2538993603527552,-0.02483654603586287,-0.206321984,0.2554993822082871,-0.038093985259272975,-0.19307118500000006,-0.00160002185553193,0.013257439223410106,-0.013250798999999952,0.020000000000038654,0.01999999999998181
1983,1967,0.13836659938491258,-0.014184359924410514,-0.21339741900000003,0.14158555093136216,-0.021176307952347637,-0.17933061099999997,-0.0032189515464495777,0.006991948027937123,-0.03406680800000006,0.01999999999998181,0.020000000000038654
1996,1983,0.11312361432458663,-0.011466768422497366,-0.203306043,0.1138383327794139,-0.011768246475918433,-0.14848924800000002,-0.0007147184548272623,0.00030147805342106704,-0.05481679499999997,0.020000000000038654,0.01999999999998181
2008,1996,0.10352694426528346,-0.01102843128795736,-0.210227077,0.10456876352513517,-0.0076965009445898735,-0.15437115499999998,-0.001041819259851709,-0.003331930343367486,-0.05585592200000003,0.01999999999998181,0.020000000000038654
2018,2008,0.10603781977828726,-0.011157646944109367,-0.202341452,0.10618050318494916,-0.010112635212866775,-0.15230971800000004,-0.00014268340666190316,-0.0010450117312425927,-0.05003173399999997,0.020000000000038654,0.020000000000038654
2023,2018,0.12923781597047557,-0.015493695292159819,-0.23782378700000004,0.12751535523920157,-0.011661838353266951,-0.17414108099999992,0.0017224607312739948,-0.0038318569388928678,-0.06368270600000012,0.020000000000038654,0.020000000000038654
2028,2023,0.142944368077368,-0.015005753298255903,-0.209218319,0.139513413791908,-0.01990311251585048,-0.176966878,0.003430954285460003,0.004897359217594578,-0.03225144100000002,0.020000000000038654,0.020000000000038654
2039,2028,0.3188159645604771,-0.039044630707841116,-0.188486261,0.31569027841523256,-0.04899151404288474,-0.1783395780000001,0.003125686145244555,0.009946883335043621,-0.010146682999999879,0.020000000000038654,0.01999999999998181
2049,2039,0.29551439423019465,-0.005246177958890166,-0.03131684,0.2953190771981886,-0.007768636219527933,-0.031274000999999885,0.00019531703200603712,0.0025224582606377666,-4.283900000011387e-05,0.01999999999998181,0.01999999999998181
2059,2049,0.29410074971651584,-0.002088635565928809,-0.018685004,0.294040792495491,-0.003682084898164132,-0.01896605700000009,5.995722102486445e-05,0.0015934493322353228,0.00028105300000009006,0.01999999999998181,0.01999999999998181
2069,2059,0.29527806085448305,-0.004101408110277968,-0.030589505,0.29530369686360086,-0.00682509485488896,-0.031542063999999925,-2.5636009117813163e-05,0.002723686744610992,0.0009525589999999258,0.01999999999998181,0.01999999999998181
2079,2069,0.29656844460012144,-0.005215512273355441,-0.027877957,0.29652943933822173,-0.007876563622421522,-0.029149791000000036,3.900526189970499e-05,0.002661051349066081,0.0012718340000000374,0.01999999999998181,0.01999999999998181
2089,2079,0.29497295537731766,-0.0056592251377174385,-0.02884922,0.2950155919526967,-0.008283964827909007,-0.029631471000000076,-4.2636575379062513e-05,0.002624739690191568,0.0007822510000000776,0.01999999999998181,0.01999999999998181
2099,2089,0.2800404034942724,0.005935805254152146,0.027892674,0.2790189130143266,0.008506128174969499,0.0294547730000001,0.001021490479945819,-0.002570322920817353,-0.0015620990000001014,0.01999999999998181,0.01999999999998181
2126,2099,0.26633877369663406,-0.005062763690546659,0.129510014,0.26734187144032817,0.004665902371883264,0.13123633499999987,-0.0010030977436941146,-0.009728666062429923,-0.001726320999999864,0.01999999999998181,0.01999999999998181
2130,2126,0.003012076493068839,4.712651944634074e-05,0.271566202,0.004984778076977928,0.013954234792437164,0.24524337500000004,-0.001972701583909089,-0.013907108272990822,0.026322826999999938,0.01999999999998181,0.020000000000038654
2133,2130,-2.717667267584339e-06,-6.673294708767732e-07,0.253602735,0.00303762404351983,0.007926162775076314,0.20746314600000004,-0.0030403417107874144,-0.007926830104547191,0.04613958899999998,0.020000000000038654,0.020000000000038654
2136,2133,-0.00032378426566503937,-2.6552344373918975e-05,0.200745847,-0.00022436693325386876,0.0010827424357026379,0.14441110899999998,-9.941733241117061e-05,-0.0011092947800765568,0.05633473800000002,0.020000000000038654,0.01999999999998181
2140,2136,-0.0,0.0,0.210354872,-0.0009238181615061956,-0.0002013001978546894,0.15907224600000003,0.0009238181615061956,0.0002013001978546894,0.05128262599999997,0.01999999999998181,0.020000000000038654
2146,2140,0.0005408553119121052,6.186508438092733e-05,0.213938458,-0.00011414568637777066,0.0014637545457772312,0.15376879899999985,0.0006550009982898759,-0.0014018894613963039,0.06016965900000015,0.020000000000038654,0.01999999999998181
