t_rel,x,y,yaw,v_act,w_act,v_nav,w_nav,v_smoothed,v_cmdvel,v_wheel,cm_action,cm_polygon,scan_min,dwb_n,dwb_illegal,dwb_best_vx,dwb_best_total
0.0,,,,,,,,,,,,,,,,,
0.1,-2.0,0.0,-0.0,0.0,0.0,,,,,,,,0.954,819,0,0.0,53.0
0.2,-2.0,0.0,-0.0,0.0,0.0,0.0,0.7949,0.0,0.0,0.0,,,0.954,819,0,0.0,54.4
0.3,-2.0,0.0,-0.0,0.0,0.0,0.0,0.7949,0.0,0.0,0.0,,,0.955,819,0,0.0,54.4
0.4,-2.0,0.0,-0.0,0.0,0.0,0.0,0.7436,0.0,0.0,0.0,,,0.962,819,0,0.0,54.4
0.5,-2.0,0.0,0.0004,-0.0,0.0194,0.0,0.6923,0.0,0.0,0.0,,,0.962,819,0,0.0,54.4
0.6,-2.0,0.0002,0.0062,-0.0,0.1874,0.0,0.641,0.0,0.0,0.0,,,0.962,819,0,0.0,53.0
0.7,-2.0,0.0202,0.3407,0.0166,0.8354,0.0,1.0,0.0,0.0,0.0,,,0.966,819,0,0.0,53.0
0.8,-2.0,0.0221,0.3734,0.0168,0.8131,0.0,0.9487,0.0,0.0,0.0,,,0.966,819,0,0.0,54.0
0.9,-2.0,0.023,0.3895,0.0166,0.8054,0.0,0.7949,0.0,0.0,0.0,,,0.966,819,0,0.0,52.6
1.0,-2.0,0.0238,0.4054,0.0164,0.7978,0.0,0.7436,0.0,0.0,0.0,,,0.966,819,0,0.0,54.2
1.1,-2.0001,0.0309,0.6111,0.004,0.5089,0.0,0.6923,0.0,0.0,0.0,,,0.965,819,0,0.0,54.2
1.2,-2.0001,0.031,0.6211,0.002,0.4989,0.0,0.6923,0.0,0.0,0.0,,,0.965,819,0,0.0,54.2
1.3,-2.0002,0.031,0.6308,-0.0003,0.488,0.2526,1.0,0.125,0.125,0.125,,,0.965,819,0,0.2526,36.8
1.4,-2.0003,0.0311,0.6403,-0.0027,0.4763,0.1737,1.0,0.25,0.25,0.25,,,0.958,819,0,0.1737,37.6
1.5,-2.0003,0.0312,0.6499,-0.0003,0.48,0.2684,1.0,0.1737,0.1737,0.1737,,,0.956,819,0,0.2684,35.6
1.6,-2.0001,0.0317,0.6601,0.0245,0.5064,0.3,0.8974,0.1737,0.1737,0.1737,,,0.944,819,0,0.3,34.4
1.7,-1.9916,0.0407,0.7218,0.1667,0.7323,0.3,1.0,0.2684,0.2684,0.2684,,,0.938,819,0,0.3,32.0
1.8,-1.9819,0.0503,0.7822,0.1762,0.7524,0.3,1.0,0.2684,0.2684,0.2684,,,0.929,819,0,0.3,31.4
1.9,-1.9685,0.0641,0.8397,0.2616,0.7528,0.3,0.8974,0.3,0.3,0.3,,,0.927,819,0,0.3,30.8
2.0,-1.8905,0.1949,1.2028,0.2742,0.7743,0.3,1.0,0.3,0.3,0.3,,,0.93,819,0,0.3,30.8
2.1,-1.8855,0.2221,1.2847,0.2716,0.8453,0.2842,0.9487,0.2842,0.2842,0.2842,,,0.926,819,0,0.3,30.8
2.2,-1.8847,0.2276,1.3017,0.2727,0.8534,0.2842,0.6923,0.2842,0.2842,0.2842,,,0.91,819,0,0.2842,32.4
2.3,-1.8841,0.233,1.319,0.274,0.8635,0.2842,0.5897,0.2842,0.2842,0.2842,,,0.889,819,0,0.2842,31.2
2.4,-1.8829,0.2441,1.3539,0.2762,0.8701,0.3,0.5385,0.2842,0.2842,0.2842,,,0.873,819,0,0.3,31.2
2.5,-1.8817,0.3294,1.5374,0.2801,0.5136,0.2842,0.4872,0.2842,0.2842,0.2842,0,,0.853,819,0,0.3,31.2
2.6,-1.8821,0.3351,1.5476,0.2834,0.5095,0.3,0.5385,0.2842,0.2842,0.2842,0,,0.853,819,0,0.3,32.0
2.7,-1.8826,0.3407,1.5578,0.2837,0.5128,0.3,0.3846,0.3,0.2842,0.2842,4,PolygonLimit,0.838,819,0,0.3,28.8
2.8,-1.8844,0.3577,1.5889,0.2821,0.5198,0.3,0.2821,0.3,0.3,0.3,0,,0.808,819,0,0.3,30.0
2.9,-1.9013,0.4508,1.7112,0.2868,0.2258,0.2842,0.2308,0.2842,0.2842,0.2842,0,,0.79,819,0,0.2842,29.0
3.0,-1.9075,0.4792,1.7339,0.2979,0.2393,0.3,0.2821,0.3,0.3,0.3,0,,0.778,819,0,0.3,28.8
3.1,-1.9075,0.4792,1.7339,0.2979,0.2393,0.3,0.1795,0.3,0.3,0.3,0,,0.778,819,0,0.3,28.4
3.2,-1.9103,0.491,1.7447,0.3037,0.2707,0.3,0.0769,0.3,0.3,0.3,0,,0.757,819,0,0.3,29.6
3.3,-1.9147,0.5087,1.7588,0.3026,0.1831,0.3,0.0256,0.3,0.3,0.3,0,,0.757,819,0,0.3,27.6
3.4,-1.9346,0.5968,1.7807,0.2996,-0.024,0.3,-0.0256,0.3,0.3,0.3,0,,0.739,819,0,0.3,27.6
3.5,-1.9346,0.5968,1.7807,0.2996,-0.024,0.3,-0.0256,0.3,0.3,0.3,0,,0.739,819,0,0.3,28.8
3.6,-1.937,0.6086,1.7798,0.2996,-0.0241,0.3,0.0256,0.2684,0.2684,0.2684,0,,0.727,819,0,0.3,29.4
3.7,-1.9383,0.6144,1.7793,0.2996,-0.0241,0.2842,0.0256,0.3,0.2684,0.2684,0,,0.723,819,0,0.2842,29.4
3.8,-1.9383,0.6144,1.7793,0.2996,-0.0241,0.2842,0.0256,0.3,0.2684,0.2684,0,,0.723,819,0,0.2842,29.4
3.9,-1.9394,0.6201,1.779,0.2904,-0.012,0.3,-0.0256,0.3,0.3,0.3,0,,0.718,819,0,0.3,30.0
4.0,-1.9417,0.6306,1.779,0.2684,0.0,0.2842,-0.0256,0.2842,0.3,0.3,0,,0.716,819,0,0.2842,28.8
4.1,-1.9488,0.6641,1.7804,0.3004,0.0241,0.3,0.0,0.2842,0.2842,0.2842,0,,0.715,819,0,0.3,31.4
4.2,-1.9563,0.698,1.7832,0.2846,0.024,0.3,-0.0256,0.3,0.2842,0.2842,0,,0.715,819,0,0.3,30.2
4.3,-1.9612,0.7212,1.7819,0.2996,-0.024,0.3,-0.0769,0.3,0.3,0.3,0,,0.716,819,0,0.3,30.6
4.4,-1.9659,0.7438,1.78,0.2838,-0.0241,0.2684,-0.0256,0.2842,0.3,0.3,0,,0.719,819,0,0.2684,30.0
4.5,-1.978,0.8018,1.7776,0.2996,-0.0241,0.3,-0.0256,0.3,0.2842,0.2842,0,,0.726,819,0,0.3,28.2
4.6,-1.9837,0.8312,1.7725,0.2989,-0.0725,0.2842,-0.0256,0.3,0.3,0.3,0,,0.732,819,0,0.2842,30.0
4.7,-1.989,0.8589,1.7682,0.2681,-0.0242,0.3,0.0256,0.3,0.3,0.3,0,,0.738,819,0,0.3,28.4
4.8,-1.9934,0.8814,1.7675,0.3,0.0,0.3,-0.0256,0.3,0.3,0.3,0,,0.743,819,0,0.3,29.4
4.9,-1.9992,0.9108,1.7663,0.2996,-0.0242,0.3,-0.0769,0.3,0.3,0.3,0,,0.749,819,0,0.3,28.2
5.0,-2.0057,0.9451,1.7634,0.2839,-0.0243,0.2842,-0.0256,0.3,0.3,0.3,0,,0.755,819,0,0.2842,31.2
5.1,-2.0114,0.974,1.7642,0.3004,0.0243,0.3,0.0,0.2684,0.3,0.3,0,,0.76,819,0,0.3,29.4
5.2,-2.0171,1.0035,1.7634,0.2996,-0.0243,0.2842,0.0,0.2684,0.2684,0.2684,0,,0.766,819,0,0.2842,31.4
5.3,-2.0171,1.0035,1.7634,0.2996,-0.0243,0.2842,0.0,0.2684,0.2684,0.2684,0,,0.766,819,0,0.2842,31.4
5.4,-2.0284,1.0669,1.7533,0.2839,-0.0244,0.3,-0.0769,0.2842,0.2842,0.2842,0,,0.776,819,0,0.3,29.4
5.5,-2.0316,1.0845,1.7531,0.3,0.0,0.3,-0.1282,0.2842,0.2842,0.2842,0,,0.782,819,0,0.3,31.4
5.6,-2.0369,1.1132,1.7531,0.2842,0.0,0.3,-0.0769,0.3,0.3,0.3,0,,0.787,819,0,0.3,29.4
5.7,-2.0471,1.1714,1.7472,0.299,-0.0735,0.3,-0.0769,0.2842,0.2842,0.2842,0,,0.792,819,0,0.3,31.8
5.8,-2.0566,1.2365,1.7276,0.2984,-0.124,0.2842,-0.1282,0.3,0.3,0.3,0,,0.797,819,0,0.2842,31.8
5.9,-2.0574,1.2424,1.7251,0.2985,-0.1241,0.3,0.0,0.3,0.3,0.3,0,,0.801,819,0,0.3,33.0
6.0,-2.0581,1.2483,1.723,0.2987,-0.1067,0.2842,0.0,0.3,0.3,0.3,0,,0.806,819,0,0.2842,32.4
6.1,-2.0674,1.3246,1.7006,0.283,-0.126,0.3,-0.0256,0.2842,0.2842,0.2842,0,,0.809,819,0,0.3,31.8
6.2,-2.0707,1.3538,1.6954,0.3,0.0,0.2842,-0.0256,0.3,0.3,0.3,0,,0.813,819,0,0.2842,34.2
6.3,-2.0714,1.3598,1.6954,0.3,0.0,0.3,-0.0769,0.2842,0.2842,0.2842,0,,0.817,819,0,0.3,34.8
6.4,-2.0729,1.3712,1.6954,0.2842,0.0,0.2684,-0.0769,0.3,0.3,0.3,0,,0.822,819,0,0.2684,36.0
6.5,-2.0764,1.3999,1.6948,0.2997,-0.0253,0.3,-0.0256,0.2684,0.2684,0.2684,0,,0.828,819,0,0.3,35.4
6.6,-2.0889,1.5204,1.6753,0.2998,-0.0256,0.3,-0.0769,0.3,0.3,0.3,0,,0.834,819,0,0.3,35.4
6.7,-2.0912,1.5442,1.6719,0.2995,-0.0769,0.3,-0.0769,0.3,0.3,0.3,0,,0.841,819,0,0.3,35.4
6.8,-2.0916,1.5502,1.6703,0.2993,-0.077,0.2842,-0.0769,0.2842,0.2842,0.2842,0,,0.851,819,0,0.2842,36.6
6.9,-2.0916,1.5502,1.6703,0.2993,-0.077,0.2842,-0.0769,0.2842,0.2842,0.2842,0,,0.851,819,0,0.2842,36.6
7.0,-2.0921,1.5562,1.6688,0.2994,-0.0771,0.3,-0.0769,0.2842,0.2842,0.2842,0,,0.859,819,0,0.3,36.0
7.1,-2.0926,1.5621,1.6672,0.2994,-0.0771,0.3,0.0,0.3,0.3,0.3,0,,0.844,819,0,0.3,35.4
7.2,-2.0942,1.585,1.6613,0.2836,-0.0774,0.2842,-0.0256,0.3,0.3,0.3,0,,0.798,819,0,0.3,36.0
7.3,-2.0961,1.6144,1.6537,0.2994,-0.0778,0.3,-0.0256,0.3,0.3,0.3,0,,0.775,819,0,0.2842,36.6
7.4,-2.0978,1.6383,1.651,0.3,0.0,0.2842,-0.0256,0.3,0.3,0.3,0,,0.752,819,0,0.3,36.0
7.5,-2.1077,1.7846,1.6371,0.2995,-0.0786,0.2684,-0.0769,0.3,0.3,0.3,0,,0.731,819,0,0.3,36.0
7.6,-2.1088,1.8076,1.6315,0.2683,-0.078,0.3,-0.0256,0.2684,0.2684,0.2684,0,,0.709,819,0,0.3,36.0
7.7,-2.1088,1.8076,1.6315,0.2683,-0.078,0.3,-0.0256,0.2684,0.2684,0.2684,0,,0.709,819,0,0.3,36.0
7.8,-2.109,1.8129,1.6299,0.2681,-0.0789,0.3,-0.0769,0.3,0.3,0.2684,0,,0.691,819,0,0.3,35.6
7.9,-2.1091,1.8183,1.6284,0.268,-0.079,0.2842,-0.0256,0.3,0.3,0.3,0,,0.672,819,0,0.2842,34.8
8.0,-2.1128,1.9176,1.6132,0.2989,-0.0202,0.3,-0.0256,0.3,0.3,0.3,0,,0.636,819,0,0.3,34.8
8.1,-2.113,1.9236,1.6127,0.2999,-0.0266,0.2842,-0.0256,0.2842,0.2842,0.2842,0,,0.619,819,0,0.2842,35.4
8.2,-2.1132,1.9296,1.6121,0.2999,-0.0266,0.3,-0.0769,0.2842,0.2842,0.2842,0,,0.605,819,0,0.3,34.2
8.3,-2.1138,1.9473,1.6106,0.2849,-0.0219,0.3,0.0,0.2842,0.2842,0.2842,0,,0.591,819,0,0.3,33.0
8.4,-2.1139,1.953,1.6101,0.2841,-0.0266,0.2842,0.0,0.2842,0.2842,0.2842,0,,0.578,819,0,0.2842,33.0
8.5,-2.1149,2.017,1.5965,0.284,-0.0806,0.3,0.0769,0.2842,0.2842,0.2842,0,,0.569,819,0,0.3,30.8
8.6,-2.1156,2.0584,1.5929,0.3,0.0,0.3,0.0769,0.3,0.3,0.3,0,,0.558,819,0,0.2842,30.8
8.7,-2.1157,2.064,1.5929,0.2844,0.0,0.2842,0.0769,0.2842,0.2842,0.2842,0,,0.55,819,0,0.3,29.6
8.8,-2.1158,2.0697,1.5929,0.2842,0.0,0.3,0.1282,0.2842,0.2842,0.2842,0,,0.544,819,0,0.2684,29.4
8.9,-2.1162,2.0869,1.5931,0.2902,0.008,0.2684,0.0256,0.2684,0.2684,0.2684,0,,0.538,819,0,0.2526,30.0
9.0,-2.1167,2.0989,1.5962,0.3002,0.0807,0.2526,0.0,0.2684,0.2684,0.2684,0,,0.534,819,0,0.2684,31.0
9.1,-2.1182,2.1281,1.6041,0.2844,0.0803,0.2684,0.2308,0.2526,0.2526,0.2526,0,,0.531,819,0,0.2526,31.0
9.2,-2.1202,2.1572,1.614,0.3005,0.133,0.2526,0.2308,0.2526,0.2526,0.2526,0,,0.53,819,0,0.2368,31.0
9.3,-2.1223,2.1857,1.6228,0.2685,0.0264,0.2368,0.2308,0.2684,0.2684,0.2684,0,,0.528,819,0,0.2211,32.2
9.4,-2.127,2.2534,1.6432,0.2636,0.2254,0.3,0.1282,0.2211,0.2211,0.2211,0,,0.526,819,0,0.3,31.8
9.5,-2.142,2.3406,1.7101,0.2956,0.0901,0.3,0.2308,0.3,0.3,0.3,0,,0.524,819,0,0.3,31.8
9.6,-2.1452,2.3584,1.7196,0.3016,0.2101,0.3,0.2308,0.3,0.3,0.3,0,,0.52,819,0,0.3,31.2
9.7,-2.1464,2.3643,1.7241,0.3022,0.2241,0.2842,0.1795,0.2842,0.2842,0.2842,0,,0.516,819,0,0.2842,31.2
9.8,-2.1477,2.3702,1.7285,0.3025,0.2235,0.2684,0.1795,0.2842,0.2842,0.2842,0,,0.512,819,0,0.2684,31.2
9.9,-2.149,2.3762,1.733,0.3028,0.2229,0.2368,0.1795,0.2684,0.2684,0.2684,0,,0.507,819,0,0.2368,31.2
10.0,-2.1503,2.382,1.7372,0.2976,0.2121,0.1105,0.1282,0.2684,0.2684,0.2684,0,,0.503,819,0,0.1105,32.2
10.1,-2.154,2.3988,1.7476,0.2866,0.1718,0.0316,-0.0769,0.2368,0.2368,0.2368,0,,0.5,819,0,0.0316,32.8
10.2,-2.1591,2.4204,1.7612,0.2709,0.1705,0.0316,0.0256,0.2368,0.2368,0.2368,0,,0.499,819,0,0.0316,32.8
10.3,-2.1666,2.45,1.7812,0.2395,0.1685,0.0947,0.0769,0.1118,0.1118,0.1118,0,,0.499,819,400,0.0947,32.8
10.4,-2.1707,2.4658,1.7913,0.1546,0.0863,0.0316,-0.2308,0.1105,0.1105,0.1105,0,,0.497,819,0,0.0316,34.2
10.5,-2.1729,2.4742,1.7972,0.0323,-0.04,0.0158,0.3846,0.0316,0.0316,0.0316,0,,0.495,819,0,0.0158,34.0
10.6,-2.1734,2.4772,1.794,0.032,0.0239,0.0158,0.4359,0.0316,0.0316,0.0316,0,,0.495,819,400,0.0158,34.0
10.7,-2.1764,2.4878,1.8009,0.0864,0.0524,0.0158,0.4359,0.0947,0.0947,0.0947,0,,0.496,819,400,0.0158,34.0
10.8,-2.1767,2.4893,1.7989,0.0319,-0.0897,0.0158,0.3846,0.0316,0.0316,0.0316,0,,0.498,819,400,0.0158,34.0
10.9,-2.1766,2.4917,1.7844,0.015,-0.0486,0.0158,0.3846,0.0316,0.0316,0.0316,0,,0.499,819,400,0.0158,34.0
11.0,-2.187,2.4983,1.923,0.0226,0.3327,0.0158,0.3333,0.0158,0.0158,0.0158,0,,0.5,819,400,0.0158,34.0
11.1,-2.1875,2.4986,1.9297,0.0226,0.3314,0.0158,0.3333,0.0158,0.0158,0.0158,0,,0.502,819,400,0.0158,34.0
11.2,-2.1885,2.4992,1.9429,0.0226,0.3289,0.0,0.2308,0.0158,0.0158,0.0158,0,,0.503,819,400,0.0,34.0
11.3,-2.189,2.4995,1.9494,0.0225,0.3276,0.0,0.1795,0.0158,0.0158,0.0158,0,,0.505,819,0,0.0,34.0
11.4,-2.1895,2.4998,1.9556,0.0222,0.31,0.0,0.1795,0.0,0.0158,0.0158,0,,0.506,819,0,0.0,34.0
11.5,-2.1895,2.4998,1.9556,0.0222,0.31,0.0,0.1795,0.0,0.0158,0.0158,0,,0.506,819,0,0.0,34.0
11.6,-2.192,2.5016,1.9892,0.0214,0.2772,0.0,0.1795,0.0,0.0,0.0,0,,0.507,819,2,0.0,34.0
11.7,-2.1936,2.5026,2.0148,0.0039,0.1982,0.0,0.1795,0.0,0.0,0.0,0,,0.509,819,3,0.0,34.0
11.8,-2.1944,2.5026,2.0324,0.0028,0.1453,0.0,0.1282,0.0,0.0,0.0,0,,0.51,819,4,0.0,34.0
11.9,-2.1961,2.5026,2.0754,0.0024,0.1416,0.0,0.1282,0.0,0.0,0.0,0,,0.512,819,6,0.0,34.0
12.0,-2.1972,2.5026,2.1083,0.0015,0.0991,0.0,0.1282,0.0,0.0,0.0,0,,0.513,819,8,0.0,34.0
12.1,-2.1972,2.5026,2.1103,0.0015,0.0989,0.0,0.1282,0.0,0.0,0.0,0,,0.514,819,8,0.0,34.0
12.2,-2.1973,2.5026,2.1123,0.0015,0.0988,0.0,0.1282,0.0,0.0,0.0,0,,0.515,819,10,0.0,34.0
12.3,-2.1974,2.5026,2.1143,0.0014,0.0987,0.0,0.0769,0.0,0.0,0.0,0,,0.516,819,10,0.0,34.0
12.4,-2.1974,2.5026,2.1162,0.0014,0.0986,0.0,0.0769,0.0,0.0,0.0,0,,0.517,819,13,0.0,34.0
12.5,-2.1975,2.5026,2.1202,0.0014,0.0983,0.0,0.0769,0.0,0.0,0.0,0,,0.518,819,14,0.0,34.0
12.6,-2.1979,2.5026,2.1339,0.0013,0.0975,0.0,0.4359,0.0,0.0,0.0,0,,0.518,819,14,0.0,34.6
12.7,-2.1981,2.5026,2.1436,0.0012,0.0969,0.0,0.4359,0.0,0.0,0.0,0,,0.519,819,15,0.0,34.6
12.8,-2.1982,2.5026,2.1498,0.0007,0.0579,0.0,0.3846,0.0,0.0,0.0,0,,0.522,819,22,0.0,34.6
12.9,-2.1984,2.5026,2.1568,0.0006,0.0576,0.0,0.3846,0.0,0.0,0.0,2,PolygonSlow,0.526,819,26,0.0,34.6
13.0,-2.1985,2.5026,2.1627,0.0001,0.0678,0.0,0.3846,0.0,0.0,0.0,2,PolygonSlow,0.527,819,28,0.0,34.6
13.1,-2.1985,2.5024,2.1728,-0.0044,0.218,0.0,0.3333,0.0,0.0,0.0,2,PolygonSlow,0.528,819,29,0.0,34.6
13.2,-2.1985,2.5018,2.2066,-0.0032,0.2929,0.0,0.3333,0.0,0.0,0.0,2,PolygonSlow,0.529,819,30,0.0,34.6
13.3,-2.1986,2.5017,2.2245,-0.0001,0.0808,0.0,0.3333,0.0,0.0,0.0,2,PolygonSlow,0.53,819,33,0.0,34.6
13.4,-2.1986,2.5016,2.2324,-0.0003,0.08,0.0,0.3333,0.0,0.0,0.0,2,PolygonSlow,0.531,819,35,0.0,34.6
13.5,-2.1986,2.5016,2.2405,-0.0001,0.0807,0.0,0.3333,0.0,0.0,0.0,2,PolygonSlow,0.532,819,36,0.0,34.6
13.6,-2.1986,2.5016,2.2476,-0.0,0.0705,0.0,0.3333,0.0,0.0,0.0,2,PolygonSlow,0.533,819,36,0.0,34.6
13.7,-2.1986,2.5016,2.2533,-0.0001,0.0709,0.0,0.3333,0.0,0.0,0.0,2,PolygonSlow,0.534,819,27,0.0,34.6
13.8,-2.1986,2.5016,2.2604,-0.0002,0.0715,0.0,0.2821,0.0,0.0,0.0,2,PolygonSlow,0.535,819,29,0.0,34.6
13.9,-2.1986,2.5015,2.2676,-0.0003,0.072,0.0,0.2821,0.0,0.0,0.0,2,PolygonSlow,0.536,819,30,0.0,34.6
14.0,-2.1986,2.5015,2.2734,-0.0004,0.0725,0.0,0.2821,0.0,0.0,0.0,2,PolygonSlow,0.536,819,32,0.0,34.6
14.1,-2.1986,2.5014,2.2807,-0.0005,0.073,0.0158,0.8974,0.0,0.0,0.0,2,PolygonSlow,0.537,819,33,0.0158,35.4
14.2,-2.1986,2.5013,2.2908,-0.0006,0.0681,0.0158,0.8974,0.0,0.0,0.0,2,PolygonSlow,0.538,819,36,0.0158,35.4
14.3,-2.1986,2.5013,2.2958,-0.0006,0.0627,0.0158,0.9487,0.0,0.0,0.0,2,PolygonSlow,0.539,819,39,0.0158,35.4
14.4,-2.1986,2.5012,2.3034,-0.0007,0.0632,0.0158,1.0,0.0,0.0,0.0,2,PolygonSlow,0.54,819,43,0.0158,35.4
14.5,-2.1997,2.5021,2.3859,-0.0001,0.1932,0.0,0.2308,0.0,0.0,0.0,2,PolygonSlow,0.546,819,43,0.0158,35.4
14.6,-2.1997,2.5021,2.3897,-0.0006,0.1924,0.0,0.2308,0.0,0.0,0.0,2,PolygonSlow,0.546,819,46,0.0,35.8
14.7,-2.1997,2.5021,2.3932,-0.0011,0.1765,0.0,0.2308,0.0,0.0,0.0,2,PolygonSlow,0.548,819,50,0.0,35.8
14.8,-2.1997,2.5021,2.3963,-0.0012,0.1547,0.0,0.2308,0.0,0.0,0.0,2,PolygonSlow,0.55,819,54,0.0,35.8
14.9,-2.1996,2.5021,2.4015,-0.001,0.1177,0.0,0.1795,0.0,0.0,0.0,2,PolygonSlow,0.552,819,56,0.0,35.8
15.0,-2.1996,2.5021,2.4038,-0.0011,0.1174,0.0158,1.0,0.0,0.0,0.0,2,PolygonSlow,0.552,819,57,0.0158,35.2
15.1,-2.1995,2.5021,2.4109,-0.0006,0.0517,0.0,0.1795,0.0,0.0,0.0,2,PolygonSlow,0.553,819,60,0.0,35.8
15.2,-2.1995,2.5021,2.4109,-0.0006,0.0517,0.0,0.1795,0.0,0.0,0.0,2,PolygonSlow,0.553,819,60,0.0,35.8
15.3,-2.1994,2.5021,2.4194,-0.0004,0.0399,0.0,0.1795,0.0158,0.0,0.0,2,PolygonSlow,0.555,819,62,0.0,35.8
15.4,-2.1995,2.5024,2.443,-0.0002,0.0389,0.0,0.1795,0.0,0.0,0.0,2,PolygonSlow,0.555,819,62,0.0,35.8
15.5,-2.1995,2.5024,2.4453,-0.0002,0.0388,0.0,0.1795,0.0,0.0,0.0,2,PolygonSlow,0.555,819,62,0.0,35.8
15.6,-2.1995,2.5024,2.4461,-0.0002,0.0388,0.0,0.1795,0.0,0.0,0.0,2,PolygonSlow,0.556,819,64,0.0,35.8
15.7,-2.1995,2.5024,2.4476,-0.0002,0.0387,0.0,0.1795,0.0,0.0,0.0,2,PolygonSlow,0.557,819,66,0.0,35.8
15.8,-2.1995,2.5024,2.4561,-0.0001,0.0384,0.0158,1.0,0.0158,0.0047,0.0047,2,PolygonSlow,0.557,819,66,0.0158,34.0
15.9,-2.1996,2.5025,2.4617,0.0047,0.0722,0.0158,1.0,0.0158,0.0047,0.0047,2,PolygonSlow,0.557,819,67,0.0,34.6
16.0,-2.1998,2.5027,2.4747,0.0001,0.0269,0.0,0.1282,0.0,0.0,0.0,2,PolygonSlow,0.559,819,67,0.0,34.6
16.1,-2.1998,2.5027,2.4774,0.0001,0.0268,0.0,0.1282,0.0,0.0,0.0,2,PolygonSlow,0.559,819,69,0.0,34.6
16.2,-2.1999,2.5027,2.4801,0.0001,0.0267,0.0,0.1282,0.0,0.0,0.0,2,PolygonSlow,0.56,819,72,0.0,34.6
16.3,-2.1999,2.5027,2.4827,0.0001,0.0266,0.0,0.1282,0.0,0.0,0.0,2,PolygonSlow,0.56,819,73,0.0,34.6
16.4,-2.1999,2.5027,2.4827,0.0001,0.0266,0.0,0.1282,0.0,0.0,0.0,2,PolygonSlow,0.56,819,73,0.0,34.6
16.5,-2.1999,2.5027,2.4881,0.0001,0.0265,0.0,0.1282,0.0,0.0,0.0,2,PolygonSlow,0.561,819,72,0.0,34.6
16.6,-2.1999,2.5027,2.4907,0.0002,0.0264,0.0,0.1282,0.0,0.0,0.0,2,PolygonSlow,0.561,819,72,0.0,34.6
16.7,-2.1999,2.5027,2.4928,0.0002,0.0263,0.0,0.1282,0.0,0.0,0.0,2,PolygonSlow,0.561,819,72,0.0,34.6
16.8,-2.2,2.5027,2.496,0.0002,0.0262,0.0,0.1282,0.0,0.0,0.0,2,PolygonSlow,0.562,819,73,0.0,34.6
16.9,-2.2,2.5027,2.4965,0.0002,0.0262,0.0,0.1282,0.0,0.0,0.0,2,PolygonSlow,0.562,819,75,0.0,34.6
17.0,-2.2,2.5027,2.4986,0.0002,0.0262,0.0,0.1282,0.0,0.0,0.0,2,PolygonSlow,0.562,819,76,0.0,34.6
17.1,-2.2,2.5027,2.5038,0.0002,0.026,0.0,0.1282,0.0,0.0,0.0,2,PolygonSlow,0.563,819,76,0.0,34.6
17.2,-2.2,2.5027,2.5038,0.0002,0.026,0.0,0.1282,0.0,0.0,0.0,2,PolygonSlow,0.563,819,79,0.0,34.6
17.3,-2.2,2.5027,2.5043,0.0002,0.026,0.0,0.1282,0.0,0.0,0.0,0,,0.563,819,81,0.0,34.6
17.4,-2.2001,2.5027,2.5048,0.0003,0.026,0.0,0.1282,0.0,0.0,0.0,2,PolygonSlow,0.564,819,83,0.0,34.6
17.5,-2.2001,2.5027,2.5054,0.0003,0.026,0.0,0.0769,0.0,0.0,0.0,0,,0.564,819,84,0.0,34.6
17.6,-2.2001,2.5027,2.5062,0.0004,0.0449,0.0,0.0769,0.0,0.0,0.0,2,PolygonSlow,0.565,819,86,0.0,34.6
17.7,-2.2002,2.5027,2.5131,0.001,0.0858,0.0,0.0769,0.0,0.0,0.0,0,,0.565,819,59,0.0,34.6
17.8,-2.2003,2.5025,2.5369,-0.0005,0.0569,0.0,0.0769,0.0,0.0,0.0,0,,0.567,819,63,0.0,34.6
17.9,-2.2003,2.5025,2.538,-0.0005,0.0569,0.0,0.0769,0.0,0.0,0.0,0,,0.567,819,63,0.0,34.6
18.0,-2.2003,2.5024,2.5391,-0.0005,0.057,0.0,0.0769,0.0,0.0,0.0,0,,0.568,819,65,0.0,34.6
18.1,-2.2003,2.5024,2.5414,-0.0005,0.0571,0.0,0.0769,0.0,0.0,0.0,0,,0.569,819,83,0.0,34.6
18.2,-2.2003,2.5024,2.5426,-0.0005,0.0571,0.0,0.0769,0.0,0.0,0.0,0,,0.57,819,87,0.0,34.6
18.3,-2.2003,2.5024,2.5426,-0.0005,0.0571,0.0,0.0769,0.0,0.0,0.0,0,,0.57,819,87,0.0,34.6
18.4,-2.2003,2.5023,2.546,-0.0006,0.0572,0.0,0.0769,0.0,0.0,0.0,0,,0.57,819,69,0.0,34.6
18.5,-2.2003,2.5022,2.5506,-0.0006,0.0574,0.0,0.0769,0.0,0.0,0.0,0,,0.571,819,72,0.0,34.6
18.6,-2.2003,2.5021,2.5575,-0.0006,0.0577,0.0,0.0769,0.0,0.0,0.0,0,,0.572,819,72,0.0,34.6
18.7,-2.2003,2.502,2.5644,-0.0007,0.0579,0.0,0.0256,0.0,0.0,0.0,0,,0.573,819,74,0.0,34.6
18.8,-2.2003,2.5019,2.5691,-0.0007,0.0581,0.0,0.0256,0.0,0.0,0.0,0,,0.573,819,77,0.0,34.6
18.9,-2.2003,2.5018,2.5737,-0.0007,0.0583,0.0,0.0256,0.0,0.0,0.0,0,,0.573,819,77,0.0,34.6
19.0,-2.2003,2.5015,2.5828,-0.0003,0.0195,0.0,0.0256,0.0,0.0,0.0,0,,0.574,819,75,0.0,34.6
19.1,-2.2003,2.5015,2.5828,-0.0003,0.0195,0.0,0.0256,0.0,0.0,0.0,0,,0.574,819,75,0.0,34.6
19.2,-2.2003,2.5015,2.5847,-0.0003,0.0196,0.0,0.0256,0.0,0.0,0.0,0,,0.574,819,76,0.0,34.6
19.3,-2.2003,2.5014,2.5886,-0.0003,0.0196,0.0,0.0256,0.0,0.0,0.0,0,,0.575,819,77,0.0,34.6
19.4,-2.2003,2.5014,2.5886,-0.0003,0.0196,0.0,0.0256,0.0,0.0,0.0,0,,0.575,819,77,0.0,34.6
19.5,-2.2003,2.5013,2.591,-0.0003,0.0196,0.0,0.0256,0.0,0.0,0.0,0,,0.575,819,78,0.0,34.6
19.6,-2.2003,2.5012,2.5937,-0.0003,0.0197,0.0,0.0256,0.0,0.0,0.0,0,,0.575,819,79,0.0,34.6
19.7,-2.2003,2.5012,2.5949,-0.0003,0.0197,0.0,0.0256,0.0,0.0,0.0,0,,0.575,819,81,0.0,36.2
19.8,-2.2003,2.5012,2.5969,-0.0003,0.0197,0.0,0.0256,0.0,0.0,0.0,0,,0.576,819,81,0.0,36.2
19.9,-2.2003,2.5011,2.5985,-0.0003,0.0197,0.0,0.0256,0.0,0.0,0.0,0,,0.576,819,83,0.0,36.2
20.0,-2.2003,2.501,2.6024,-0.0003,0.0198,0.0,1.0,0.0,0.0,0.0,0,,0.576,819,84,0.0,36.0
20.1,-2.2003,2.5009,2.6052,-0.0003,0.0198,0.0,1.0,0.0,0.0,0.0,4,PolygonLimit,0.578,819,87,0.0,36.0
20.2,-2.2003,2.5008,2.6076,-0.0003,0.0198,0.0,0.9487,0.0,0.0,0.0,4,PolygonLimit,0.582,819,93,0.0,36.0
20.3,-2.2003,2.5008,2.608,-0.0003,0.0198,0.0,0.9487,0.0,0.0,0.0,4,PolygonLimit,0.587,819,97,0.0,36.0
20.4,-2.2008,2.4964,2.7573,-0.0087,0.4224,0.0,0.0,0.0,0.0,0.0,4,PolygonLimit,0.592,819,97,0.0,36.0
20.5,-2.2008,2.4939,2.8002,-0.0088,0.4331,0.0,0.0,0.0,0.0,0.0,4,PolygonLimit,0.597,819,97,0.0,36.0
20.6,-2.2008,2.4939,2.8002,-0.0088,0.4331,0.0158,0.9487,0.0,0.0,0.0,4,PolygonLimit,0.597,819,112,0.0158,36.4
20.7,-2.2008,2.4934,2.8089,-0.0088,0.4353,0.0158,0.5385,0.0158,0.01,0.01,4,PolygonLimit,0.603,819,115,0.0158,36.4
20.8,-2.2009,2.4929,2.8177,-0.0051,0.4391,0.0158,0.8974,0.0158,0.0126,0.0126,4,PolygonLimit,0.607,819,127,0.0158,36.4
20.9,-2.201,2.4924,2.8265,0.0013,0.4398,0.0158,0.8462,0.0158,0.0147,0.0147,4,PolygonLimit,0.611,819,134,0.0158,36.4
21.0,-2.2012,2.4919,2.8353,0.0013,0.4421,0.0158,0.8462,0.0158,0.0113,0.0113,4,PolygonLimit,0.616,819,139,0.0158,36.4
21.1,-2.2025,2.4892,2.8802,0.0063,0.4538,0.0158,0.7949,0.0158,0.0092,0.0092,4,PolygonLimit,0.62,819,147,0.0,36.2
21.2,-2.2034,2.4868,2.917,0.0025,0.4634,0.0,-0.3333,0.0158,0.0093,0.0093,0,,0.625,819,469,0.0,36.2
21.3,-2.2045,2.4826,2.9737,0.0028,0.4792,0.0,-0.3846,0.0158,0.0093,0.0093,0,,0.63,819,478,0.0,36.2
21.4,-2.2065,2.4674,-3.1342,-0.0001,-0.1941,0.0,-0.4359,0.0,0.0,0.0,0,,0.635,819,478,0.0,36.2
21.5,-2.2065,2.4677,-3.1398,-0.0,-0.2777,0.0,-0.4359,0.0,0.0,0.0,0,,0.635,819,482,0.0,36.2
21.6,-2.2065,2.468,3.1361,0.0001,-0.3633,0.0,-0.3846,0.0,0.0,0.0,0,,0.633,819,152,0.0,36.2
21.7,-2.2065,2.4683,3.1273,0.0002,-0.4425,0.0,-0.3333,0.0,0.0,0.0,0,,0.629,819,150,0.0,36.2
21.8,-2.2065,2.4688,3.1181,0.0004,-0.4589,0.0,-0.3333,0.0,0.0,0.0,0,,0.624,819,147,0.0,36.2
21.9,-2.2065,2.4693,3.1099,0.0007,-0.4098,0.0,-0.2821,0.0,0.0,0.0,0,,0.621,819,143,0.0,36.2
22.0,-2.2065,2.4718,3.0781,0.0021,-0.3948,0.0,-0.2821,0.0,0.0,0.0,0,,0.617,819,139,0.0,36.2
22.1,-2.2065,2.4745,3.0469,0.003,-0.3873,0.0,-0.2821,0.0,0.0,0.0,0,,0.614,819,138,0.0,36.2
22.2,-2.2065,2.4768,3.0197,0.0033,-0.3301,0.0,-0.2308,0.0,0.0,0.0,0,,0.611,819,136,0.0,36.2
22.3,-2.2065,2.4794,2.987,0.004,-0.3237,0.0,-0.2308,0.0,0.0,0.0,0,,0.608,819,131,0.0,36.2
22.4,-2.2065,2.4821,2.953,0.0039,-0.2683,0.0,-0.2308,0.0,0.0,0.0,0,,0.605,819,128,0.0,36.2
22.5,-2.2065,2.4846,2.9211,0.0043,-0.2634,0.0,-0.1795,0.0,0.0,0.0,0,,0.602,819,129,0.0,36.2
22.6,-2.2065,2.4865,2.8953,0.0043,-0.2453,0.0,-0.1795,0.0,0.0,0.0,0,,0.6,819,126,0.0,36.2
22.7,-2.2065,2.4877,2.8784,0.0038,-0.2101,0.0,-0.1795,0.0,0.0,0.0,0,,0.598,819,123,0.0,36.2
22.8,-2.2065,2.4894,2.8534,0.004,-0.2071,0.0,-0.7949,0.0,0.0,0.0,0,,0.596,819,121,0.0,36.0
22.9,-2.2065,2.4909,2.83,0.0031,-0.1588,0.0,-0.7949,0.0,0.0,0.0,4,PolygonLimit,0.594,819,118,0.0,36.0
23.0,-2.2065,2.4917,2.8174,0.0032,-0.1577,0.0,-0.7436,0.0,0.0,0.0,4,PolygonLimit,0.591,819,111,0.0,36.0
23.1,-2.2065,2.4925,2.8048,0.0032,-0.1565,0.0,-0.6923,0.0,0.0,0.0,4,PolygonLimit,0.586,819,108,0.0,36.0
23.2,-2.2065,2.4934,2.7893,0.0032,-0.1551,0.0,-0.6923,0.0,0.0,0.0,4,PolygonLimit,0.581,819,98,0.0,36.0
23.3,-2.2065,2.4947,2.7644,0.006,-0.3366,0.0,-0.641,0.0,0.0,0.0,4,PolygonLimit,0.576,819,93,0.0,36.0
23.4,-2.2065,2.4965,2.7311,0.0085,-0.4182,0.0,-0.5897,0.0,0.0,0.0,2,PolygonSlow,0.57,819,82,0.0,37.2
23.5,-2.2065,2.4984,2.6899,0.008,-0.408,0.0,-0.5897,0.0,0.0,0.0,2,PolygonSlow,0.565,819,75,0.0,37.2
23.6,-2.2065,2.5007,2.6339,0.0068,-0.3944,0.0,-0.5385,0.0,0.0,0.0,2,PolygonSlow,0.563,819,71,0.0,37.2
23.7,-2.2065,2.5017,2.6027,0.0059,-0.3868,0.0,-0.5385,0.0,0.0,0.0,2,PolygonSlow,0.561,819,67,0.0,37.2
23.8,-2.2064,2.5034,2.5088,-0.0012,-0.1086,0.0,-0.5385,0.0,0.0,0.0,2,PolygonSlow,0.558,819,67,0.0,37.2
23.9,-2.2063,2.5034,2.5067,-0.0012,-0.1087,0.0,-0.5385,0.0,0.0,0.0,2,PolygonSlow,0.557,819,62,0.0,37.2
24.0,-2.2063,2.5034,2.5045,-0.0011,-0.109,0.0,-0.4872,0.0,0.0,0.0,2,PolygonSlow,0.555,819,59,0.0,37.2
24.1,-2.2063,2.5034,2.5023,-0.001,-0.1092,0.0,-0.4872,0.0,0.0,0.0,2,PolygonSlow,0.554,819,55,0.0,37.2
24.2,-2.2061,2.5034,2.4668,-0.0001,-0.1028,0.0,-0.4872,0.0,0.0,0.0,2,PolygonSlow,0.553,819,66,0.0,37.2
24.3,-2.2061,2.5034,2.4668,-0.0001,-0.1028,0.0,-0.4872,0.0,0.0,0.0,2,PolygonSlow,0.553,819,66,0.0,37.2
24.4,-2.2061,2.5034,2.4627,0.0,-0.1033,0.0,0.1282,0.0,0.0,0.0,2,PolygonSlow,0.55,819,61,0.0,35.6
24.5,-2.2061,2.5034,2.4585,0.0001,-0.1037,0.0,0.1282,0.0,0.0,0.0,2,PolygonSlow,0.549,819,460,0.0,35.6
24.6,-2.2061,2.5034,2.4565,0.0002,-0.1039,0.0,0.1282,0.0,0.0,0.0,2,PolygonSlow,0.549,819,72,0.0,35.6
24.7,-2.2061,2.5034,2.4544,0.0002,-0.1042,0.0,0.1282,0.0,0.0,0.0,2,PolygonSlow,0.549,819,71,0.0,35.6
24.8,-2.2061,2.5034,2.4451,0.0002,-0.0361,0.0,0.1282,0.0,0.0,0.0,2,PolygonSlow,0.55,819,72,0.0,35.6
24.9,-2.2061,2.5034,2.446,-0.0001,0.0277,0.0,0.1282,0.0,0.0,0.0,2,PolygonSlow,0.55,819,72,0.0,35.6
25.0,-2.2061,2.5034,2.4493,-0.0001,0.0276,0.0,0.1282,0.0,0.0,0.0,2,PolygonSlow,0.55,819,72,0.0,35.6
25.1,-2.2061,2.5034,2.4499,-0.0001,0.0276,0.0,0.1282,0.0,0.0,0.0,2,PolygonSlow,0.551,819,72,0.0,35.6
25.2,-2.2061,2.5034,2.4603,-0.0,0.0273,0.0,0.1282,0.0,0.0,0.0,2,PolygonSlow,0.551,819,72,0.0,35.6
25.3,-2.2061,2.5034,2.4608,-0.0,0.0273,0.0,0.1282,0.0,0.0,0.0,2,PolygonSlow,0.551,819,72,0.0,35.6
25.4,-2.2061,2.5034,2.4614,-0.0,0.0273,0.0,0.1282,0.0,0.0,0.0,2,PolygonSlow,0.552,819,76,0.0,35.6
25.5,-2.2061,2.5034,2.4619,-0.0,0.0272,0.0,0.1282,0.0,0.0,0.0,2,PolygonSlow,0.552,819,76,0.0,35.6
25.6,-2.2061,2.5034,2.4641,-0.0,0.0272,0.0,0.1282,0.0,0.0,0.0,2,PolygonSlow,0.553,819,77,0.0,35.6
25.7,-2.2061,2.5034,2.477,0.0001,0.0268,0.0,0.1282,0.0,0.0,0.0,2,PolygonSlow,0.553,819,77,0.0,35.6
25.8,-2.2061,2.5034,2.4787,0.0001,0.0267,0.0,0.1282,0.0,0.0,0.0,2,PolygonSlow,0.553,819,77,0.0,35.6
25.9,-2.2061,2.5034,2.4792,0.0001,0.0267,0.0,0.1282,0.0,0.0,0.0,2,PolygonSlow,0.554,819,78,0.0,35.6
26.0,-2.2061,2.5034,2.4797,0.0001,0.0267,0.0,0.1282,0.0,0.0,0.0,2,PolygonSlow,0.554,819,77,0.0,35.6
26.1,-2.2061,2.5034,2.4803,0.0001,0.0267,0.0,0.1282,0.0,0.0,0.0,2,PolygonSlow,0.554,819,78,0.0,35.6
26.2,-2.2061,2.5034,2.4808,0.0001,0.0267,0.0,0.1282,0.0,0.0,0.0,2,PolygonSlow,0.555,819,79,0.0,35.6
26.3,-2.2061,2.5034,2.4819,0.0001,0.0267,0.0,0.1282,0.0,0.0,0.0,2,PolygonSlow,0.555,819,79,0.0,35.6
26.4,-2.2061,2.5034,2.484,0.0001,0.0266,0.0,0.1282,0.0,0.0,0.0,2,PolygonSlow,0.555,819,81,0.0,35.6
26.5,-2.2062,2.5034,2.4872,0.0001,0.0265,0.0,0.1282,0.0,0.0,0.0,2,PolygonSlow,0.556,819,83,0.0,35.6
26.6,-2.2062,2.5034,2.4903,0.0002,0.0264,0.0,0.0769,0.0,0.0,0.0,2,PolygonSlow,0.556,819,84,0.0,35.6
26.7,-2.2062,2.5034,2.4919,0.0002,0.0264,0.0,0.0769,0.0,0.0,0.0,2,PolygonSlow,0.556,819,84,0.0,35.6
26.8,-2.2062,2.5034,2.4946,0.0002,0.0263,0.0,0.0769,0.0,0.0,0.0,2,PolygonSlow,0.556,819,85,0.0,35.6
26.9,-2.2062,2.5034,2.4972,0.0002,0.0262,0.0,0.0769,0.0,0.0,0.0,2,PolygonSlow,0.556,819,86,0.0,35.6
27.0,-2.2063,2.5034,2.4993,0.0002,0.0261,0.0,0.0769,0.0,0.0,0.0,2,PolygonSlow,0.556,819,86,0.0,35.6
27.1,-2.2064,2.5034,2.5075,0.0002,0.0155,0.0,0.0769,0.0,0.0,0.0,2,PolygonSlow,0.557,819,87,0.0,35.6
27.2,-2.2064,2.5034,2.5081,0.0002,0.0155,0.0,0.0769,0.0,0.0,0.0,2,PolygonSlow,0.557,819,87,0.0,35.6
27.3,-2.2064,2.5034,2.5106,0.0002,0.0155,0.0,0.0769,0.0,0.0,0.0,2,PolygonSlow,0.557,819,62,0.0,35.6
27.4,-2.2064,2.5034,2.5112,0.0002,0.0155,0.0,0.0769,0.0,0.0,0.0,2,PolygonSlow,0.557,819,64,0.0,35.6
27.5,-2.2064,2.5034,2.5115,0.0002,0.0155,0.0,0.0769,0.0,0.0,0.0,2,PolygonSlow,0.558,819,64,0.0,35.6
27.6,-2.2064,2.5034,2.5151,-0.0001,0.0168,0.0,0.0769,0.0,0.0,0.0,2,PolygonSlow,0.558,819,64,0.0,35.6
27.7,-2.2064,2.5034,2.5178,-0.0001,0.0169,0.0,0.0769,0.0,0.0,0.0,2,PolygonSlow,0.558,819,64,0.0,35.6
27.8,-2.2064,2.5034,2.5185,-0.0001,0.0169,0.0,0.0769,0.0,0.0,0.0,2,PolygonSlow,0.558,819,63,0.0,35.6
27.9,-2.2064,2.5034,2.5188,-0.0001,0.0169,0.0,0.0769,0.0,0.0,0.0,2,PolygonSlow,0.558,819,63,0.0,35.6
28.0,-2.2064,2.5034,2.5192,-0.0001,0.0169,0.0,0.0769,0.0,0.0,0.0,2,PolygonSlow,0.559,819,67,0.0,35.6
28.1,-2.2064,2.5034,2.5195,-0.0001,0.0169,0.0,0.0769,0.0,0.0,0.0,2,PolygonSlow,0.559,819,67,0.0,35.6
28.2,-2.2064,2.5034,2.5198,-0.0001,0.0169,0.0,0.0769,0.0,0.0,0.0,2,PolygonSlow,0.559,819,67,0.0,35.6
28.3,-2.2064,2.5034,2.5209,-0.0001,0.0169,0.0,0.0769,0.0,0.0,0.0,2,PolygonSlow,0.559,819,66,0.0,35.6
28.4,-2.2064,2.5033,2.5225,-0.0001,0.0169,0.0,0.0769,0.0,0.0,0.0,2,PolygonSlow,0.559,819,66,0.0,35.6
28.5,-2.2064,2.5033,2.5236,-0.0001,0.0169,0.0,0.0769,0.0,0.0,0.0,2,PolygonSlow,0.56,819,66,0.0,35.6
28.6,-2.2064,2.5033,2.5253,-0.0001,0.0169,0.0,0.0769,0.0,0.0,0.0,2,PolygonSlow,0.56,819,67,0.0,35.6
28.7,-2.2064,2.5032,2.5293,-0.0001,0.017,0.0,0.0769,0.0,0.0,0.0,2,PolygonSlow,0.56,819,67,0.0,35.6
28.8,-2.2064,2.5032,2.5297,-0.0001,0.017,0.0,0.0769,0.0,0.0,0.0,2,PolygonSlow,0.56,819,68,0.0,35.6
28.9,-2.2064,2.5031,2.5372,-0.0002,0.0171,0.0,0.0769,0.0,0.0,0.0,2,PolygonSlow,0.561,819,70,0.0,35.6
29.0,-2.2064,2.5031,2.5375,-0.0002,0.0171,0.0,0.0769,0.0,0.0,0.0,2,PolygonSlow,0.561,819,70,0.0,35.6
29.1,-2.2064,2.5031,2.5378,-0.0002,0.0171,0.0,0.0769,0.0,0.0,0.0,2,PolygonSlow,0.561,819,70,0.0,35.6
29.2,-2.2064,2.5031,2.5382,-0.0002,0.0171,0.0,0.0769,0.0,0.0,0.0,2,PolygonSlow,0.561,819,71,0.0,35.6
29.3,-2.2064,2.5031,2.5385,-0.0002,0.0171,0.0,0.0769,0.0,0.0,0.0,2,PolygonSlow,0.562,819,71,0.0,35.6
29.4,-2.2064,2.5031,2.5406,-0.0002,0.0171,0.0,0.0769,0.0,0.0,0.0,2,PolygonSlow,0.562,819,73,0.0,35.6
29.5,-2.2064,2.5031,2.5409,-0.0002,0.0171,0.0,0.0769,0.0,0.0,0.0,2,PolygonSlow,0.562,819,73,0.0,35.6
29.6,-2.2064,2.503,2.543,-0.0002,0.0171,0.0,0.0769,0.0,0.0,0.0,2,PolygonSlow,0.562,819,74,0.0,35.6
29.7,-2.2064,2.5029,2.5519,-0.0002,0.0172,0.0,0.0769,0.0,0.0,0.0,2,PolygonSlow,0.563,819,74,0.0,35.6
29.8,-2.2064,2.5028,2.5526,-0.0002,0.0172,0.0,0.0256,0.0,0.0,0.0,2,PolygonSlow,0.563,819,73,0.0,35.6
29.9,-2.2064,2.5028,2.553,-0.0002,0.0172,0.0,0.0256,0.0,0.0,0.0,2,PolygonSlow,0.563,819,74,0.0,35.6
30.0,-2.2064,2.5028,2.5533,-0.0002,0.0173,0.0,0.0256,0.0,0.0,0.0,2,PolygonSlow,0.563,819,73,0.0,35.6
30.1,-2.2064,2.5028,2.5536,-0.0002,0.0173,0.0,0.0256,0.0,0.0,0.0,2,PolygonSlow,0.563,819,74,0.0,35.6
30.2,-2.2064,2.5028,2.554,-0.0001,0.0058,0.0,0.0256,0.0,0.0,0.0,2,PolygonSlow,0.563,819,74,0.0,35.6
30.3,-2.2064,2.5028,2.5551,-0.0001,0.0058,0.0,0.0256,0.0,0.0,0.0,2,PolygonSlow,0.563,819,74,0.0,35.6
30.4,-2.2064,2.5028,2.5554,-0.0001,0.0058,0.0,0.0256,0.0,0.0,0.0,2,PolygonSlow,0.563,819,74,0.0,35.6
30.5,-2.2064,2.5028,2.5556,-0.0001,0.0058,0.0,0.0256,0.0,0.0,0.0,2,PolygonSlow,0.564,819,75,0.0,35.6
30.6,-2.2064,2.5027,2.5581,0.0,0.0,0.0,0.0,0.0,0.0,0.0,0,,0.564,819,75,0.0,35.6
30.7,-2.2064,2.5027,2.5581,0.0,0.0,0.0,0.0,0.0,0.0,0.0,0,,0.564,819,75,0.0,35.6
30.8,-2.2064,2.5027,2.5581,0.0,0.0,0.0,0.0256,0.0,0.0,0.0,2,PolygonSlow,0.564,819,75,0.0,35.6
30.9,-2.2064,2.5027,2.5581,0.0,0.0,0.0,0.0256,0.0,0.0,0.0,2,PolygonSlow,0.564,819,75,0.0,35.6
31.0,-2.2064,2.5027,2.5594,-0.0001,0.0058,0.0,0.0256,0.0,0.0,0.0,2,PolygonSlow,0.564,819,75,0.0,35.6
31.1,-2.2064,2.5027,2.5595,-0.0001,0.0058,0.0,0.0256,0.0,0.0,0.0,2,PolygonSlow,0.564,819,75,0.0,35.6
31.2,-2.2064,2.5027,2.5595,-0.0001,0.0058,0.0,0.0256,0.0,0.0,0.0,2,PolygonSlow,0.564,819,75,0.0,35.6
31.3,-2.2064,2.5027,2.5597,-0.0001,0.0058,0.0,0.0256,0.0,0.0,0.0,2,PolygonSlow,0.564,819,75,0.0,35.6
31.4,-2.2064,2.5027,2.5597,-0.0001,0.0058,0.0,0.0256,0.0,0.0,0.0,2,PolygonSlow,0.564,819,75,0.0,35.6
31.5,-2.2064,2.5027,2.5599,-0.0001,0.0058,0.0,0.0256,0.0,0.0,0.0,2,PolygonSlow,0.564,819,75,0.0,35.6
31.6,-2.2064,2.5027,2.5604,-0.0001,0.0058,0.0,0.0256,0.0,0.0,0.0,2,PolygonSlow,0.564,819,75,0.0,35.6
31.7,-2.2064,2.5027,2.5609,-0.0001,0.0058,0.0,0.0256,0.0,0.0,0.0,2,PolygonSlow,0.564,819,76,0.0,35.6
31.8,-2.2064,2.5027,2.5619,-0.0001,0.0058,0.0,0.0256,0.0,0.0,0.0,2,PolygonSlow,0.564,819,77,0.0,35.6
31.9,-2.2064,2.5027,2.5619,-0.0001,0.0058,0.0,0.0256,0.0,0.0,0.0,2,PolygonSlow,0.564,819,77,0.0,35.6
32.0,-2.2064,2.5026,2.5652,-0.0001,0.0058,0.0,0.0256,0.0,0.0,0.0,2,PolygonSlow,0.565,819,78,0.0,35.6
32.1,-2.2064,2.5026,2.5653,-0.0001,0.0058,0.0,0.0256,0.0,0.0,0.0,2,PolygonSlow,0.565,819,78,0.0,35.6
32.2,-2.2064,2.5026,2.5654,-0.0001,0.0058,0.0,0.0256,0.0,0.0,0.0,2,PolygonSlow,0.565,819,78,0.0,35.6
32.3,-2.2064,2.5026,2.5655,-0.0001,0.0058,0.0,0.0256,0.0,0.0,0.0,2,PolygonSlow,0.565,819,78,0.0,35.6
32.4,-2.2064,2.5026,2.5657,-0.0001,0.0058,0.0,0.0256,0.0,0.0,0.0,2,PolygonSlow,0.565,819,78,0.0,35.6
32.5,-2.2064,2.5026,2.5658,-0.0001,0.0058,0.0,0.0256,0.0,0.0,0.0,2,PolygonSlow,0.565,819,78,0.0,35.6
32.6,-2.2064,2.5026,2.5663,-0.0001,0.0058,0.0,0.0256,0.0,0.0,0.0,2,PolygonSlow,0.565,819,78,0.0,35.6
32.7,-2.2064,2.5026,2.5669,-0.0001,0.0058,0.0,0.0256,0.0,0.0,0.0,2,PolygonSlow,0.565,819,78,0.0,35.6
32.8,-2.2064,2.5025,2.5674,-0.0001,0.0058,0.0,0.0256,0.0,0.0,0.0,2,PolygonSlow,0.565,819,78,0.0,35.6
32.9,-2.2064,2.5025,2.5682,-0.0001,0.0058,0.0,0.0256,0.0,0.0,0.0,2,PolygonSlow,0.565,819,78,0.0,35.6
33.0,-2.2064,2.5025,2.5687,-0.0001,0.0058,0.0,0.0256,0.0,0.0,0.0,2,PolygonSlow,0.565,819,78,0.0,35.6
33.1,-2.2064,2.5025,2.5692,-0.0001,0.0058,0.0,0.0256,0.0,0.0,0.0,2,PolygonSlow,0.565,819,80,0.0,35.6
33.2,-2.2064,2.5025,2.5697,-0.0001,0.0058,0.0,0.0256,0.0,0.0,0.0,2,PolygonSlow,0.565,819,81,0.0,35.6
33.3,-2.2064,2.5025,2.5704,-0.0001,0.0058,0.0,0.0256,0.0,0.0,0.0,2,PolygonSlow,0.566,819,81,0.0,35.6
33.4,-2.2064,2.5025,2.571,-0.0001,0.0058,0.0,0.0256,0.0,0.0,0.0,2,PolygonSlow,0.566,819,81,0.0,35.6
33.5,-2.2064,2.5024,2.5716,-0.0001,0.0058,0.0,0.0256,0.0,0.0,0.0,2,PolygonSlow,0.566,819,81,0.0,35.6
33.6,-2.2064,2.5024,2.5719,-0.0001,0.0058,0.0,0.0256,0.0,0.0,0.0,2,PolygonSlow,0.566,819,81,0.0,35.6
33.7,-2.2064,2.5024,2.5725,-0.0001,0.0058,0.0,0.0256,0.0,0.0,0.0,2,PolygonSlow,0.566,819,81,0.0,35.6
33.8,-2.2064,2.5024,2.5736,-0.0001,0.0058,0.0,0.0256,0.0,0.0,0.0,2,PolygonSlow,0.566,819,80,0.0,35.6
33.9,-2.2064,2.5024,2.5741,-0.0001,0.0058,0.0,0.0256,0.0,0.0,0.0,2,PolygonSlow,0.566,819,79,0.0,35.6
34.0,-2.2064,2.5024,2.5751,-0.0001,0.0058,0.0,0.0256,0.0,0.0,0.0,2,PolygonSlow,0.566,819,79,0.0,35.6
34.1,-2.2064,2.5023,2.5773,-0.0001,0.0058,0.0,0.0256,0.0,0.0,0.0,2,PolygonSlow,0.566,819,79,0.0,35.6
34.2,-2.2064,2.5023,2.5779,-0.0001,0.0058,0.0,0.0256,0.0,0.0,0.0,2,PolygonSlow,0.566,819,79,0.0,35.6
34.3,-2.2064,2.5023,2.5787,-0.0001,0.0058,0.0,0.0256,0.0,0.0,0.0,2,PolygonSlow,0.566,819,79,0.0,35.6
34.4,-2.2064,2.5023,2.579,-0.0001,0.0058,0.0,0.0256,0.0,0.0,0.0,2,PolygonSlow,0.566,819,80,0.0,35.6
34.5,-2.2064,2.5023,2.5792,-0.0001,0.0058,0.0,0.0256,0.0,0.0,0.0,2,PolygonSlow,0.566,819,80,0.0,35.6
34.6,-2.2064,2.5023,2.5793,-0.0001,0.0058,0.0,0.0256,0.0,0.0,0.0,2,PolygonSlow,0.567,819,80,0.0,35.6
34.7,-2.2064,2.5023,2.5794,-0.0001,0.0058,0.0,0.0256,0.0,0.0,0.0,2,PolygonSlow,0.567,819,80,0.0,35.6
34.8,-2.2064,2.5023,2.5795,-0.0001,0.0058,0.0,0.0256,0.0,0.0,0.0,2,PolygonSlow,0.567,819,81,0.0,35.6
34.9,-2.2064,2.5023,2.5797,-0.0001,0.0058,0.0,0.0256,0.0,0.0,0.0,2,PolygonSlow,0.567,819,81,0.0,35.6
35.0,-2.2064,2.5022,2.5803,-0.0001,0.0059,0.0,0.0256,0.0,0.0,0.0,2,PolygonSlow,0.567,819,81,0.0,35.6
35.1,-2.2064,2.5022,2.5809,-0.0001,0.0059,0.0,0.0256,0.0,0.0,0.0,2,PolygonSlow,0.567,819,81,0.0,35.6
35.2,-2.2064,2.5022,2.5815,-0.0001,0.0059,0.0,0.0256,0.0,0.0,0.0,2,PolygonSlow,0.567,819,81,0.0,35.6
35.3,-2.2064,2.5022,2.582,-0.0001,0.0059,0.0,0.0256,0.0,0.0,0.0,2,PolygonSlow,0.567,819,82,0.0,35.6
35.4,-2.2064,2.5021,2.5845,-0.0001,0.0059,0.0,0.0256,0.0,0.0,0.0,2,PolygonSlow,0.567,819,82,0.0,35.6
35.5,-2.2064,2.5021,2.5847,-0.0001,0.0059,0.0,0.0256,0.0,0.0,0.0,0,,0.567,819,82,0.0,35.6
35.6,-2.2064,2.5021,2.5848,-0.0001,0.0059,0.0,0.0256,0.0,0.0,0.0,0,,0.567,819,82,0.0,35.6
35.7,-2.2064,2.502,2.5891,-0.0003,0.0196,0.0,0.0256,0.0,0.0,0.0,0,,0.567,819,83,0.0,35.6
35.8,-2.2064,2.502,2.5911,-0.0003,0.0196,0.0,0.0256,0.0,0.0,0.0,0,,0.568,819,84,0.0,35.6
35.9,-2.2064,2.5019,2.5942,-0.0003,0.0197,0.0,0.0256,0.0,0.0,0.0,0,,0.568,819,84,0.0,35.6
36.0,-2.2064,2.5019,2.595,-0.0003,0.0197,0.0,0.0256,0.0,0.0,0.0,0,,0.568,819,85,0.0,35.6
36.1,-2.2064,2.5018,2.597,-0.0003,0.0197,0.0,0.0256,0.0,0.0,0.0,0,,0.568,819,85,0.0,35.6
36.2,-2.2064,2.5017,2.599,-0.0003,0.0197,0.0,0.0256,0.0,0.0,0.0,0,,0.569,819,87,0.0,35.6
36.3,-2.2064,2.5017,2.5994,-0.0003,0.0197,0.0,0.0256,0.0,0.0,0.0,0,,0.569,819,88,0.0,35.6
36.4,-2.2064,2.5017,2.5998,-0.0003,0.0197,0.0,0.0256,0.0,0.0,0.0,0,,0.57,819,89,0.0,35.6
36.5,-2.2064,2.5015,2.6061,-0.0003,0.0198,0.0,0.0256,0.0,0.0,0.0,0,,0.57,819,89,0.0,35.6
36.6,-2.2064,2.5015,2.6069,-0.0003,0.0198,0.0,0.0256,0.0,0.0,0.0,0,,0.57,819,88,0.0,35.6
36.7,-2.2064,2.5015,2.6073,-0.0003,0.0198,0.0,0.0256,0.0,0.0,0.0,0,,0.57,819,88,0.0,35.6
36.8,-2.2064,2.5015,2.6077,-0.0003,0.0198,0.0,-0.0256,0.0,0.0,0.0,0,,0.571,819,88,0.0,35.6
36.9,-2.2064,2.5015,2.6081,-0.0003,0.0198,0.0,-0.3333,0.0,0.0,0.0,0,,0.57,819,88,0.0,36.2
37.0,-2.206,2.5017,2.5896,-0.0027,-0.2255,0.0,-0.3333,0.0,0.0,0.0,0,,0.57,819,88,0.0,36.2
37.1,-2.2059,2.5017,2.585,-0.0016,-0.2304,0.0,-0.3333,0.0,0.0,0.0,2,PolygonSlow,0.57,819,80,0.0,36.2
37.2,-2.2057,2.502,2.5663,-0.0035,-0.2162,0.0,-0.3333,0.0,0.0,0.0,0,,0.567,819,76,0.0,36.2
37.3,-2.2056,2.502,2.5618,-0.0033,-0.2215,0.0,-0.3333,0.0,0.0,0.0,2,PolygonSlow,0.565,819,74,0.0,36.2
37.4,-2.2056,2.5023,2.545,0.0006,-0.063,0.0,-0.2821,0.0,0.0,0.0,2,PolygonSlow,0.563,819,71,0.0,36.2
37.5,-2.2056,2.5024,2.5399,0.0006,-0.0628,0.0,-0.2821,0.0,0.0,0.0,2,PolygonSlow,0.563,819,70,0.0,36.2
37.6,-2.2056,2.5026,2.5274,0.0005,-0.0622,0.0,-0.2821,0.0,0.0,0.0,2,PolygonSlow,0.561,819,67,0.0,36.2
37.7,-2.2056,2.5027,2.5212,0.0005,-0.062,0.0,-0.2821,0.0,0.0,0.0,2,PolygonSlow,0.56,819,66,0.0,36.2
37.8,-2.2056,2.5027,2.5212,0.0005,-0.062,0.0,-0.2821,0.0,0.0,0.0,2,PolygonSlow,0.56,819,62,0.0,36.2
37.9,-2.2055,2.5028,2.5092,-0.0006,-0.057,0.0,-0.2821,0.0,0.0,0.0,2,PolygonSlow,0.558,819,62,0.0,36.2
38.0,-2.2055,2.5028,2.5081,-0.0006,-0.0569,0.0,-0.2821,0.0,0.0,0.0,2,PolygonSlow,0.558,819,60,0.0,36.2
38.1,-2.2055,2.5028,2.5081,-0.0006,-0.0569,0.0,-0.2821,0.0,0.0,0.0,2,PolygonSlow,0.558,819,60,0.0,36.2
38.2,-2.2055,2.5028,2.5069,-0.0006,-0.057,0.0,-0.2308,0.0,0.0,0.0,2,PolygonSlow,0.557,819,58,0.0,36.2
38.3,-2.2055,2.5028,2.5058,-0.0006,-0.057,0.0,-0.2308,0.0,0.0,0.0,2,PolygonSlow,0.556,819,69,0.0,36.2
38.4,-2.2054,2.5028,2.5046,-0.0006,-0.0571,0.0,-0.2308,0.0,0.0,0.0,2,PolygonSlow,0.556,819,68,0.0,36.2
38.5,-2.2054,2.5028,2.5012,-0.0005,-0.0573,0.0,-0.2308,0.0,0.0,0.0,2,PolygonSlow,0.555,819,67,0.0,36.2
38.6,-2.2054,2.5028,2.4963,-0.0004,-0.0472,0.0,-0.2308,0.0,0.0,0.0,2,PolygonSlow,0.555,819,66,0.0,36.2
38.7,-2.2053,2.5028,2.4877,-0.0003,-0.0476,0.0,-0.2308,0.0,0.0,0.0,2,PolygonSlow,0.553,819,66,0.0,36.2
38.8,-2.2052,2.5028,2.4646,0.0,-0.0488,0.0,-0.2308,0.0,0.0,0.0,2,PolygonSlow,0.553,819,62,0.0,36.2
38.9,-2.2052,2.5028,2.4597,0.0001,-0.0491,0.0,-0.2308,0.0,0.0,0.0,2,PolygonSlow,0.552,819,62,0.0,36.2
39.0,-2.2052,2.5028,2.4557,0.0001,-0.0493,0.0,-0.2308,0.0,0.0,0.0,2,PolygonSlow,0.551,819,61,0.0,36.8
39.1,-2.2052,2.5028,2.4547,0.0001,-0.0494,0.0,-0.2308,0.0,0.0,0.0,2,PolygonSlow,0.551,819,71,0.0,36.8
39.2,-2.2052,2.5028,2.4537,0.0001,-0.0494,0.0,-0.1795,0.0,0.0,0.0,2,PolygonSlow,0.55,819,72,0.0,36.8
39.3,-2.2052,2.5028,2.4528,0.0001,-0.0495,0.0,-0.1795,0.0,0.0,0.0,2,PolygonSlow,0.549,819,71,0.0,36.8
39.4,-2.2052,2.5028,2.4518,0.0001,-0.0495,0.0,-0.1795,0.0,0.0,0.0,2,PolygonSlow,0.549,819,70,0.0,36.8
39.5,-2.2053,2.5028,2.4508,0.0002,-0.0496,0.0,-0.1795,0.0,0.0,0.0,2,PolygonSlow,0.548,819,67,0.0,36.8
39.6,-2.2053,2.5028,2.4454,0.0002,-0.0388,0.0,-0.1795,0.0,0.0,0.0,2,PolygonSlow,0.548,819,66,0.0,36.8
39.7,-2.2053,2.5028,2.4415,0.0002,-0.0389,0.0,-0.1795,0.0,0.0,0.0,2,PolygonSlow,0.547,819,66,0.0,36.8
39.8,-2.2053,2.5028,2.4391,0.0002,-0.039,0.0,-0.1795,0.0,0.0,0.0,2,PolygonSlow,0.547,819,66,0.0,36.8
39.9,-2.2055,2.5028,2.4178,0.0004,-0.0399,0.0,-0.1795,0.0,0.0,0.0,2,PolygonSlow,0.546,819,66,0.0,36.8
40.0,-2.2056,2.5028,2.417,0.0004,-0.0399,0.0,-0.1795,0.0,0.0,0.0,2,PolygonSlow,0.545,819,65,0.0,36.8
40.1,-2.2056,2.5028,2.4162,0.0004,-0.04,0.0,-0.1795,0.0,0.0,0.0,2,PolygonSlow,0.545,819,63,0.0,36.8
40.2,-2.2056,2.5028,2.4154,0.0004,-0.04,0.0,-0.1795,0.0,0.0,0.0,2,PolygonSlow,0.544,819,62,0.0,36.8
40.3,-2.2056,2.5028,2.4146,0.0004,-0.04,0.0,-0.1795,0.0,0.0,0.0,2,PolygonSlow,0.544,819,62,0.0,36.8
40.4,-2.2056,2.5028,2.4138,0.0004,-0.0401,0.0,-0.1795,0.0,0.0,0.0,2,PolygonSlow,0.543,819,62,0.0,36.8
40.5,-2.2057,2.5028,2.4098,0.0004,-0.0402,0.0,-0.1795,0.0,0.0,0.0,2,PolygonSlow,0.542,819,61,0.0,36.8
40.6,-2.2057,2.5028,2.4058,0.0004,-0.0404,0.0,-0.1282,0.0,0.0,0.0,2,PolygonSlow,0.542,819,61,0.0,36.8
40.7,-2.2058,2.5028,2.4017,0.0004,-0.0405,0.0,-0.1282,0.0,0.0,0.0,2,PolygonSlow,0.541,819,60,0.0,36.8
40.8,-2.2058,2.5028,2.3977,0.0003,-0.0407,0.0,-0.1282,0.0,0.0,0.0,2,PolygonSlow,0.541,819,58,0.0,36.8
40.9,-2.2059,2.5028,2.3833,0.0,0.0,0.0,-0.1282,0.0,0.0,0.0,0,,0.541,819,57,0.0,36.8
41.0,-2.2059,2.5028,2.3833,0.0,0.0,0.0,-0.1282,0.0,0.0,0.0,0,,0.541,819,57,0.0,36.8
41.1,-2.2059,2.5028,2.3833,0.0,0.0,0.0,-0.1282,0.0,0.0,0.0,2,PolygonSlow,0.541,819,57,0.0,36.8
41.2,-2.2059,2.5028,2.383,0.0001,-0.0144,0.0,-0.1282,0.0,0.0,0.0,2,PolygonSlow,0.54,819,56,0.0,36.8
41.3,-2.2059,2.5028,2.3824,0.0001,-0.0295,0.0,-0.1282,0.0,0.0,0.0,2,PolygonSlow,0.54,819,56,0.0,36.8
41.4,-2.2059,2.5028,2.3818,0.0001,-0.0295,0.0,-0.1282,0.0,0.0,0.0,2,PolygonSlow,0.539,819,55,0.0,36.8
41.5,-2.206,2.5028,2.3795,0.0001,-0.0296,0.0,-0.1282,0.0,0.0,0.0,2,PolygonSlow,0.539,819,55,0.0,36.8
41.6,-2.206,2.5028,2.3771,0.0001,-0.0297,0.0,-0.1282,0.0,0.0,0.0,2,PolygonSlow,0.539,819,55,0.0,36.8
41.7,-2.206,2.5028,2.3747,0.0001,-0.0297,0.0,-0.1282,0.0,0.0,0.0,2,PolygonSlow,0.538,819,53,0.0,36.8
41.8,-2.206,2.5028,2.364,0.0,-0.03,0.0,-0.1282,0.0,0.0,0.0,2,PolygonSlow,0.537,819,52,0.0,36.8
41.9,-2.206,2.5028,2.364,0.0,-0.03,0.0,-0.1282,0.0,0.0,0.0,2,PolygonSlow,0.537,819,52,0.0,36.8
42.0,-2.206,2.5028,2.3634,0.0,-0.0301,0.0,-0.1282,0.0,0.0,0.0,2,PolygonSlow,0.537,819,49,0.0,36.8
42.1,-2.206,2.5028,2.3591,0.0,-0.0302,0.0,-0.1282,0.0,0.0,0.0,2,PolygonSlow,0.536,819,48,0.0,36.8
42.2,-2.206,2.5028,2.3591,0.0,-0.0302,0.0,-0.1282,0.0,0.0,0.0,2,PolygonSlow,0.536,819,48,0.0,36.8
42.3,-2.206,2.5028,2.3519,0.0,-0.0302,0.0,-0.1282,0.0,0.0,0.0,2,PolygonSlow,0.535,819,48,0.0,36.8
42.4,-2.206,2.5028,2.3417,0.0001,-0.0299,0.0,-0.1282,0.0,0.0,0.0,2,PolygonSlow,0.535,819,48,0.0,36.8
42.5,-2.206,2.5028,2.3399,0.0001,-0.0298,0.0,-0.1282,0.0,0.0,0.0,2,PolygonSlow,0.535,819,44,0.0,36.8
42.6,-2.206,2.5028,2.3381,0.0001,-0.0298,0.0,-0.0769,0.0,0.0,0.0,2,PolygonSlow,0.534,819,44,0.0,36.8
42.7,-2.206,2.5028,2.3375,0.0001,-0.0297,0.0,-0.0769,0.0,0.0,0.0,2,PolygonSlow,0.534,819,43,0.0,36.8
42.8,-2.206,2.5029,2.3369,0.0001,-0.0297,0.0,-0.0769,0.0,0.0,0.0,2,PolygonSlow,0.534,819,43,0.0,36.8
42.9,-2.206,2.5029,2.3363,0.0001,-0.0297,0.0,-0.0769,0.0,0.0,0.0,2,PolygonSlow,0.533,819,42,0.0,36.8
43.0,-2.206,2.5029,2.3337,0.0001,-0.0178,0.0,-0.0769,0.0,0.0,0.0,2,PolygonSlow,0.533,819,41,0.0,36.8
43.1,-2.206,2.5029,2.3337,0.0001,-0.0178,0.0,-0.0769,0.0,0.0,0.0,2,PolygonSlow,0.533,819,41,0.0,36.8
43.2,-2.206,2.5029,2.3256,0.0001,-0.0176,0.0,-0.0769,0.0,0.0,0.0,2,PolygonSlow,0.533,819,41,0.0,36.8
43.3,-2.206,2.503,2.3217,0.0001,-0.0176,0.0,-0.0769,0.0,0.0,0.0,2,PolygonSlow,0.532,819,42,0.0,36.8
43.4,-2.206,2.503,2.3214,0.0001,-0.0176,0.0,-0.0769,0.0,0.0,0.0,2,PolygonSlow,0.532,819,41,0.0,36.8
43.5,-2.206,2.503,2.321,0.0001,-0.0176,0.0,-0.0769,0.0,0.0,0.0,2,PolygonSlow,0.532,819,41,0.0,36.8
43.6,-2.206,2.503,2.3165,0.0001,-0.0175,0.0,-0.0769,0.0,0.0,0.0,2,PolygonSlow,0.532,819,41,0.0,36.8
43.7,-2.206,2.503,2.3161,0.0001,-0.0175,0.0,-0.0769,0.0,0.0,0.0,2,PolygonSlow,0.531,819,41,0.0,36.8
43.8,-2.206,2.503,2.313,0.0001,-0.0174,0.0,-0.0769,0.0,0.0,0.0,2,PolygonSlow,0.531,819,39,0.0,36.8
43.9,-2.206,2.5031,2.3109,0.0002,-0.0174,0.0,-0.0769,0.0,0.0,0.0,2,PolygonSlow,0.531,819,39,0.0,36.8
44.0,-2.206,2.5031,2.3098,0.0002,-0.0174,0.0,-0.0769,0.0,0.0,0.0,2,PolygonSlow,0.531,819,38,0.0,36.8
44.1,-2.206,2.5031,2.3095,0.0002,-0.0174,0.0,-0.0769,0.0,0.0,0.0,2,PolygonSlow,0.53,819,38,0.0,36.2
44.2,-2.206,2.5031,2.3091,0.0002,-0.0174,0.0,-0.0769,0.0,0.0,0.0,2,PolygonSlow,0.53,819,38,0.0,36.2
44.3,-2.206,2.5031,2.3088,0.0002,-0.0174,0.0,-0.0769,0.0,0.0,0.0,2,PolygonSlow,0.53,819,38,0.0,36.2
44.4,-2.206,2.5031,2.3084,0.0002,-0.0173,0.0,-0.0769,0.0,0.0,0.0,2,PolygonSlow,0.53,819,38,0.0,36.2
44.5,-2.206,2.5031,2.3081,0.0002,-0.0173,0.0,-0.0769,0.0,0.0,0.0,2,PolygonSlow,0.53,819,38,0.0,36.2
44.6,-2.206,2.5031,2.3064,0.0002,-0.0173,0.0,-0.0769,0.0,0.0,0.0,2,PolygonSlow,0.53,819,37,0.0,36.2
44.7,-2.206,2.5031,2.305,0.0002,-0.0173,0.0,-0.0769,0.0,0.0,0.0,2,PolygonSlow,0.529,819,36,0.0,36.2
44.8,-2.206,2.5032,2.3022,0.0002,-0.0172,0.0,-0.0769,0.0,0.0,0.0,2,PolygonSlow,0.529,819,36,0.0,36.2
44.9,-2.206,2.5032,2.3022,0.0002,-0.0172,0.0,-0.0769,0.0,0.0,0.0,2,PolygonSlow,0.529,819,36,0.0,36.2
45.0,-2.206,2.5032,2.2998,0.0002,-0.0172,0.0,-0.0769,0.0,0.0,0.0,2,PolygonSlow,0.529,819,36,0.0,36.2
45.1,-2.206,2.5033,2.2909,0.0002,-0.017,0.0,-0.0769,0.0,0.0,0.0,2,PolygonSlow,0.528,819,34,0.0,36.2
45.2,-2.206,2.5033,2.2906,0.0002,-0.017,0.0,-0.0769,0.0,0.0,0.0,2,PolygonSlow,0.528,819,33,0.0,36.2
45.3,-2.206,2.5034,2.2902,0.0002,-0.017,0.0,-0.0769,0.0,0.0,0.0,2,PolygonSlow,0.528,819,33,0.0,36.2
45.4,-2.206,2.5034,2.2899,0.0002,-0.017,0.0,-0.0769,0.0,0.0,0.0,2,PolygonSlow,0.528,819,33,0.0,36.2
45.5,-2.206,2.5034,2.2878,0.0001,-0.017,0.0,-0.0769,0.0,0.0,0.0,2,PolygonSlow,0.527,819,33,0.0,36.2
45.6,-2.206,2.5034,2.2875,0.0001,-0.017,0.0,-0.0769,0.0,0.0,0.0,2,PolygonSlow,0.527,819,32,0.0,36.2
45.7,-2.206,2.5035,2.2801,0.0001,-0.0169,0.0,-0.0769,0.0,0.0,0.0,2,PolygonSlow,0.527,819,32,0.0,36.2
45.8,-2.206,2.5035,2.2791,0.0001,-0.0168,0.0,-0.0256,0.0,0.0,0.0,2,PolygonSlow,0.527,819,32,0.0,36.2
45.9,-2.206,2.5035,2.2787,0.0001,-0.0168,0.0,-0.0256,0.0,0.0,0.0,2,PolygonSlow,0.526,819,31,0.0,36.2
46.0,-2.206,2.5035,2.278,0.0001,-0.0168,0.0,-0.0256,0.0,0.0,0.0,2,PolygonSlow,0.526,819,31,0.0,36.2
46.1,-2.206,2.5035,2.2777,0.0001,-0.0168,0.0,-0.0256,0.0,0.0,0.0,2,PolygonSlow,0.526,819,31,0.0,36.2
46.2,-2.206,2.5035,2.2776,0.0,-0.0056,0.0,-0.0256,0.0,0.0,0.0,2,PolygonSlow,0.526,819,31,0.0,36.2
46.3,-2.206,2.5035,2.2773,0.0,-0.0056,0.0,-0.0256,0.0,0.0,0.0,2,PolygonSlow,0.526,819,31,0.0,36.2
46.4,-2.206,2.5035,2.2761,0.0,-0.0056,0.0,-0.0256,0.0,0.0,0.0,2,PolygonSlow,0.526,819,31,0.0,36.2
46.5,-2.206,2.5035,2.2742,0.0,-0.0056,0.0,-0.0256,0.0,0.0,0.0,2,PolygonSlow,0.526,819,30,0.0,36.2
46.6,-2.206,2.5035,2.2741,0.0,-0.0056,0.0,-0.0256,0.0,0.0,0.0,2,PolygonSlow,0.526,819,30,0.0,36.2
46.7,-2.206,2.5035,2.274,0.0,-0.0056,0.0,-0.0256,0.0,0.0,0.0,2,PolygonSlow,0.526,819,30,0.0,36.2
46.8,-2.206,2.5035,2.2739,0.0,-0.0056,0.0,-0.0256,0.0,0.0,0.0,2,PolygonSlow,0.526,819,30,0.0,36.2
46.9,-2.206,2.5035,2.273,0.0,-0.0056,0.0,-0.0256,0.0,0.0,0.0,2,PolygonSlow,0.526,819,30,0.0,36.2
47.0,-2.206,2.5035,2.2729,0.0,-0.0056,0.0,-0.0256,0.0,0.0,0.0,2,PolygonSlow,0.526,819,30,0.0,36.2
47.1,-2.206,2.5035,2.2728,0.0,-0.0056,0.0,-0.0256,0.0,0.0,0.0,2,PolygonSlow,0.526,819,30,0.0,36.2
47.2,-2.206,2.5035,2.2726,0.0,-0.0056,0.0,-0.0256,0.0,0.0,0.0,2,PolygonSlow,0.525,819,31,0.0,36.2
47.3,-2.206,2.5035,2.2719,0.0,-0.0056,0.0,-0.0256,0.0,0.0,0.0,2,PolygonSlow,0.525,819,29,0.0,36.2
47.4,-2.206,2.5035,2.2713,0.0,-0.0056,0.0,-0.0256,0.0,0.0,0.0,2,PolygonSlow,0.525,819,29,0.0,36.2
47.5,-2.206,2.5035,2.2709,0.0,-0.0056,0.0,-0.0256,0.0,0.0,0.0,2,PolygonSlow,0.525,819,29,0.0,36.2
47.6,-2.206,2.5035,2.2702,0.0,-0.0056,0.0,-0.0256,0.0,0.0,0.0,2,PolygonSlow,0.525,819,29,0.0,36.2
47.7,-2.206,2.5036,2.2673,0.0,-0.0055,0.0,-0.0256,0.0,0.0,0.0,2,PolygonSlow,0.525,819,29,0.0,36.2
47.8,-2.206,2.5036,2.2668,0.0,-0.0055,0.0,-0.0256,0.0,0.0,0.0,2,PolygonSlow,0.525,819,29,0.0,36.2
47.9,-2.206,2.5036,2.2667,0.0,-0.0055,0.0,-0.0256,0.0,0.0,0.0,2,PolygonSlow,0.525,819,29,0.0,36.2
48.0,-2.206,2.5036,2.266,0.0,-0.0055,0.0,-0.0256,0.0,0.0,0.0,2,PolygonSlow,0.525,819,29,0.0,36.2
48.1,-2.206,2.5036,2.2656,0.0,-0.0055,0.0,-0.0256,0.0,0.0,0.0,2,PolygonSlow,0.525,819,29,0.0,36.2
48.2,-2.206,2.5036,2.265,0.0,-0.0055,0.0,-0.0256,0.0,0.0,0.0,2,PolygonSlow,0.525,819,29,0.0,36.2
48.3,-2.206,2.5036,2.2649,0.0,-0.0055,0.0,-0.0256,0.0,0.0,0.0,2,PolygonSlow,0.525,819,28,0.0,36.2
48.4,-2.206,2.5036,2.2639,0.0,-0.0055,0.0,-0.0256,0.0,0.0,0.0,2,PolygonSlow,0.525,819,28,0.0,36.2
48.5,-2.206,2.5036,2.2634,0.0,-0.0055,0.0,-0.0256,0.0,0.0,0.0,2,PolygonSlow,0.525,819,28,0.0,36.2
48.6,-2.206,2.5036,2.2628,0.0,-0.0055,0.0,-0.0256,0.0,0.0,0.0,2,PolygonSlow,0.524,819,28,0.0,36.2
48.7,-2.206,2.5036,2.2623,0.0,-0.0055,0.0,-0.0256,0.0,0.0,0.0,2,PolygonSlow,0.524,819,39,0.0,36.2
48.8,-2.206,2.5036,2.2617,0.0,-0.0055,0.0,-0.0256,0.0,0.0,0.0,2,PolygonSlow,0.524,819,39,0.0,36.2
48.9,-2.206,2.5036,2.2616,0.0,-0.0055,0.0,-0.0256,0.0,0.0,0.0,2,PolygonSlow,0.524,819,28,0.0,36.2
49.0,-2.206,2.5036,2.2606,0.0,-0.0055,0.0,-0.0256,0.0,0.0,0.0,2,PolygonSlow,0.524,819,28,0.0,36.2
49.1,-2.206,2.5036,2.2605,0.0,-0.0055,0.0,-0.0256,0.0,0.0,0.0,2,PolygonSlow,0.524,819,28,0.0,36.2
49.2,-2.206,2.5036,2.2603,0.0,-0.0055,0.0,-0.0256,0.0,0.0,0.0,2,PolygonSlow,0.524,819,28,0.0,36.2
49.3,-2.206,2.5036,2.2589,0.0,-0.0055,0.0,-0.0256,0.0,0.0,0.0,2,PolygonSlow,0.524,819,28,0.0,36.2
49.4,-2.206,2.5036,2.2588,0.0,-0.0055,0.0,-0.0256,0.0,0.0,0.0,2,PolygonSlow,0.524,819,28,0.0,36.2
49.5,-2.206,2.5036,2.2587,0.0,-0.0055,0.0,-0.0256,0.0,0.0,0.0,2,PolygonSlow,0.524,819,28,0.0,36.2
49.6,-2.206,2.5036,2.2586,0.0,-0.0055,0.0,-0.0256,0.0,0.0,0.0,2,PolygonSlow,0.524,819,27,0.0,36.2
49.7,-2.206,2.5036,2.2583,0.0,-0.0055,0.0,-0.0256,0.0,0.0,0.0,2,PolygonSlow,0.524,819,27,0.0,36.2
49.8,-2.206,2.5036,2.2558,0.0,-0.0055,0.0,-0.0256,0.0,0.0,0.0,2,PolygonSlow,0.524,819,27,0.0,36.2
49.9,-2.206,2.5036,2.2558,0.0,-0.0055,0.0,-0.0256,0.0,0.0,0.0,2,PolygonSlow,0.524,819,27,0.0,36.2
50.0,-2.206,2.5036,2.2547,0.0,-0.0055,0.0,-0.0256,0.0,0.0,0.0,2,PolygonSlow,0.523,819,27,0.0,36.2
50.1,-2.206,2.5036,2.2541,0.0,-0.0055,0.0,-0.0256,0.0,0.0,0.0,2,PolygonSlow,0.523,819,38,0.0,36.2
50.2,-2.206,2.5036,2.2536,0.0,-0.0055,0.0,-0.0256,0.0,0.0,0.0,2,PolygonSlow,0.523,819,38,0.0,36.2
50.3,-2.206,2.5036,2.2536,0.0,-0.0055,0.0,-0.0256,0.0,0.0,0.0,2,PolygonSlow,0.523,819,27,0.0,36.2
50.4,-2.206,2.5036,2.2529,0.0,-0.0055,0.0,-0.0256,0.0,0.0,0.0,2,PolygonSlow,0.523,819,26,0.0,36.2
50.5,-2.206,2.5036,2.2519,0.0,-0.0055,0.0,-0.0256,0.0,0.0,0.0,2,PolygonSlow,0.523,819,26,0.0,36.2
50.6,-2.206,2.5036,2.2517,0.0,-0.0055,0.0,-0.0256,0.0,0.0,0.0,2,PolygonSlow,0.523,819,26,0.0,36.2
50.7,-2.206,2.5036,2.2516,0.0,-0.0055,0.0,-0.0256,0.0,0.0,0.0,2,PolygonSlow,0.523,819,26,0.0,36.2
50.8,-2.206,2.5036,2.2507,0.0,-0.0054,0.0,-0.0256,0.0,0.0,0.0,2,PolygonSlow,0.523,819,25,0.0,36.2
50.9,-2.206,2.5036,2.2507,0.0,-0.0054,0.0,-0.0256,0.0,0.0,0.0,2,PolygonSlow,0.523,819,25,0.0,36.2
51.0,-2.206,2.5036,2.2502,-0.0,0.0311,0.0,1.0,0.0,0.0,0.0,2,PolygonSlow,0.523,819,25,0.0,36.2
51.1,-2.206,2.5036,2.2569,-0.0002,0.0995,0.0,1.0,0.0,0.0,0.0,2,PolygonSlow,0.523,819,25,0.0,36.2
51.2,-2.206,2.5035,2.2716,-0.0009,0.1734,0.0,1.0,0.0,0.0,0.0,2,PolygonSlow,0.524,819,25,0.0,36.2
51.3,-2.206,2.5033,2.2925,-0.002,0.2213,0.0,1.0,0.0,0.0,0.0,2,PolygonSlow,0.527,819,25,0.0,36.2
51.4,-2.206,2.503,2.3149,-0.0019,0.2263,0.0,1.0,0.0,0.0,0.0,2,PolygonSlow,0.53,819,25,0.0,36.2
51.5,-2.206,2.5028,2.3379,-0.0009,0.2314,0.0,1.0,0.0,0.0,0.0,2,PolygonSlow,0.533,819,25,0.0,36.2
51.6,-2.206,2.5028,2.3613,-0.0001,0.2355,0.0,1.0,0.0,0.0,0.0,2,PolygonSlow,0.536,819,25,0.0,36.2
51.7,-2.2059,2.5028,2.3845,-0.0011,0.2303,0.0,1.0,0.0,0.0,0.0,2,PolygonSlow,0.539,819,25,0.0,36.2
51.8,-2.2057,2.5028,2.4073,-0.0022,0.2253,0.0,1.0,0.0,0.0,0.0,2,PolygonSlow,0.542,819,25,0.0,36.2
51.9,-2.2054,2.5028,2.4295,-0.0018,0.2203,0.0,1.0,0.0,0.0,0.0,2,PolygonSlow,0.545,819,25,0.0,36.2
52.0,-2.2052,2.5028,2.4512,-0.0008,0.2153,0.0,1.0,0.0,0.0,0.0,2,PolygonSlow,0.549,819,25,0.0,36.2
52.1,-2.2052,2.5028,2.4725,0.0002,0.2105,0.0,1.0,0.0,0.0,0.0,2,PolygonSlow,0.552,819,25,0.0,36.2
52.2,-2.2053,2.5028,2.4932,0.0013,0.2057,0.0,1.0,0.0,0.0,0.0,2,PolygonSlow,0.554,819,25,0.0,36.2
52.3,-2.2056,2.5028,2.5135,0.0022,0.2011,0.0,1.0,0.0,0.0,0.0,2,PolygonSlow,0.557,819,25,0.0,36.2
52.4,-2.2058,2.5028,2.5333,0.0023,0.1964,0.0,1.0,0.0,0.0,0.0,2,PolygonSlow,0.559,819,25,0.0,36.2
52.5,-2.2061,2.5028,2.5529,0.0019,0.1969,0.0,1.0,0.0,0.0,0.0,2,PolygonSlow,0.562,819,25,0.0,36.2
52.6,-2.2064,2.5026,2.5735,0.0,0.2134,0.0,1.0,0.0,0.0,0.0,2,PolygonSlow,0.564,819,25,0.0,36.2
52.7,-2.2065,2.502,2.5961,-0.0028,0.2377,0.0,1.0,0.0,0.0,0.0,4,PolygonLimit,0.567,819,25,0.0,36.2
52.8,-2.2067,2.5017,2.6279,-0.0005,0.3547,0.0,1.0,0.0,0.0,0.0,4,PolygonLimit,0.57,819,25,0.0,36.2
52.9,-2.2068,2.5006,2.6669,-0.007,0.4003,0.0,1.0,0.0,0.0,0.0,4,PolygonLimit,0.574,819,25,0.0,36.2
53.0,-2.2068,2.4988,2.7075,-0.0081,0.4101,0.0,1.0,0.0,0.0,0.0,4,PolygonLimit,0.58,819,25,0.0,36.2
53.1,-2.2068,2.4967,2.7492,-0.0086,0.4204,0.0,1.0,0.0,0.0,0.0,4,PolygonLimit,0.585,819,25,0.0,36.2
53.2,-2.2068,2.4943,2.7918,-0.0088,0.431,0.0,1.0,0.0,0.0,0.0,4,PolygonLimit,0.59,819,25,0.0,36.2
53.3,-2.2068,2.4916,2.8356,-0.0087,0.4422,0.0,1.0,0.0,0.0,0.0,4,PolygonLimit,0.596,819,25,0.0,36.2
53.4,-2.2068,2.4886,2.8805,-0.0083,0.4538,0.0,1.0,0.0,0.0,0.0,4,PolygonLimit,0.601,819,25,0.0,36.2
53.5,-2.2068,2.4852,2.9266,-0.0076,0.4662,0.0,1.0,0.0,0.0,0.0,4,PolygonLimit,0.607,819,25,0.0,36.2
53.6,-2.2068,2.4815,2.974,-0.0065,0.4793,0.0,1.0,0.0,0.0,0.0,4,PolygonLimit,0.612,819,25,0.0,36.2
53.7,-2.2068,2.4776,3.0228,-0.005,0.4933,0.0,1.0,0.0,0.0,0.0,4,PolygonLimit,0.617,819,25,0.0,36.2
53.8,-2.2068,2.4733,3.073,-0.0032,0.5085,0.0,1.0,0.0,0.0,0.0,4,PolygonLimit,0.623,819,25,0.0,36.2
53.9,-2.2068,2.4687,3.1248,-0.001,0.525,0.0,1.0,0.0,0.0,0.0,4,PolygonLimit,0.628,819,25,0.0,36.2
54.0,-2.2068,2.464,-3.1056,0.0014,0.5225,0.0,1.0,0.0,0.0,0.0,4,PolygonLimit,0.634,819,25,0.0,36.2
54.1,-2.2068,2.4596,-3.0543,0.0036,0.5062,0.0,1.0,0.0,0.0,0.0,4,PolygonLimit,0.639,819,25,0.0,36.2
54.2,-2.2068,2.4554,-3.0046,0.0053,0.4912,0.0,1.0,0.0,0.0,0.0,4,PolygonLimit,0.643,819,25,0.0,36.2
54.3,-2.2068,2.4515,-2.9564,0.0067,0.4773,0.0,1.0,0.0,0.0,0.0,4,PolygonLimit,0.648,819,25,0.0,36.2
54.4,-2.2068,2.448,-2.9094,0.0078,0.4643,0.0,1.0,0.0,0.0,0.0,4,PolygonLimit,0.652,819,25,0.0,36.2
54.5,-2.2068,2.4447,-2.8637,0.0084,0.452,0.0,1.0,0.0,0.0,0.0,4,PolygonLimit,0.655,819,25,0.0,36.2
54.6,-2.2068,2.4418,-2.8192,0.0088,0.4404,0.0,1.0,0.0,0.0,0.0,4,PolygonLimit,0.658,819,25,0.0,36.2
54.7,-2.2068,2.4392,-2.7758,0.0088,0.4294,0.0,0.9229,0.0,0.0,0.0,4,PolygonLimit,0.661,819,25,0.0,36.2
54.8,-2.2068,2.4369,-2.7335,0.0086,0.4188,0.0,0.7292,0.0,0.0,0.0,4,PolygonLimit,0.664,819,25,0.0,36.2
54.9,-2.2068,2.4349,-2.6923,0.008,0.4086,0.0,0.4602,0.0,0.0,0.0,4,PolygonLimit,0.666,819,25,0.0,36.2
55.0,-2.2068,2.4335,-2.6609,0.0068,0.3689,0.0,-1.0,0.0,0.0,0.0,0,,0.669,819,108,0.0,38.6
55.1,-2.2068,2.433,-2.6482,0.0051,0.2868,0.0,-1.0,0.0,0.0,0.0,0,,0.67,819,101,0.0,38.6
55.2,-2.2068,2.4325,-2.6332,0.0007,-0.0789,0.0,-1.0,0.0,0.0,0.0,0,,0.671,819,108,0.0,38.6
55.3,-2.2068,2.4325,-2.6332,0.0007,-0.0789,0.0,-1.0,0.0,0.0,0.0,0,,0.671,819,108,0.0,38.6
55.4,-2.2068,2.4325,-2.6357,0.0012,-0.1233,0.0,-1.0,0.0,0.0,0.0,4,PolygonLimit,0.67,819,114,0.0,38.6
55.5,-2.2068,2.4325,-2.6386,-0.0003,-0.1449,0.0,-1.0,0.0,0.0,0.0,4,PolygonLimit,0.668,819,124,0.0,38.6
55.6,-2.2069,2.4326,-2.6424,0.0005,-0.1913,0.0,-1.0,0.0,0.0,0.0,4,PolygonLimit,0.666,819,134,0.0,38.6
55.7,-2.207,2.4327,-2.6471,0.0012,-0.2355,0.0,-1.0,0.0,0.0,0.0,4,PolygonLimit,0.664,819,133,0.0,38.6
55.8,-2.2072,2.4329,-2.6663,0.0027,-0.3607,0.0,-1.0,0.0,0.0,0.0,4,PolygonLimit,0.661,819,137,0.0,38.6
55.9,-2.2073,2.4339,-2.7147,-0.0066,-0.4119,0.0,-1.0,0.0,0.0,0.0,4,PolygonLimit,0.658,819,145,0.0,38.6
56.0,-2.2073,2.438,-2.7907,-0.0088,-0.4307,0.0,-1.0,0.0,0.0,0.0,4,PolygonLimit,0.651,819,157,0.0,38.0
56.1,-2.2073,2.4419,-2.8522,-0.0086,-0.4464,0.0,-0.4872,0.0,0.0,0.0,4,PolygonLimit,0.647,819,157,0.0,38.0
56.2,-2.2073,2.4573,-3.0514,-0.004,-0.5019,0.0,-0.4872,0.0,0.0,0.0,0,,0.643,819,157,0.0,38.0
56.3,-2.2073,2.4581,-3.0614,-0.0036,-0.4984,0.0,-0.4872,0.0,0.0,0.0,0,,0.639,819,163,0.0,38.0
56.4,-2.2073,2.459,-3.0713,-0.0032,-0.495,0.0,-0.4359,0.0,0.0,0.0,0,,0.634,819,158,0.0,38.0
56.5,-2.2073,2.4598,-3.0812,-0.0028,-0.498,0.0,-0.3846,0.0,0.0,0.0,0,,0.629,819,155,0.0,38.0
56.6,-2.2073,2.4677,3.1137,0.001,-0.4576,0.0,-0.3846,0.0,0.0,0.0,0,,0.625,819,151,0.0,38.6
56.7,-2.2073,2.4685,3.1046,0.0013,-0.455,0.0,-0.3333,0.0,0.0,0.0,0,,0.621,819,149,0.0,38.6
56.8,-2.2073,2.4692,3.0959,0.0016,-0.4343,0.0,-0.3333,0.0,0.0,0.0,0,,0.617,819,147,0.0,38.6
56.9,-2.2073,2.4699,3.088,0.0017,-0.3972,0.0,-0.2821,0.0,0.0,0.0,0,,0.613,819,141,0.0,38.6
57.0,-2.2073,2.4727,3.0566,0.0027,-0.3896,0.0,-0.2821,0.0,0.0,0.0,0,,0.613,819,140,0.0,38.6
57.1,-2.2073,2.4769,3.0054,0.0036,-0.3272,0.0,-0.2308,0.0,0.0,0.0,0,,0.61,819,137,0.0,38.6
57.2,-2.2073,2.4785,2.9859,0.004,-0.3235,0.0,-0.8974,0.0,0.0,0.0,0,,0.607,819,133,0.0,39.0
57.3,-2.2073,2.4806,2.9603,0.0044,-0.3186,0.0,-0.8974,0.0,0.0,0.0,4,PolygonLimit,0.604,819,133,0.0,39.0
57.4,-2.2073,2.4843,2.9119,0.0044,-0.2619,0.0,-0.7949,0.0,0.0,0.0,4,PolygonLimit,0.595,819,121,0.0,39.0
57.5,-2.2073,2.4859,2.8891,0.0038,-0.2114,0.0,-0.7436,0.0,0.0,0.0,4,PolygonLimit,0.589,819,114,0.0,39.0
57.6,-2.2073,2.4895,2.8318,0.0087,-0.4437,0.0,-0.7436,0.0,0.0,0.0,4,PolygonLimit,0.584,819,114,0.0,39.0
57.7,-2.2073,2.4981,2.6714,0.0076,-0.4035,0.0,-0.7436,0.0,0.0,0.0,4,PolygonLimit,0.579,819,99,0.0,38.4
57.8,-2.2073,2.4996,2.6316,0.0067,-0.3938,0.0,-0.6923,0.0,0.0,0.0,4,PolygonLimit,0.573,819,95,0.0,38.4
57.9,-2.2073,2.4999,2.6238,0.0065,-0.3919,0.0,-0.641,0.0,0.0,0.0,4,PolygonLimit,0.568,819,85,0.0,38.4
58.0,-2.2073,2.5001,2.616,0.0063,-0.39,0.0,-0.5897,0.0,0.0,0.0,2,PolygonSlow,0.563,819,74,0.0,38.4
58.1,-2.2073,2.5012,2.5775,0.0051,-0.3807,0.0,-0.2821,0.0,0.0,0.0,2,PolygonSlow,0.56,819,70,0.0,38.0
58.2,-2.2073,2.5014,2.57,0.0048,-0.3789,0.0,-0.2821,0.0,0.0,0.0,2,PolygonSlow,0.559,819,67,0.0,38.0
58.3,-2.2073,2.5015,2.5624,0.0045,-0.3771,0.0,-0.2821,0.0,0.0,0.0,2,PolygonSlow,0.558,819,64,0.0,38.0
58.4,-2.2073,2.5018,2.5463,0.0021,-0.2087,0.0,-0.2821,0.0,0.0,0.0,2,PolygonSlow,0.557,819,64,0.0,38.0
58.5,-2.2073,2.5021,2.5328,0.0011,-0.1307,0.0,-0.2821,0.0,0.0,0.0,2,PolygonSlow,0.556,819,62,0.0,38.0
58.6,-2.2073,2.5022,2.5225,0.0006,-0.0798,0.0,-0.2308,0.0,0.0,0.0,2,PolygonSlow,0.555,819,60,0.0,38.0
58.7,-2.2073,2.5023,2.5163,0.0003,-0.0613,0.0,-0.2308,0.0,0.0,0.0,2,PolygonSlow,0.555,819,58,0.0,38.0
58.8,-2.2073,2.5023,2.5104,-0.0004,-0.0579,0.0,-0.2308,0.0,0.0,0.0,2,PolygonSlow,0.554,819,70,0.0,38.0
58.9,-2.207,2.5023,2.4844,-0.0002,-0.0478,0.0,-0.2308,0.0,0.0,0.0,2,PolygonSlow,0.554,819,70,0.0,38.0
59.0,-2.207,2.5023,2.4815,-0.0002,-0.048,0.0,-0.2308,0.0,0.0,0.0,2,PolygonSlow,0.553,819,79,0.0,38.0
59.1,-2.207,2.5023,2.4805,-0.0002,-0.048,0.0,-0.2308,0.0,0.0,0.0,2,PolygonSlow,0.552,819,77,0.0,38.0
59.2,-2.207,2.5023,2.4805,-0.0002,-0.048,0.0,-0.2308,0.0,0.0,0.0,2,PolygonSlow,0.552,819,77,0.0,38.0
59.3,-2.207,2.5023,2.4786,-0.0002,-0.0481,0.0,-0.2308,0.0,0.0,0.0,2,PolygonSlow,0.551,819,76,0.0,38.0
59.4,-2.207,2.5023,2.4776,-0.0001,-0.0482,0.0,-0.2308,0.0,0.0,0.0,2,PolygonSlow,0.55,819,73,0.0,38.0
59.5,-2.207,2.5023,2.4738,-0.0001,-0.0484,0.0,-0.2308,0.0,0.0,0.0,2,PolygonSlow,0.55,819,73,0.0,38.0
59.6,-2.207,2.5023,2.4699,-0.0001,-0.0486,0.0,-0.2308,0.0,0.0,0.0,2,PolygonSlow,0.549,819,72,0.0,38.0
59.7,-2.207,2.5023,2.4641,0.0,-0.0489,0.0,-0.2308,0.0,0.0,0.0,2,PolygonSlow,0.548,819,73,0.0,38.0
59.8,-2.207,2.5023,2.4592,0.0001,-0.0491,0.0,-0.1795,0.0,0.0,0.0,2,PolygonSlow,0.548,819,72,0.0,38.0
59.9,-2.207,2.5023,2.4552,0.0001,-0.0493,0.0,-0.1795,0.0,0.0,0.0,2,PolygonSlow,0.547,819,70,0.0,38.0
60.0,-2.207,2.5023,2.4503,0.0002,-0.0496,0.0,-0.1795,0.0,0.0,0.0,2,PolygonSlow,0.547,819,67,0.0,38.0
60.1,-2.207,2.5023,2.4453,0.0002,-0.0499,0.0,-0.1795,0.0,0.0,0.0,2,PolygonSlow,0.546,819,66,0.0,38.0
60.2,-2.2072,2.5023,2.4254,0.0003,-0.0396,0.0,-0.1795,0.0,0.0,0.0,2,PolygonSlow,0.545,819,66,0.0,38.0
60.3,-2.2072,2.5023,2.423,0.0004,-0.0397,0.0,-0.1795,0.0,0.0,0.0,2,PolygonSlow,0.545,819,68,0.0,38.0
60.4,-2.2072,2.5023,2.4222,0.0004,-0.0397,0.0,-0.1795,0.0,0.0,0.0,2,PolygonSlow,0.544,819,67,0.0,38.0
60.5,-2.2072,2.5023,2.4214,0.0004,-0.0397,0.0,-0.1795,0.0,0.0,0.0,2,PolygonSlow,0.544,819,67,0.0,38.0
60.6,-2.2072,2.5023,2.4206,0.0004,-0.0398,0.0,-0.1795,0.0,0.0,0.0,2,PolygonSlow,0.543,819,66,0.0,38.0
60.7,-2.2073,2.5023,2.4198,0.0004,-0.0398,0.0,-0.1795,0.0,0.0,0.0,2,PolygonSlow,0.542,819,64,0.0,38.0
60.8,-2.2073,2.5023,2.419,0.0004,-0.0398,0.0,-0.1795,0.0,0.0,0.0,2,PolygonSlow,0.542,819,63,0.0,38.0
60.9,-2.2073,2.5023,2.4166,0.0004,-0.0399,0.0,-0.1795,0.0,0.0,0.0,2,PolygonSlow,0.542,819,63,0.0,38.0
61.0,-2.2074,2.5023,2.4118,0.0004,-0.0401,0.0,-0.1795,0.0,0.0,0.0,2,PolygonSlow,0.541,819,62,0.0,38.0
61.1,-2.2075,2.5023,2.4045,0.0004,-0.0404,0.0,-0.1795,0.0,0.0,0.0,2,PolygonSlow,0.54,819,61,0.0,37.4
61.2,-2.2075,2.5023,2.4045,0.0004,-0.0404,0.0,-0.1795,0.0,0.0,0.0,2,PolygonSlow,0.54,819,61,0.0,37.4
61.3,-2.2076,2.5023,2.3964,0.0003,-0.0407,0.0,-0.1282,0.0,0.0,0.0,2,PolygonSlow,0.539,819,58,0.0,37.4
61.4,-2.2076,2.5023,2.3932,0.0003,-0.0409,0.0,-0.1282,0.0,0.0,0.0,2,PolygonSlow,0.539,819,58,0.0,37.4
61.5,-2.2077,2.5023,2.3783,0.0001,-0.0296,0.0,-0.1282,0.0,0.0,0.0,2,PolygonSlow,0.538,819,58,0.0,37.4
61.6,-2.2077,2.5023,2.3742,0.0001,-0.0297,0.0,-0.1282,0.0,0.0,0.0,2,PolygonSlow,0.538,819,56,0.0,37.4
61.7,-2.2078,2.5023,2.37,0.0001,-0.0299,0.0,-0.1282,0.0,0.0,0.0,2,PolygonSlow,0.537,819,56,0.0,37.4
61.8,-2.2078,2.5023,2.3682,0.0001,-0.0299,0.0,-0.1282,0.0,0.0,0.0,2,PolygonSlow,0.537,819,55,0.0,37.4
61.9,-2.2078,2.5023,2.3676,0.0001,-0.0299,0.0,-0.1282,0.0,0.0,0.0,2,PolygonSlow,0.536,819,56,0.0,37.4
62.0,-2.2078,2.5023,2.367,0.0001,-0.0299,0.0,-0.1282,0.0,0.0,0.0,2,PolygonSlow,0.536,819,56,0.0,37.4
62.1,-2.2078,2.5023,2.3664,0.0001,-0.03,0.0,-0.1282,0.0,0.0,0.0,2,PolygonSlow,0.536,819,56,0.0,37.4
62.2,-2.2078,2.5023,2.3658,0.0001,-0.03,0.0,-0.1282,0.0,0.0,0.0,2,PolygonSlow,0.535,819,54,0.0,37.4
62.3,-2.2078,2.5023,2.3652,0.0001,-0.03,0.0,-0.3846,0.0,0.0,0.0,2,PolygonSlow,0.535,819,53,0.0,37.2
62.4,-2.2078,2.5023,2.3628,0.0,-0.0301,0.0,-0.3846,0.0,0.0,0.0,2,PolygonSlow,0.535,819,53,0.0,37.2
62.5,-2.2078,2.5023,2.3574,0.0,-0.0302,0.0,-0.3333,0.0,0.0,0.0,2,PolygonSlow,0.532,819,49,0.0,37.2
62.6,-2.2078,2.5023,2.3544,0.0,-0.0302,0.0,-0.3333,0.0,0.0,0.0,2,PolygonSlow,0.531,819,45,0.0,37.2
62.7,-2.2078,2.5023,2.3468,0.0001,-0.0901,0.0,-0.3333,0.0,0.0,0.0,2,PolygonSlow,0.53,819,44,0.0,37.2
62.8,-2.2078,2.5024,2.3379,0.0003,-0.0834,0.0,-0.3333,0.0,0.0,0.0,2,PolygonSlow,0.529,819,42,0.0,37.2
62.9,-2.2078,2.5024,2.3318,0.0003,-0.0769,0.0,-0.3333,0.0,0.0,0.0,2,PolygonSlow,0.528,819,38,0.0,37.2
63.0,-2.2078,2.5024,2.3318,0.0003,-0.0769,0.0,-0.3333,0.0,0.0,0.0,2,PolygonSlow,0.528,819,38,0.0,37.2
63.1,-2.2078,2.5025,2.321,0.0005,-0.0761,0.0,-0.3333,0.0,0.0,0.0,2,PolygonSlow,0.527,819,38,0.0,37.2
63.2,-2.2078,2.5026,2.3074,0.0007,-0.0751,0.0,-0.2821,0.0,0.0,0.0,2,PolygonSlow,0.525,819,33,0.0,37.2
63.3,-2.2078,2.5026,2.3074,0.0007,-0.0751,0.0,-0.2821,0.0,0.0,0.0,2,PolygonSlow,0.525,819,33,0.0,37.2
63.4,-2.2078,2.503,2.2828,0.0005,-0.062,0.0,-0.2821,0.0,0.0,0.0,2,PolygonSlow,0.524,819,32,0.0,37.2
63.5,-2.2078,2.5031,2.2656,0.0003,-0.0609,0.0,-0.2821,0.0,0.0,0.0,2,PolygonSlow,0.523,819,32,0.0,37.2
63.6,-2.2078,2.5031,2.2644,0.0002,-0.0608,0.0,-0.2821,0.0,0.0,0.0,2,PolygonSlow,0.523,819,29,0.0,37.2
63.7,-2.2078,2.5031,2.2632,0.0002,-0.0608,0.0,-0.2821,0.0,0.0,0.0,2,PolygonSlow,0.522,819,28,0.0,37.2
63.8,-2.2078,2.5031,2.262,0.0002,-0.0607,0.0,-0.2821,0.0,0.0,0.0,2,PolygonSlow,0.521,819,27,0.0,37.2
63.9,-2.2078,2.5031,2.2607,0.0002,-0.0606,0.0,-0.2821,0.0,0.0,0.0,2,PolygonSlow,0.521,819,22,0.0,37.2
64.0,-2.2078,2.5031,2.2583,0.0002,-0.0604,0.0,-0.2308,0.0,0.0,0.0,2,PolygonSlow,0.52,819,21,0.0,36.0
64.1,-2.2078,2.5032,2.2282,0.0002,-0.0479,0.0,-0.2308,0.0,0.0,0.0,2,PolygonSlow,0.518,819,21,0.0,36.0
64.2,-2.2078,2.5032,2.2263,0.0002,-0.0478,0.0,-0.2308,0.0,0.0,0.0,2,PolygonSlow,0.518,819,31,0.0,36.0
64.3,-2.2078,2.5032,2.2253,0.0002,-0.0477,0.0,-0.2308,0.0,0.0,0.0,2,PolygonSlow,0.518,819,30,0.0,36.0
64.4,-2.2078,2.5033,2.2168,0.0003,-0.0473,0.0,-0.2308,0.0,0.0,0.0,2,PolygonSlow,0.517,819,29,0.0,36.0
64.5,-2.2078,2.5033,2.2158,0.0004,-0.0472,0.0,-0.2308,0.0,0.0,0.0,2,PolygonSlow,0.517,819,28,0.0,36.0
64.6,-2.2078,2.5033,2.2149,0.0004,-0.0472,0.0,-0.2308,0.0,0.0,0.0,2,PolygonSlow,0.516,819,28,0.0,36.0
64.7,-2.2078,2.5035,2.1999,0.0005,-0.0464,0.0,-0.2308,0.0,0.0,0.0,2,PolygonSlow,0.515,819,28,0.0,36.0
64.8,-2.2078,2.5035,2.199,0.0006,-0.0463,0.0,-0.2308,0.0,0.0,0.0,2,PolygonSlow,0.515,819,29,0.0,36.0
64.9,-2.2078,2.5035,2.1981,0.0006,-0.0463,0.0,-0.2308,0.0,0.0,0.0,2,PolygonSlow,0.514,819,27,0.0,36.0
65.0,-2.2078,2.5035,2.1971,0.0006,-0.0462,0.0,-0.2308,0.0,0.0,0.0,2,PolygonSlow,0.513,819,26,0.0,36.0
65.1,-2.2078,2.5037,2.1832,0.0001,-0.0484,0.0,0.0,0.0,0.0,0.0,2,PolygonSlow,0.512,819,26,0.0,36.0
65.2,-2.2077,2.5037,2.1822,-0.0,-0.0491,0.0,-0.1795,0.0,0.0,0.0,2,PolygonSlow,0.512,819,26,0.0,36.0
65.3,-2.2077,2.5037,2.1813,-0.0002,-0.0446,0.0,-0.1795,0.0,0.0,0.0,2,PolygonSlow,0.511,819,25,0.0,36.2
65.4,-2.2077,2.5037,2.1805,-0.0003,-0.0397,0.0,0.0256,0.0,0.0,0.0,2,PolygonSlow,0.511,819,24,0.0,36.2
65.5,-2.2077,2.5037,2.1797,-0.0003,-0.0397,0.0,0.0256,0.0,0.0,0.0,2,PolygonSlow,0.511,819,24,0.0,36.2
65.6,-2.2077,2.5037,2.1781,-0.0003,-0.0398,0.0,0.0256,0.0,0.0,0.0,2,PolygonSlow,0.511,819,25,0.0,36.2
65.7,-2.2076,2.5037,2.1746,0.0001,0.0057,0.0,0.0256,0.0,0.0,0.0,2,PolygonSlow,0.511,819,25,0.0,36.2
65.8,-2.2076,2.5037,2.175,0.0001,0.0057,0.0,0.0256,0.0,0.0,0.0,2,PolygonSlow,0.511,819,25,0.0,36.2
65.9,-2.2076,2.5037,2.1751,0.0001,0.0057,0.0,0.0256,0.0,0.0,0.0,2,PolygonSlow,0.511,819,25,0.0,36.2
66.0,-2.2077,2.5037,2.1768,0.0001,0.0057,0.0,0.0256,0.0,0.0,0.0,2,PolygonSlow,0.511,819,25,0.0,36.2
66.1,-2.2077,2.5037,2.1768,0.0001,0.0057,0.0,0.0256,0.0,0.0,0.0,2,PolygonSlow,0.511,819,25,0.0,36.2
66.2,-2.2077,2.5037,2.177,0.0001,0.0057,0.0,0.0256,0.0,0.0,0.0,2,PolygonSlow,0.512,819,25,0.0,36.2
66.3,-2.2077,2.5037,2.1771,0.0001,0.0057,0.0,0.0256,0.0,0.0,0.0,2,PolygonSlow,0.512,819,25,0.0,36.2
66.4,-2.2077,2.5037,2.1773,0.0001,0.0057,0.0,0.0256,0.0,0.0,0.0,2,PolygonSlow,0.512,819,26,0.0,36.2
66.5,-2.2077,2.5037,2.1777,0.0001,0.0057,0.0,0.0256,0.0,0.0,0.0,2,PolygonSlow,0.512,819,26,0.0,36.2
66.6,-2.2077,2.5037,2.1805,0.0,0.0057,0.0,0.0256,0.0,0.0,0.0,2,PolygonSlow,0.512,819,26,0.0,36.2
66.7,-2.2077,2.5037,2.1808,0.0,0.0057,0.0,0.0256,0.0,0.0,0.0,2,PolygonSlow,0.512,819,26,0.0,36.2
66.8,-2.2077,2.5037,2.1809,0.0,0.0057,0.0,0.0256,0.0,0.0,0.0,2,PolygonSlow,0.512,819,26,0.0,36.2
66.9,-2.2077,2.5037,2.181,0.0,0.0057,0.0,0.0256,0.0,0.0,0.0,2,PolygonSlow,0.512,819,26,0.0,36.2
67.0,-2.2077,2.5037,2.1811,0.0,0.0057,0.0,0.0256,0.0,0.0,0.0,2,PolygonSlow,0.512,819,26,0.0,36.2
67.1,-2.2077,2.5037,2.1813,0.0,0.0057,0.0,0.0256,0.0,0.0,0.0,2,PolygonSlow,0.512,819,26,0.0,36.2
67.2,-2.2077,2.5037,2.1813,0.0,0.0057,0.0,0.0256,0.0,0.0,0.0,2,PolygonSlow,0.512,819,26,0.0,36.2
67.3,-2.2077,2.5037,2.1819,0.0,0.0057,0.0,0.0256,0.0,0.0,0.0,2,PolygonSlow,0.512,819,26,0.0,36.2
67.4,-2.2078,2.5037,2.1851,0.0,0.0057,0.0,0.0256,0.0,0.0,0.0,2,PolygonSlow,0.512,819,26,0.0,36.2
67.5,-2.2078,2.5037,2.1852,0.0,0.0057,0.0,0.0256,0.0,0.0,0.0,2,PolygonSlow,0.512,819,26,0.0,36.2
67.6,-2.2078,2.5037,2.1858,0.0,0.0057,0.0,0.0256,0.0,0.0,0.0,2,PolygonSlow,0.512,819,26,0.0,36.2
67.7,-2.2078,2.5037,2.1859,0.0,0.0057,0.0,0.0256,0.0,0.0,0.0,2,PolygonSlow,0.512,819,26,0.0,36.2
67.8,-2.2078,2.5037,2.186,0.0,0.0057,0.0,0.0256,0.0,0.0,0.0,2,PolygonSlow,0.513,819,26,0.0,36.2
67.9,-2.2078,2.5037,2.1879,0.0,0.0056,0.0,0.0256,0.0,0.0,0.0,2,PolygonSlow,0.513,819,26,0.0,36.2
68.0,-2.2078,2.5037,2.188,0.0,0.0056,0.0,0.0256,0.0,0.0,0.0,2,PolygonSlow,0.513,819,26,0.0,36.2
68.1,-2.2078,2.5037,2.1881,0.0,0.0056,0.0,0.0256,0.0,0.0,0.0,2,PolygonSlow,0.513,819,26,0.0,36.2
68.2,-2.2078,2.5037,2.1882,0.0,0.0056,0.0,0.0256,0.0,0.0,0.0,2,PolygonSlow,0.513,819,26,0.0,36.2
68.3,-2.2078,2.5037,2.1884,0.0,0.0056,0.0,0.0256,0.0,0.0,0.0,2,PolygonSlow,0.513,819,26,0.0,36.2
68.4,-2.2078,2.5037,2.1885,0.0,0.0056,0.0,0.0256,0.0,0.0,0.0,2,PolygonSlow,0.513,819,26,0.0,36.2
68.5,-2.2078,2.5037,2.1887,0.0,0.0056,0.0,0.0256,0.0,0.0,0.0,2,PolygonSlow,0.513,819,26,0.0,36.2
68.6,-2.2079,2.5037,2.1902,0.0,0.0056,0.0,0.0256,0.0,0.0,0.0,2,PolygonSlow,0.513,819,26,0.0,36.2
68.7,-2.2079,2.5037,2.1903,0.0,0.0056,0.0,0.0256,0.0,0.0,0.0,2,PolygonSlow,0.513,819,26,0.0,36.2
68.8,-2.2079,2.5037,2.1904,0.0,0.0056,0.0,0.0256,0.0,0.0,0.0,2,PolygonSlow,0.513,819,27,0.0,36.2
68.9,-2.2079,2.5037,2.1909,0.0,0.0056,0.0,0.0256,0.0,0.0,0.0,2,PolygonSlow,0.513,819,27,0.0,36.2
69.0,-2.2079,2.5037,2.1916,0.0,0.0056,0.0,0.0256,0.0,0.0,0.0,2,PolygonSlow,0.513,819,27,0.0,36.2
69.1,-2.2079,2.5037,2.1921,0.0,0.0056,0.0,0.0256,0.0,0.0,0.0,2,PolygonSlow,0.513,819,27,0.0,36.2
69.2,-2.2079,2.5037,2.1926,0.0,0.0056,0.0,0.0256,0.0,0.0,0.0,2,PolygonSlow,0.513,819,27,0.0,36.2
69.3,-2.2079,2.5037,2.1934,0.0,0.0056,0.0,0.0256,0.0,0.0,0.0,2,PolygonSlow,0.514,819,27,0.0,36.2
69.4,-2.2079,2.5037,2.194,0.0,0.0056,0.0,0.0256,0.0,0.0,0.0,2,PolygonSlow,0.514,819,27,0.0,36.2
69.5,-2.2079,2.5037,2.1944,0.0,0.0056,0.0,0.0256,0.0,0.0,0.0,2,PolygonSlow,0.514,819,27,0.0,36.2
69.6,-2.2079,2.5037,2.1951,0.0,0.0056,0.0,0.0256,0.0,0.0,0.0,2,PolygonSlow,0.514,819,27,0.0,36.2
69.7,-2.2079,2.5037,2.1956,0.0,0.0056,0.0,0.0256,0.0,0.0,0.0,2,PolygonSlow,0.514,819,28,0.0,36.2
69.8,-2.2079,2.5037,2.1961,0.0,0.0056,0.0,0.0256,0.0,0.0,0.0,2,PolygonSlow,0.514,819,28,0.0,36.2
69.9,-2.2079,2.5037,2.1968,0.0,0.0056,0.0,0.0256,0.0,0.0,0.0,2,PolygonSlow,0.514,819,28,0.0,36.2
70.0,-2.2079,2.5037,2.1979,0.0,0.0056,0.0,0.0256,0.0,0.0,0.0,2,PolygonSlow,0.514,819,28,0.0,36.2
70.1,-2.2079,2.5037,2.2001,-0.0001,0.0052,0.0,0.0256,0.0,0.0,0.0,2,PolygonSlow,0.514,819,28,0.0,36.2
70.2,-2.2079,2.5037,2.2003,-0.0001,0.0052,0.0,0.0256,0.0,0.0,0.0,2,PolygonSlow,0.514,819,28,0.0,36.2
70.3,-2.2079,2.5037,2.2003,-0.0001,0.0052,0.0,0.0256,0.0,0.0,0.0,2,PolygonSlow,0.514,819,28,0.0,36.2
70.4,-2.2079,2.5037,2.2004,-0.0001,0.0052,0.0,0.0256,0.0,0.0,0.0,2,PolygonSlow,0.514,819,28,0.0,36.2
70.5,-2.2079,2.5037,2.2022,-0.0001,0.0052,0.0,0.0256,0.0,0.0,0.0,2,PolygonSlow,0.514,819,29,0.0,36.2
70.6,-2.2079,2.5037,2.2022,-0.0001,0.0052,0.0,0.0256,0.0,0.0,0.0,2,PolygonSlow,0.514,819,29,0.0,36.2
70.7,-2.2079,2.5037,2.2023,-0.0001,0.0052,0.0,0.0256,0.0,0.0,0.0,2,PolygonSlow,0.514,819,29,0.0,36.2
70.8,-2.2079,2.5037,2.2026,-0.0001,0.0052,0.0,0.0256,0.0,0.0,0.0,2,PolygonSlow,0.515,819,29,0.0,36.2
70.9,-2.2079,2.5037,2.2027,-0.0001,0.0052,0.0,0.0256,0.0,0.0,0.0,2,PolygonSlow,0.515,819,29,0.0,36.2
71.0,-2.2079,2.5037,2.2027,-0.0001,0.0052,0.0,0.0256,0.0,0.0,0.0,2,PolygonSlow,0.515,819,29,0.0,36.2
71.1,-2.2079,2.5037,2.2029,-0.0001,0.0052,0.0,0.0256,0.0,0.0,0.0,2,PolygonSlow,0.515,819,29,0.0,36.2
71.2,-2.2079,2.5037,2.2033,-0.0001,0.0052,0.0,0.0256,0.0,0.0,0.0,2,PolygonSlow,0.515,819,29,0.0,36.2
71.3,-2.2079,2.5037,2.2043,-0.0001,0.0052,0.0,0.0256,0.0,0.0,0.0,2,PolygonSlow,0.515,819,29,0.0,36.2
71.4,-2.2079,2.5037,2.2043,-0.0001,0.0052,0.0,0.0256,0.0,0.0,0.0,2,PolygonSlow,0.515,819,29,0.0,36.2
71.5,-2.2079,2.5036,2.2055,-0.0001,0.0052,0.0,0.0256,0.0,0.0,0.0,2,PolygonSlow,0.515,819,29,0.0,36.2
71.6,-2.2079,2.5036,2.2079,-0.0001,0.0052,0.0,0.0256,0.0,0.0,0.0,2,PolygonSlow,0.515,819,29,0.0,36.2
71.7,-2.2079,2.5036,2.208,-0.0001,0.0052,0.0,0.0256,0.0,0.0,0.0,2,PolygonSlow,0.515,819,29,0.0,36.2
71.8,-2.2079,2.5036,2.208,-0.0001,0.0052,0.0,0.0256,0.0,0.0,0.0,2,PolygonSlow,0.515,819,29,0.0,36.2
71.9,-2.2079,2.5036,2.2094,-0.0,0.0052,0.0,0.0256,0.0,0.0,0.0,2,PolygonSlow,0.515,819,29,0.0,36.2
72.0,-2.2079,2.5036,2.2096,-0.0,0.0052,0.0,0.0256,0.0,0.0,0.0,2,PolygonSlow,0.515,819,29,0.0,36.2
72.1,-2.2079,2.5036,2.2105,-0.0,0.0052,0.0,0.0256,0.0,0.0,0.0,2,PolygonSlow,0.516,819,29,0.0,36.2
72.2,-2.2079,2.5036,2.2105,-0.0,0.0052,0.0,0.0256,0.0,0.0,0.0,2,PolygonSlow,0.516,819,29,0.0,36.2
72.3,-2.2079,2.5036,2.2107,-0.0,0.0052,0.0,0.0256,0.0,0.0,0.0,2,PolygonSlow,0.516,819,28,0.0,36.2
72.4,-2.2079,2.5036,2.2108,-0.0,0.0052,0.0,0.0256,0.0,0.0,0.0,2,PolygonSlow,0.516,819,28,0.0,36.2
72.5,-2.2079,2.5036,2.2109,-0.0,0.0052,0.0,0.0256,0.0,0.0,0.0,2,PolygonSlow,0.516,819,28,0.0,36.2
72.6,-2.2079,2.5036,2.211,-0.0,0.0052,0.0,0.0256,0.0,0.0,0.0,2,PolygonSlow,0.516,819,28,0.0,36.2
72.7,-2.2079,2.5036,2.2115,-0.0,0.0052,0.0,0.0256,0.0,0.0,0.0,2,PolygonSlow,0.516,819,28,0.0,36.2
72.8,-2.2079,2.5036,2.212,-0.0,0.0052,0.0,0.0256,0.0,0.0,0.0,2,PolygonSlow,0.516,819,28,0.0,36.2
72.9,-2.2079,2.5036,2.2123,-0.0,0.0052,0.0,0.0256,0.0,0.0,0.0,2,PolygonSlow,0.516,819,28,0.0,36.2
73.0,-2.2079,2.5036,2.2129,-0.0,0.0052,0.0,0.0256,0.0,0.0,0.0,2,PolygonSlow,0.516,819,28,0.0,36.2
73.1,-2.2079,2.5036,2.2133,-0.0,0.0052,0.0,0.0256,0.0,0.0,0.0,2,PolygonSlow,0.516,819,28,0.0,36.2
73.2,-2.2079,2.5036,2.2137,-0.0,0.0052,0.0,0.0256,0.0,0.0,0.0,2,PolygonSlow,0.516,819,28,0.0,36.2
73.3,-2.2079,2.5035,2.2143,-0.0,0.0052,0.0,0.0256,0.0,0.0,0.0,2,PolygonSlow,0.516,819,29,0.0,36.2
73.4,-2.2079,2.5035,2.2149,-0.0,0.0052,0.0,0.0256,0.0,0.0,0.0,2,PolygonSlow,0.516,819,29,0.0,36.2
73.5,-2.2079,2.5035,2.2154,-0.0,0.0052,0.0,0.0256,0.0,0.0,0.0,2,PolygonSlow,0.516,819,29,0.0,36.2
73.6,-2.2079,2.5035,2.2166,-0.0,0.0052,0.0,0.0256,0.0,0.0,0.0,2,PolygonSlow,0.517,819,29,0.0,36.2
73.7,-2.2079,2.5035,2.2184,-0.0,0.0053,0.0,0.0256,0.0,0.0,0.0,2,PolygonSlow,0.517,819,29,0.0,36.2
73.8,-2.2079,2.5035,2.2187,-0.0,0.0053,0.0,0.0256,0.0,0.0,0.0,2,PolygonSlow,0.517,819,29,0.0,36.2
73.9,-2.2079,2.5035,2.2199,-0.0,0.0053,0.0,0.0256,0.0,0.0,0.0,2,PolygonSlow,0.517,819,30,0.0,36.2
74.0,-2.2079,2.5035,2.2204,-0.0,0.0053,0.0,0.0256,0.0,0.0,0.0,2,PolygonSlow,0.517,819,30,0.0,36.2
74.1,-2.2079,2.5035,2.221,-0.0,0.0053,0.0,0.0256,0.0,0.0,0.0,2,PolygonSlow,0.517,819,30,0.0,36.2
74.2,-2.2079,2.5035,2.221,-0.0,0.0053,0.0,0.0256,0.0,0.0,0.0,2,PolygonSlow,0.517,819,30,0.0,36.2
74.3,-2.2079,2.5035,2.2212,-0.0,0.0053,0.0,-0.0256,0.0,0.0,0.0,2,PolygonSlow,0.517,819,400,0.0,36.2
74.4,-2.2079,2.5035,2.2211,0.0,-0.0053,0.0,-0.2308,0.0,0.0,0.0,2,PolygonSlow,0.517,819,400,0.0,37.6
74.5,-2.2079,2.5035,2.221,0.0,-0.0053,0.0,0.0256,0.0,0.0,0.0,2,PolygonSlow,0.516,819,29,0.0,36.2
74.6,-2.2079,2.5035,2.2151,0.0,0.0,0.0,0.0,0.0,0.0,0.0,0,,0.516,819,29,0.0,36.2
74.7,-2.2079,2.5035,2.2151,0.0,0.0,0.0,0.0,0.0,0.0,0.0,0,,0.516,819,29,0.0,36.2
74.8,-2.2079,2.5035,2.2151,0.0,0.0,0.0,0.0,0.0,0.0,0.0,0,,0.516,819,29,0.0,36.2
74.9,-2.2079,2.5035,2.2151,0.0,0.0,0.0,0.0,0.0,0.0,0.0,0,,0.516,819,29,0.0,36.2
75.0,-2.2079,2.5035,2.2151,0.0,0.0,0.0,0.0,0.0,0.0,0.0,0,,0.516,819,29,0.0,36.2
75.1,-2.2079,2.5035,2.2151,0.0,0.0,0.0,0.0,0.0,0.0,0.0,0,,0.516,819,29,0.0,36.2
75.2,-2.2079,2.5035,2.2151,0.0,0.0,0.0,0.0,0.0,0.0,0.0,0,,0.516,819,29,0.0,36.2
75.3,-2.2079,2.5035,2.2151,0.0,0.0,0.0,0.0,0.0,0.0,0.0,0,,0.516,819,29,0.0,36.2
75.4,-2.2079,2.5035,2.2151,0.0,0.0,0.0,0.0,0.0,0.0,0.0,0,,0.516,819,29,0.0,36.2
75.5,-2.2079,2.5035,2.2151,0.0,0.0,0.0,0.0,0.0,0.0,0.0,0,,0.516,819,29,0.0,36.2
75.6,-2.2079,2.5035,2.2151,0.0,0.0,0.0,0.0,0.0,0.0,0.0,0,,0.516,819,29,0.0,36.2
75.7,-2.2079,2.5035,2.2151,0.0,0.0,0.0,0.0,0.0,0.0,0.0,0,,0.516,819,29,0.0,36.2
75.8,-2.2079,2.5035,2.2151,0.0,0.0,0.0,0.0,0.0,0.0,0.0,0,,0.516,819,29,0.0,36.2
75.9,-2.2079,2.5035,2.2151,0.0,0.0,0.0,0.0,0.0,0.0,0.0,0,,0.516,819,29,0.0,36.2
76.0,-2.2079,2.5035,2.2151,0.0,0.0,0.0,0.0,0.0,0.0,0.0,0,,0.516,819,29,0.0,36.2
76.1,-2.2079,2.5035,2.2151,0.0,0.0,0.0,0.0,0.0,0.0,0.0,0,,0.516,819,29,0.0,36.2
76.2,-2.2079,2.5035,2.2151,0.0,0.0,0.0,0.0,0.0,0.0,0.0,0,,0.516,819,29,0.0,36.2
76.3,-2.2079,2.5035,2.2151,0.0,0.0,0.0,0.0,0.0,0.0,0.0,0,,0.516,819,29,0.0,36.2
76.4,-2.2079,2.5035,2.2151,0.0,0.0,0.0,0.0,0.0,0.0,0.0,0,,0.516,819,29,0.0,36.2
76.5,-2.2079,2.5035,2.2151,0.0,0.0,0.0,0.0,0.0,0.0,0.0,0,,0.516,819,29,0.0,36.2
76.6,-2.2079,2.5035,2.2151,0.0,0.0,0.0,0.0,0.0,0.0,0.0,0,,0.516,819,29,0.0,36.2
76.7,-2.2079,2.5035,2.2151,0.0,0.0,0.0,0.0,0.0,0.0,0.0,0,,0.516,819,29,0.0,36.2
76.8,-2.2079,2.5035,2.2151,0.0,0.0,0.0,0.0,0.0,0.0,0.0,0,,0.516,819,29,0.0,36.2
76.9,-2.2079,2.5035,2.2151,0.0,0.0,0.0,0.0,0.0,0.0,0.0,0,,0.516,819,29,0.0,36.2
77.0,-2.2079,2.5035,2.2151,0.0,0.0,0.0,0.0,0.0,0.0,0.0,0,,0.516,819,29,0.0,36.2
77.1,-2.2079,2.5035,2.2151,0.0,0.0,0.0,0.0,0.0,0.0,0.0,0,,0.516,819,29,0.0,36.2
77.2,-2.2079,2.5035,2.2151,0.0,0.0,0.0,0.0,0.0,0.0,0.0,0,,0.516,819,29,0.0,36.2
77.3,-2.2079,2.5035,2.2151,0.0,0.0,0.0,0.0,0.0,0.0,0.0,0,,0.516,819,29,0.0,36.2
