t,best_vx,best_wz,best_total,n_traj,n_legal,n_crit_best,zero_for,RotateToGoal_raw,RotateToGoal,Oscillation_raw,Oscillation,BaseObstacle_raw,BaseObstacle,GoalAlign_raw,GoalAlign,PathAlign_raw,PathAlign,PathDist_raw,PathDist,GoalDist_raw,GoalDist,gt_x,gt_y,gt_yaw,gt_vx,gt_wz,dist_goal
0.175,0.0,0.7949,53.0,819,819,7,0.12,0.0,0.0,0.0,0.0,0.0,0.0,43.0,25.8,3.0,2.4,1.0,0.8,40.0,24.0,-2.0,0.0,0.0004,-0.0,0.0194,3.2871
0.312,0.0,0.7949,53.0,819,819,7,0.25,0.0,0.0,0.0,0.0,0.0,0.0,43.0,25.8,3.0,2.4,1.0,0.8,40.0,24.0,-2.0,0.0017,0.0439,0.0008,0.5163,3.2856
0.422,0.0,0.7436,54.4,819,819,7,0.36,0.0,0.0,0.0,0.0,0.0,0.0,43.0,25.8,3.0,2.4,2.0,1.6,41.0,24.6,-2.0,0.0054,0.1265,0.0046,0.7362,3.2822
0.614,0.0,0.7436,54.4,819,819,7,0.55,0.0,0.0,0.0,0.0,0.0,0.0,43.0,25.8,3.0,2.4,2.0,1.6,41.0,24.6,-2.0,0.0128,0.2322,0.0099,0.5957,3.2756
0.796,0.0,0.641,54.4,819,819,7,0.74,0.0,0.0,0.0,0.0,0.0,0.0,43.0,25.8,3.0,2.4,2.0,1.6,41.0,24.6,-2.0,0.0184,0.3144,0.0126,0.6741,3.2706
0.902,0.0,0.5897,54.4,819,819,7,0.84,0.0,0.0,0.0,0.0,0.0,0.0,43.0,25.8,3.0,2.4,2.0,1.6,41.0,24.6,-2.0,0.0246,0.4245,0.0157,0.7727,3.265
1.111,0.0,1.0,53.6,819,819,7,1.05,0.0,0.0,0.0,0.0,0.0,0.0,42.0,25.2,2.0,1.6,2.0,1.6,42.0,25.2,-2.0,0.0289,0.5304,0.0099,0.6192,3.2612
1.351,0.0,0.9487,53.4,819,819,7,0.0,0.0,0.0,0.0,0.0,0.0,0.0,42.0,25.2,2.0,1.6,1.0,0.8,43.0,25.8,-1.9987,0.033,0.6454,0.0572,0.6705,3.2581
1.457,0.0,0.8462,52.0,819,819,7,0.0,0.0,0.0,0.0,0.0,0.0,0.0,42.0,25.2,2.0,1.6,0.0,0.0,42.0,25.2,-1.977,0.0557,0.7621,0.2908,0.6533,3.2476
1.56,0.0,0.7949,54.2,819,819,7,0.0,0.0,0.0,0.0,0.0,0.0,0.0,43.0,25.8,3.0,2.4,1.0,0.8,42.0,25.2,-1.9568,0.0763,0.8356,0.2803,0.7558,3.2385
1.799,0.0,0.7436,54.2,819,819,7,0.0,0.0,0.0,0.0,0.0,0.0,0.0,43.0,25.8,3.0,2.4,1.0,0.8,42.0,25.2,-1.9306,0.1076,0.9288,0.2916,0.6383,3.223
1.915,0.0789,1.0,37.8,819,819,7,0.0,0.0,0.0,0.0,0.0,0.0,0.0,28.0,16.8,1.0,0.8,2.0,1.6,31.0,18.6,-1.9022,0.1489,1.0423,0.2818,0.6425,3.2003
2.161,0.2842,1.0,35.6,819,819,7,0.0,0.0,0.0,0.0,0.0,0.0,0.0,23.0,13.8,3.0,2.4,4.0,3.2,27.0,16.2,-1.8833,0.1893,1.1482,0.2747,0.7344,3.1742
2.25,0.2842,1.0,32.2,819,819,7,0.0,0.0,0.0,0.0,0.0,0.0,0.0,22.0,13.2,2.0,1.6,3.0,2.4,25.0,15.0,-1.8734,0.2273,1.2509,0.2817,0.7115,3.1462
2.354,0.3,0.8974,33.8,819,819,7,0.0,0.0,0.0,0.0,0.0,0.0,0.0,22.0,13.2,3.0,2.4,4.0,3.2,25.0,15.0,-1.8697,0.2671,1.3664,0.2856,0.9185,3.1137
2.451,0.2842,0.9487,33.6,819,819,7,0.0,0.0,0.0,0.0,0.0,0.0,0.0,22.0,13.2,2.0,1.6,4.0,3.2,26.0,15.6,-1.8704,0.3086,1.4948,0.2967,0.8546,3.0777
2.781,0.3,0.9487,32.2,819,819,7,0.0,0.0,0.0,0.0,0.0,0.0,0.0,22.0,13.2,2.0,1.6,3.0,2.4,25.0,15.0,-1.874,0.3488,1.6103,0.2165,0.4517,3.0414
2.917,0.3,0.8974,32.4,819,819,7,0.0,0.0,0.0,0.0,0.0,0.0,0.0,21.0,12.6,2.0,1.6,4.0,3.2,25.0,15.0,-1.8872,0.4033,1.7146,0.3059,0.6277,2.988
3.016,0.3,1.0,30.8,819,819,7,0.0,0.0,0.0,0.0,0.0,0.0,0.0,21.0,12.6,1.0,0.8,3.0,2.4,25.0,15.0,-1.9,0.4446,1.787,0.3065,0.4084,2.9461
3.123,0.3,0.8462,29.6,819,819,7,0.0,0.0,0.0,0.0,0.0,0.0,0.0,20.0,12.0,1.0,0.8,3.0,2.4,24.0,14.4,-1.9128,0.4854,1.827,0.3046,0.2579,2.9047
3.481,0.3,0.9487,30.4,819,819,7,0.0,0.0,0.0,0.0,0.0,0.0,0.0,23.0,13.8,0.0,0.0,2.0,1.6,25.0,15.0,-1.9286,0.5357,1.8505,0.2985,-0.0164,2.8537
3.593,0.3,0.8462,28.4,819,819,7,0.0,0.0,0.0,0.0,0.0,0.0,0.0,21.0,12.6,0.0,0.0,1.0,0.8,25.0,15.0,-1.9427,0.5861,1.8464,0.2838,-0.0231,2.8036
3.714,0.3,0.8462,31.4,819,819,7,0.0,0.0,0.0,0.0,0.0,0.0,0.0,24.0,14.4,0.0,0.0,1.0,0.8,27.0,16.2,-1.9581,0.6482,1.8234,0.2974,-0.0785,2.743
3.813,0.3,0.641,32.0,819,819,7,0.0,0.0,0.0,0.0,0.0,0.0,0.0,26.0,15.6,0.0,0.0,1.0,0.8,26.0,15.6,-1.9636,0.6715,1.8177,0.2988,-0.0706,2.7205
3.908,0.3,0.5385,30.2,819,819,7,0.0,0.0,0.0,0.0,0.0,0.0,0.0,24.0,14.4,0.0,0.0,1.0,0.8,25.0,15.0,-1.97,0.7006,1.8069,0.2987,-0.0775,2.6926
4.27,0.3,0.641,31.4,819,819,7,0.0,0.0,0.0,0.0,0.0,0.0,0.0,26.0,15.6,1.0,0.8,0.0,0.0,25.0,15.0,-1.982,0.7532,1.8006,0.2998,-0.011,2.6422
4.392,0.2842,-0.0769,31.2,819,819,7,0.0,0.0,0.0,0.0,0.0,0.0,0.0,26.0,15.6,0.0,0.0,0.0,0.0,26.0,15.6,-1.9923,0.7989,1.7969,0.2838,-0.0238,2.5985
4.498,0.2842,-0.0256,30.0,819,819,7,0.0,0.0,0.0,0.0,0.0,0.0,0.0,25.0,15.0,0.0,0.0,0.0,0.0,25.0,15.0,-2.0016,0.8451,1.782,0.2981,-0.1201,2.555
4.614,0.3,-0.1282,27.6,819,819,7,0.0,0.0,0.0,0.0,0.0,0.0,0.0,21.0,12.6,0.0,0.0,0.0,0.0,25.0,15.0,-2.0092,0.8863,1.7694,0.2989,-0.0726,2.5169
4.713,0.2842,-0.1282,30.0,819,819,7,0.0,0.0,0.0,0.0,0.0,0.0,0.0,25.0,15.0,0.0,0.0,0.0,0.0,25.0,15.0,-2.0165,0.9271,1.7595,0.2837,-0.0724,2.4794
4.815,0.3,-0.0769,27.0,819,819,7,0.0,0.0,0.0,0.0,0.0,0.0,0.0,21.0,12.6,0.0,0.0,0.0,0.0,24.0,14.4,-2.0211,0.9554,1.7512,0.2978,-0.1187,2.4536
4.986,0.3,-0.1282,29.6,819,819,7,0.0,0.0,0.0,0.0,0.0,0.0,0.0,25.0,15.0,1.0,0.8,0.0,0.0,23.0,13.8,-2.0284,1.0071,1.7297,0.2897,-0.1077,2.4075
5.459,0.3,-0.0256,29.4,819,819,7,0.0,0.0,0.0,0.0,0.0,0.0,0.0,24.0,14.4,0.0,0.0,0.0,0.0,25.0,15.0,-2.0431,1.1063,1.724,0.3003,0.0249,2.3191
5.58,0.3,-0.0769,30.2,819,819,7,0.0,0.0,0.0,0.0,0.0,0.0,0.0,25.0,15.0,1.0,0.8,0.0,0.0,24.0,14.4,-2.0511,1.1583,1.7212,0.2988,-0.1244,2.2731
5.707,0.2842,-0.0769,27.6,819,819,7,0.0,0.0,0.0,0.0,0.0,0.0,0.0,21.0,12.6,0.0,0.0,0.0,0.0,25.0,15.0,-2.058,1.2177,1.7025,0.2992,-0.0755,2.2223
5.856,0.3,-0.1282,28.8,819,819,7,0.0,0.0,0.0,0.0,0.0,0.0,0.0,24.0,14.4,0.0,0.0,0.0,0.0,24.0,14.4,-2.0623,1.2583,1.6922,0.2834,-0.076,2.188
5.955,0.2842,-0.1282,27.6,819,819,7,0.0,0.0,0.0,0.0,0.0,0.0,0.0,21.0,12.6,0.0,0.0,0.0,0.0,25.0,15.0,-2.0657,1.2936,1.6832,0.2993,-0.0764,2.1587
6.059,0.3,-0.0769,27.6,819,819,7,0.0,0.0,0.0,0.0,0.0,0.0,0.0,21.0,12.6,0.0,0.0,0.0,0.0,25.0,15.0,-2.068,1.3163,1.6807,0.284,-0.0255,2.1398
6.176,0.2842,-0.0256,31.2,819,819,7,0.0,0.0,0.0,0.0,0.0,0.0,0.0,26.0,15.6,0.0,0.0,0.0,0.0,26.0,15.6,-2.0712,1.3516,1.6736,0.2993,-0.0768,2.1109
6.318,0.3,0.0256,31.8,819,819,7,0.0,0.0,0.0,0.0,0.0,0.0,0.0,27.0,16.2,0.0,0.0,0.0,0.0,26.0,15.6,-2.0745,1.392,1.665,0.3,0.0,2.0783
6.922,0.2842,0.0256,31.4,819,819,7,0.0,0.0,0.0,0.0,0.0,0.0,0.0,25.0,15.0,1.0,0.8,0.0,0.0,26.0,15.6,-2.0855,1.5145,1.6603,0.3,0.0,1.9806
7.045,0.2842,-0.0256,31.2,819,819,7,0.0,0.0,0.0,0.0,0.0,0.0,0.0,26.0,15.6,0.0,0.0,0.0,0.0,26.0,15.6,-2.0902,1.567,1.6603,0.2842,0.0,1.9395
7.146,0.2842,-0.0769,33.0,819,819,7,0.0,0.0,0.0,0.0,0.0,0.0,0.0,27.0,16.2,0.0,0.0,0.0,0.0,28.0,16.8,-2.0929,1.6146,1.6442,0.2992,-0.1303,1.904
7.282,0.3,0.0,31.8,819,819,7,0.0,0.0,0.0,0.0,0.0,0.0,0.0,26.0,15.6,0.0,0.0,0.0,0.0,27.0,16.2,-2.0954,1.661,1.6361,0.2995,-0.0786,1.8698
7.397,0.2842,0.0,34.8,819,819,7,0.0,0.0,0.0,0.0,0.0,0.0,0.0,29.0,17.4,0.0,0.0,0.0,0.0,29.0,17.4,-2.097,1.7014,1.6258,0.2912,-0.0585,1.8411
7.491,0.3,-0.0256,34.8,819,819,7,0.0,0.0,0.0,0.0,0.0,0.0,0.0,29.0,17.4,0.0,0.0,0.0,0.0,29.0,17.4,-2.0981,1.7254,1.6237,0.2999,-0.0264,1.8241
7.596,0.2842,-0.0256,34.8,819,819,7,0.0,0.0,0.0,0.0,0.0,0.0,0.0,29.0,17.4,0.0,0.0,0.0,0.0,29.0,17.4,-2.0994,1.7539,1.6211,0.2841,-0.0265,1.8041
7.683,0.3,0.0,34.2,819,819,7,0.0,0.0,0.0,0.0,0.0,0.0,0.0,29.0,17.4,0.0,0.0,0.0,0.0,28.0,16.8,-2.1,1.7777,1.6159,0.2997,-0.0796,1.7879
7.803,0.2842,0.0,36.6,819,819,7,0.0,0.0,0.0,0.0,0.0,0.0,0.0,31.0,18.6,0.0,0.0,0.0,0.0,30.0,18.0,-2.1001,1.8137,1.6009,0.2997,-0.1134,1.7645
7.935,0.3,-0.0769,36.6,819,819,7,0.0,0.0,0.0,0.0,0.0,0.0,0.0,31.0,18.6,0.0,0.0,0.0,0.0,30.0,18.0,-2.1002,1.8556,1.5896,0.2999,-0.0809,1.7377
8.559,0.3,-0.1282,37.4,819,819,7,0.0,0.0,0.0,0.0,0.0,0.0,0.0,31.0,18.6,1.0,0.8,0.0,0.0,30.0,18.0,-2.097,1.9905,1.5531,0.3001,-0.0811,1.6587
8.673,0.3,-0.1282,36.0,819,819,7,0.0,0.0,0.0,0.0,0.0,0.0,0.0,31.0,18.6,0.0,0.0,0.0,0.0,29.0,17.4,-2.0955,2.0297,1.5451,0.3001,-0.0269,1.6376
8.78,0.3,-0.0769,36.0,819,819,7,0.0,0.0,0.0,0.0,0.0,0.0,0.0,30.0,18.0,0.0,0.0,0.0,0.0,30.0,18.0,-2.094,2.0717,1.5413,0.3001,-0.0268,1.6156
8.875,0.3,-0.0769,34.8,819,819,7,0.0,0.0,0.0,0.0,0.0,0.0,0.0,29.0,17.4,0.0,0.0,0.0,0.0,29.0,17.4,-2.0925,2.1121,1.5378,0.3001,-0.0268,1.5953
8.985,0.2842,-0.0769,36.0,819,819,7,0.0,0.0,0.0,0.0,0.0,0.0,0.0,30.0,18.0,0.0,0.0,0.0,0.0,30.0,18.0,-2.0909,2.1586,1.5382,0.2841,0.0267,1.5727
9.077,0.3,-0.0769,34.8,819,819,7,0.0,0.0,0.0,0.0,0.0,0.0,0.0,29.0,17.4,0.0,0.0,0.0,0.0,29.0,17.4,-2.0909,2.187,1.5496,0.2839,0.1346,1.5586
9.183,0.2842,-0.0769,36.0,819,819,7,0.0,0.0,0.0,0.0,0.0,0.0,0.0,30.0,18.0,0.0,0.0,0.0,0.0,30.0,18.0,-2.0916,2.2141,1.5629,0.2683,0.1357,1.5449
9.276,0.3,-0.0769,35.4,819,819,7,0.0,0.0,0.0,0.0,0.0,0.0,0.0,30.0,18.0,0.0,0.0,0.0,0.0,29.0,17.4,-2.0934,2.2422,1.5906,0.2845,0.3514,1.5301
9.379,0.2684,-0.0769,35.4,819,819,7,0.0,0.0,0.0,0.0,0.0,0.0,0.0,30.0,18.0,0.0,0.0,0.0,0.0,29.0,17.4,-2.0965,2.2692,1.6251,0.2696,0.3439,1.5151
9.51,0.3,-0.0256,32.4,819,819,7,0.0,0.0,0.0,0.0,0.0,0.0,0.0,25.0,15.0,0.0,0.0,0.0,0.0,29.0,17.4,-2.0992,2.2889,1.6425,0.1584,0.0784,1.5039
10.138,0.3,-0.0256,33.6,819,819,7,0.0,0.0,0.0,0.0,0.0,0.0,0.0,28.0,16.8,0.0,0.0,0.0,0.0,28.0,16.8,-2.101,2.3068,1.6483,0.1463,0.0253,1.4945
10.247,0.2684,0.3333,30.4,819,819,7,0.0,0.0,0.0,0.0,0.0,0.0,0.0,24.0,14.4,1.0,0.8,1.0,0.8,24.0,14.4,-2.1342,2.4448,1.8178,0.3045,0.2593,1.4094
10.37,0.1579,0.0769,31.2,819,819,7,0.0,0.0,0.0,0.0,0.0,0.0,0.0,25.0,15.0,0.0,0.0,0.0,0.0,27.0,16.2,-2.151,2.4908,1.8744,0.3076,0.3881,1.3778
10.475,0.1421,0.0256,31.2,819,819,7,0.0,0.0,0.0,0.0,0.0,0.0,0.0,25.0,15.0,0.0,0.0,0.0,0.0,27.0,16.2,-2.1686,2.5311,1.9353,0.2858,0.2449,1.3481
10.574,0.3,0.4359,31.0,819,819,7,0.0,0.0,0.0,0.0,0.0,0.0,0.0,23.0,13.8,1.0,0.8,1.0,0.8,26.0,15.6,-2.1852,2.5667,1.9771,0.2752,0.3163,1.3216
10.682,0.2842,0.4359,32.2,819,819,7,0.0,0.0,0.0,0.0,0.0,0.0,0.0,25.0,15.0,1.0,0.8,1.0,0.8,26.0,15.6,-2.195,2.5868,1.9956,0.2788,0.2201,1.3065
10.799,0.3,0.3333,31.8,819,819,7,0.0,0.0,0.0,0.0,0.0,0.0,0.0,26.0,15.6,0.0,0.0,0.0,0.0,27.0,16.2,-2.2099,2.6152,2.0292,0.2612,0.2691,1.2845
10.902,0.3,0.641,31.6,819,819,7,0.0,0.0,0.0,0.0,0.0,0.0,0.0,22.0,13.2,3.0,2.4,2.0,1.6,24.0,14.4,-2.2228,2.6384,2.0556,0.2663,0.2683,1.2661
11.028,0.3,0.2821,32.0,819,819,7,0.0,0.0,0.0,0.0,0.0,0.0,0.0,25.0,15.0,0.0,0.0,1.0,0.8,27.0,16.2,-2.24,2.6674,2.0885,0.2794,0.2629,1.2425
11.157,0.3,0.5897,30.4,819,819,7,0.0,0.0,0.0,0.0,0.0,0.0,0.0,21.0,12.6,2.0,1.6,3.0,2.4,23.0,13.8,-2.2601,2.6996,2.125,0.2673,0.3038,1.216
11.269,0.3,0.4359,30.0,819,819,7,0.0,0.0,0.0,0.0,0.0,0.0,0.0,22.0,13.2,1.0,0.8,2.0,1.6,24.0,14.4,-2.2754,2.7223,2.1554,0.2761,0.3078,1.1965
11.917,0.3,0.5897,29.0,819,819,7,0.0,0.0,0.0,0.0,0.0,0.0,0.0,20.0,12.0,2.0,1.6,2.0,1.6,23.0,13.8,-2.3528,2.8201,2.3141,0.2545,0.3763,1.1049
12.019,0.2842,0.3846,26.4,819,819,7,0.0,0.0,0.0,0.0,0.0,0.0,0.0,22.0,13.2,0.0,0.0,0.0,0.0,22.0,13.2,-2.3775,2.8454,2.3678,0.2473,0.3676,1.0776
12.125,0.3,0.5385,24.8,819,819,7,0.0,0.0,0.0,0.0,0.0,0.0,0.0,20.0,12.0,0.0,0.0,1.0,0.8,20.0,12.0,-2.3875,2.855,2.3875,0.0901,0.1176,1.0667
12.215,0.3,0.5385,22.8,819,816,7,0.0,0.0,0.0,0.0,0.0,0.0,0.0,19.0,11.4,0.0,0.0,0.0,0.0,19.0,11.4,-2.3965,2.8634,2.403,0.085,0.1101,1.0571
12.304,0.2842,0.5385,22.8,819,814,7,0.0,0.0,0.0,0.0,0.0,0.0,0.0,19.0,11.4,0.0,0.0,0.0,0.0,19.0,11.4,-2.4039,2.8703,2.4161,0.0841,0.1086,1.0491
12.437,0.3,0.4872,22.4,819,814,7,0.0,0.0,0.0,0.0,0.0,0.0,0.0,18.0,10.8,1.0,0.8,0.0,0.0,18.0,10.8,-2.4118,2.8773,2.431,0.089,0.1296,1.0408
12.54,0.2842,0.5385,21.0,819,817,7,0.0,0.0,0.0,0.0,0.0,0.0,0.0,17.0,10.2,0.0,0.0,0.0,0.0,18.0,10.8,-2.4209,2.885,2.449,0.0848,0.1272,1.0312
12.635,0.3,0.5897,21.0,819,811,7,0.0,0.0,0.0,0.0,0.0,0.0,0.0,18.0,10.8,0.0,0.0,0.0,0.0,17.0,10.2,-2.4291,2.8918,2.4629,0.0899,0.1144,1.0225
12.759,0.3,0.5897,19.8,819,784,7,0.0,0.0,0.0,0.0,0.0,0.0,0.0,16.0,9.6,0.0,0.0,0.0,0.0,17.0,10.2,-2.4362,2.8974,2.4743,0.0898,0.113,1.0152
12.845,0.3,0.5385,19.2,819,778,7,0.0,0.0,0.0,0.0,0.0,0.0,0.0,16.0,9.6,0.0,0.0,0.0,0.0,16.0,9.6,-2.4446,2.9041,2.487,0.0895,0.1008,1.0064
13.448,0.3,0.4872,18.6,819,772,7,0.0,0.0,0.0,0.0,0.0,0.0,0.0,15.0,9.0,0.0,0.0,0.0,0.0,16.0,9.6,-2.4716,2.924,2.5257,0.0797,0.0943,0.9788
13.574,0.2842,0.5897,18.0,819,756,7,0.0,0.0,0.0,0.0,0.0,0.0,0.0,14.0,8.4,0.0,0.0,0.0,0.0,16.0,9.6,-2.4815,2.9309,2.5415,0.089,0.1081,0.9686
13.721,0.3,0.5385,15.6,819,753,7,0.0,0.0,0.0,0.0,0.0,0.0,0.0,13.0,7.8,0.0,0.0,0.0,0.0,13.0,7.8,-2.4965,2.9405,2.5637,0.0885,0.1204,0.9535
13.819,0.3,0.5385,15.6,819,754,7,0.0,0.0,0.0,0.0,0.0,0.0,0.0,13.0,7.8,0.0,0.0,0.0,0.0,13.0,7.8,-2.5056,2.946,2.5777,0.0886,0.1109,0.9444
13.932,0.3,0.5385,15.0,819,750,7,0.0,0.0,0.0,0.0,0.0,0.0,0.0,12.0,7.2,0.0,0.0,0.0,0.0,13.0,7.8,-2.5178,2.9531,2.5955,0.0885,0.1063,0.9322
14.047,0.2842,0.4872,15.0,819,746,7,0.0,0.0,0.0,0.0,0.0,0.0,0.0,12.0,7.2,0.0,0.0,0.0,0.0,13.0,7.8,-2.5286,2.9592,2.6096,0.0884,0.1013,0.9214
14.143,0.2842,0.4872,15.0,819,730,7,0.0,0.0,0.0,0.0,0.0,0.0,0.0,12.0,7.2,0.0,0.0,0.0,0.0,13.0,7.8,-2.5364,2.9634,2.619,0.0886,0.0899,0.9137
14.239,0.2842,0.4359,15.0,819,728,7,0.0,0.0,0.0,0.0,0.0,0.0,0.0,12.0,7.2,0.0,0.0,0.0,0.0,13.0,7.8,-2.5425,2.9666,2.6262,0.0838,0.0903,0.9077
14.323,0.3,0.4872,14.0,819,718,7,0.0,0.0,0.0,0.0,0.0,0.0,0.0,10.0,6.0,0.0,0.0,1.0,0.8,12.0,7.2,-2.5469,2.969,2.6317,0.0837,0.0906,0.9033
14.418,0.3,0.4872,14.0,819,715,7,0.0,0.0,0.0,0.0,0.0,0.0,0.0,10.0,6.0,0.0,0.0,1.0,0.8,12.0,7.2,-2.5559,2.9735,2.6426,0.0837,0.0912,0.8944
15.168,0.3,0.5385,12.6,819,714,7,0.0,0.0,0.0,0.0,0.0,0.0,0.0,10.0,6.0,0.0,0.0,0.0,0.0,11.0,6.6,-2.6004,2.9935,2.7041,0.0831,0.1073,0.8508
15.282,0.3,0.4359,12.0,819,706,7,0.0,0.0,0.0,0.0,0.0,0.0,0.0,10.0,6.0,0.0,0.0,0.0,0.0,10.0,6.0,-2.6145,2.9991,2.7222,0.0878,0.1084,0.8369
15.398,0.2842,0.3846,12.0,819,697,7,0.0,0.0,0.0,0.0,0.0,0.0,0.0,10.0,6.0,0.0,0.0,0.0,0.0,10.0,6.0,-2.6294,3.0046,2.7406,0.088,0.0967,0.8224
15.519,0.2842,0.3846,12.0,819,693,7,0.0,0.0,0.0,0.0,0.0,0.0,0.0,10.0,6.0,0.0,0.0,0.0,0.0,10.0,6.0,-2.6422,3.0088,2.763,0.0864,0.1763,0.8099
15.636,0.3,0.4872,13.2,819,691,7,0.0,0.0,0.0,0.0,0.0,0.0,0.0,11.0,6.6,0.0,0.0,0.0,0.0,11.0,6.6,-2.6506,3.0111,2.7791,0.0872,0.1369,0.8017
15.736,0.3,0.4872,12.6,819,693,7,0.0,0.0,0.0,0.0,0.0,0.0,0.0,11.0,6.6,0.0,0.0,0.0,0.0,10.0,6.0,-2.6591,3.0136,2.7913,0.0877,0.1129,0.7935
15.833,0.3,0.4359,12.6,819,688,7,0.0,0.0,0.0,0.0,0.0,0.0,0.0,11.0,6.6,0.0,0.0,0.0,0.0,10.0,6.0,-2.669,3.0163,2.8057,0.0827,0.1273,0.7838
15.957,0.3,0.4359,12.6,819,684,7,0.0,0.0,0.0,0.0,0.0,0.0,0.0,11.0,6.6,0.0,0.0,0.0,0.0,10.0,6.0,-2.6774,3.0183,2.8194,0.0872,0.1418,0.7757
16.052,0.2842,0.4359,12.6,819,687,7,0.0,0.0,0.0,0.0,0.0,0.0,0.0,11.0,6.6,0.0,0.0,0.0,0.0,10.0,6.0,-2.6859,3.0202,2.8327,0.0874,0.1293,0.7673
16.157,0.3,0.4359,11.4,819,682,7,0.0,0.0,0.0,0.0,0.0,0.0,0.0,9.0,5.4,0.0,0.0,0.0,0.0,10.0,6.0,-2.6942,3.022,2.8457,0.0827,0.1303,0.7592
16.245,0.3,0.4359,11.4,819,684,7,0.0,0.0,0.0,0.0,0.0,0.0,0.0,9.0,5.4,0.0,0.0,0.0,0.0,10.0,6.0,-2.7009,3.0234,2.855,0.088,0.1034,0.7526
16.896,0.2842,0.5385,13.4,819,688,7,0.0,0.0,0.0,0.0,0.0,0.0,0.0,11.0,6.6,0.0,0.0,1.0,0.8,10.0,6.0,-2.7459,3.0322,2.9008,0.0889,0.0637,0.7089
17.045,0.2842,0.4872,11.6,819,694,7,0.0,0.0,0.0,0.0,0.0,0.0,0.0,9.0,5.4,0.0,0.0,1.0,0.8,9.0,5.4,-2.7634,3.0355,2.9123,0.0892,0.0499,0.6919
17.151,0.3,0.4872,10.2,819,681,7,0.0,0.0,0.0,0.0,0.0,0.0,0.0,9.0,5.4,0.0,0.0,0.0,0.0,8.0,4.8,-2.7739,3.0375,2.9186,0.089,0.0667,0.6817
17.267,0.2842,0.4872,10.2,819,687,7,0.0,0.0,0.0,0.0,0.0,0.0,0.0,9.0,5.4,0.0,0.0,0.0,0.0,8.0,4.8,-2.788,3.0395,2.9336,0.0885,0.0938,0.6681
17.366,0.3,0.3846,9.8,819,685,7,0.0,0.0,0.0,0.0,0.0,0.0,0.0,8.0,4.8,0.0,0.0,1.0,0.8,7.0,4.2,-2.7968,3.0407,2.942,0.0888,0.0798,0.6595
17.461,0.3,0.3846,9.8,819,687,7,0.0,0.0,0.0,0.0,0.0,0.0,0.0,8.0,4.8,0.0,0.0,1.0,0.8,7.0,4.2,-2.8038,3.0416,2.9475,0.089,0.0655,0.6526
17.568,0.3,0.2821,9.2,819,685,7,0.0,0.0,0.0,0.0,0.0,0.0,0.0,7.0,4.2,0.0,0.0,1.0,0.8,7.0,4.2,-2.8144,3.0431,2.9554,0.089,0.0658,0.6423
17.666,0.3,0.2821,7.2,819,684,7,0.0,0.0,0.0,0.0,0.0,0.0,0.0,6.0,3.6,0.0,0.0,0.0,0.0,6.0,3.6,-2.8233,3.0443,2.9607,0.0893,0.0514,0.6338
17.763,0.3,0.2308,6.6,819,686,7,0.0,0.0,0.0,0.0,0.0,0.0,0.0,6.0,3.6,0.0,0.0,0.0,0.0,5.0,3.0,-2.8304,3.0453,2.9648,0.0893,0.0515,0.6269
17.862,0.3,0.1795,6.0,819,683,7,0.0,0.0,0.0,0.0,0.0,0.0,0.0,5.0,3.0,0.0,0.0,0.0,0.0,5.0,3.0,-2.8392,3.0465,2.9689,0.0895,0.0369,0.6183
18.549,0.3,0.1795,9.2,819,686,7,0.0,0.0,0.0,0.0,0.0,0.0,0.0,7.0,4.2,0.0,0.0,1.0,0.8,7.0,4.2,-2.8833,3.0527,2.9834,0.085,0.0223,0.576
18.644,0.3,0.2308,6.8,819,681,7,0.0,0.0,0.0,0.0,0.0,0.0,0.0,5.0,3.0,1.0,0.8,0.0,0.0,5.0,3.0,-2.8951,3.0543,2.9865,0.085,0.0224,0.5647
18.74,0.3,0.1795,5.4,819,683,7,0.0,0.0,0.0,0.0,0.0,0.0,0.0,4.0,2.4,0.0,0.0,0.0,0.0,5.0,3.0,-2.9063,3.0558,2.9897,0.0803,0.0224,0.5539
18.834,0.3,0.1795,5.4,819,682,7,0.0,0.0,0.0,0.0,0.0,0.0,0.0,4.0,2.4,0.0,0.0,0.0,0.0,5.0,3.0,-2.9186,3.0571,2.9961,0.0896,0.0375,0.5421
18.95,0.3,0.1282,4.8,819,681,7,0.0,0.0,0.0,0.0,0.0,0.0,0.0,4.0,2.4,0.0,0.0,0.0,0.0,4.0,2.4,-2.9311,3.0585,3.0014,0.0896,0.0376,0.5301
19.072,0.3,0.1282,4.8,819,685,7,0.0,0.0,0.0,0.0,0.0,0.0,0.0,4.0,2.4,0.0,0.0,0.0,0.0,4.0,2.4,-2.9418,3.0597,3.0045,0.0897,0.0226,0.5199
19.176,0.3,0.1282,4.8,819,681,7,0.0,0.0,0.0,0.0,0.0,0.0,0.0,4.0,2.4,0.0,0.0,0.0,0.0,4.0,2.4,-2.9525,3.0608,3.0088,0.0873,0.0304,0.5097
19.282,0.3,0.0769,4.2,819,685,7,0.0,0.0,0.0,0.0,0.0,0.0,0.0,3.0,1.8,0.0,0.0,0.0,0.0,4.0,2.4,-2.9609,3.0617,3.011,0.085,0.0227,0.5017
19.373,0.2842,0.0769,4.2,819,684,7,0.0,0.0,0.0,0.0,0.0,0.0,0.0,3.0,1.8,0.0,0.0,0.0,0.0,4.0,2.4,-2.966,3.0623,3.0124,0.085,0.0227,0.4969
19.464,0.2842,0.0769,4.2,819,684,7,0.0,0.0,0.0,0.0,0.0,0.0,0.0,3.0,1.8,0.0,0.0,0.0,0.0,4.0,2.4,-2.9761,3.0632,3.0165,0.0849,0.0379,0.4872
19.558,0.2684,0.0769,4.2,819,676,7,0.0,0.0,0.0,0.0,0.0,0.0,0.0,3.0,1.8,0.0,0.0,0.0,0.0,4.0,2.4,-2.9826,3.0639,3.0185,0.0803,0.0228,0.4811
20.367,0.3,0.1795,3.2,819,676,7,0.0,0.0,0.0,0.0,0.0,0.0,0.0,2.0,1.2,1.0,0.8,0.0,0.0,2.0,1.2,-3.0321,3.0684,3.0335,0.0708,0.023,0.4344
20.466,0.2842,0.1282,2.6,819,685,7,0.0,0.0,0.0,0.0,0.0,0.0,0.0,1.0,0.6,1.0,0.8,0.0,0.0,2.0,1.2,-3.0455,3.0695,3.0375,0.0661,0.023,0.4217
20.56,0.2684,0.0769,2.6,819,679,7,0.0,0.0,0.0,0.0,0.0,0.0,0.0,1.0,0.6,1.0,0.8,0.0,0.0,2.0,1.2,-3.0532,3.07,3.0412,0.0613,0.0385,0.4146
20.667,0.2684,0.0769,2.6,819,679,7,0.0,0.0,0.0,0.0,0.0,0.0,0.0,1.0,0.6,1.0,0.8,0.0,0.0,2.0,1.2,-3.0605,3.0703,3.0458,0.0613,0.0386,0.4076
20.772,0.2526,0.0769,2.6,819,684,7,0.0,0.0,0.0,0.0,0.0,0.0,0.0,1.0,0.6,1.0,0.8,0.0,0.0,2.0,1.2,-3.0654,3.0705,3.0489,0.0613,0.0387,0.403
20.884,0.2526,0.0769,2.6,819,675,7,0.0,0.0,0.0,0.0,0.0,0.0,0.0,1.0,0.6,1.0,0.8,0.0,0.0,2.0,1.2,-3.0724,3.0708,3.0535,0.0565,0.0388,0.3965
20.972,0.2526,0.0769,2.6,819,675,7,0.0,0.0,0.0,0.0,0.0,0.0,0.0,1.0,0.6,1.0,0.8,0.0,0.0,2.0,1.2,-3.0769,3.0709,3.0566,0.0566,0.0388,0.3922
21.061,0.2368,0.0769,2.6,819,678,7,0.0,0.0,0.0,0.0,0.0,0.0,0.0,1.0,0.6,1.0,0.8,0.0,0.0,2.0,1.2,-3.0826,3.0712,3.0591,0.0567,0.0233,0.3869
21.154,0.2368,0.0769,2.6,819,682,7,0.0,0.0,0.0,0.0,0.0,0.0,0.0,1.0,0.6,1.0,0.8,0.0,0.0,2.0,1.2,-3.0871,3.0713,3.0621,0.0566,0.039,0.3826
21.247,0.2368,0.0256,2.6,819,678,7,0.0,0.0,0.0,0.0,0.0,0.0,0.0,1.0,0.6,1.0,0.8,0.0,0.0,2.0,1.2,-3.0915,3.0713,3.0652,0.0518,0.039,0.3785
21.975,0.2211,0.0769,2.6,819,676,7,0.0,0.0,0.0,0.0,0.0,0.0,0.0,1.0,0.6,1.0,0.8,0.0,0.0,2.0,1.2,-3.1224,3.0716,3.0861,0.0473,0.0237,0.3494
22.075,0.1895,0.0769,3.0,819,679,7,0.0,0.0,0.0,0.0,0.0,0.0,0.0,3.0,1.8,0.0,0.0,0.0,0.0,2.0,1.2,-3.129,3.0717,3.0894,0.0473,0.0238,0.3432
22.197,0.1895,0.1282,3.0,819,682,7,0.0,0.0,0.0,0.0,0.0,0.0,0.0,3.0,1.8,0.0,0.0,0.0,0.0,2.0,1.2,-3.137,3.0716,3.0954,0.0425,0.0398,0.3357
22.281,0.1737,0.1282,3.0,819,673,7,0.0,0.0,0.0,0.0,0.0,0.0,0.0,3.0,1.8,0.0,0.0,0.0,0.0,2.0,1.2,-3.1396,3.0715,3.0978,0.0425,0.0398,0.3333
22.378,0.1737,0.1282,3.0,819,680,7,0.0,0.0,0.0,0.0,0.0,0.0,0.0,3.0,1.8,0.0,0.0,0.0,0.0,2.0,1.2,-3.1439,3.0714,3.1007,0.0425,0.0239,0.3293
22.466,0.1737,0.0769,3.0,819,686,7,0.0,0.0,0.0,0.0,0.0,0.0,0.0,3.0,1.8,0.0,0.0,0.0,0.0,2.0,1.2,-3.149,3.0713,3.1035,0.0426,0.024,0.3246
22.559,0.1579,0.1282,3.0,819,691,7,0.0,0.0,0.0,0.0,0.0,0.0,0.0,3.0,1.8,0.0,0.0,0.0,0.0,2.0,1.2,-3.1532,3.0714,3.1045,0.0426,0.008,0.3206
22.656,0.1579,0.1282,3.0,819,685,7,0.0,0.0,0.0,0.0,0.0,0.0,0.0,3.0,1.8,0.0,0.0,0.0,0.0,2.0,1.2,-3.1566,3.0714,3.1063,0.0426,0.024,0.3175
22.75,0.1579,0.0769,3.0,819,685,7,0.0,0.0,0.0,0.0,0.0,0.0,0.0,3.0,1.8,0.0,0.0,0.0,0.0,2.0,1.2,-3.1606,3.0712,3.1098,0.0378,0.0401,0.3138
22.853,0.1579,0.0769,3.0,819,687,7,0.0,0.0,0.0,0.0,0.0,0.0,0.0,3.0,1.8,0.0,0.0,0.0,0.0,2.0,1.2,-3.1655,3.0714,3.1097,0.0427,-0.0241,0.3093
23.55,0.1579,0.0769,3.0,819,688,7,0.0,0.0,0.0,0.0,0.0,0.0,0.0,3.0,1.8,0.0,0.0,0.0,0.0,2.0,1.2,-3.1847,3.0726,3.1033,0.0379,-0.008,0.2923
23.666,0.1263,0.1282,3.0,819,704,7,0.0,0.0,0.0,0.0,0.0,0.0,0.0,3.0,1.8,0.0,0.0,0.0,0.0,2.0,1.2,-3.1915,3.0732,3.0995,0.038,-0.0239,0.2863
23.767,0.1421,-0.0769,3.2,819,708,7,0.0,0.0,0.0,0.0,0.0,0.0,0.0,2.0,1.2,1.0,0.8,0.0,0.0,2.0,1.2,-3.1989,3.0739,3.0959,0.0332,0.0,0.28
23.868,0.1421,-0.0769,3.2,819,710,7,0.0,0.0,0.0,0.0,0.0,0.0,0.0,2.0,1.2,1.0,0.8,0.0,0.0,2.0,1.2,-3.2035,3.0741,3.0952,0.0332,-0.008,0.276
23.954,0.1421,-0.0769,3.2,819,708,7,0.0,0.0,0.0,0.0,0.0,0.0,0.0,2.0,1.2,1.0,0.8,0.0,0.0,2.0,1.2,-3.2061,3.0743,3.0945,0.0332,-0.008,0.2737
24.078,0.1263,0.0,3.2,819,710,7,0.0,0.0,0.0,0.0,0.0,0.0,0.0,2.0,1.2,1.0,0.8,0.0,0.0,2.0,1.2,-3.2095,3.0746,3.0937,0.0332,-0.008,0.2709
24.173,0.1263,-0.0256,3.2,819,715,7,0.0,0.0,0.0,0.0,0.0,0.0,0.0,2.0,1.2,1.0,0.8,0.0,0.0,2.0,1.2,-3.2128,3.0749,3.0915,0.0333,-0.0238,0.2681
24.273,0.1263,-0.0256,3.2,819,715,7,0.0,0.0,0.0,0.0,0.0,0.0,0.0,2.0,1.2,1.0,0.8,0.0,0.0,2.0,1.2,-3.2161,3.0753,3.0891,0.0333,-0.0238,0.2654
24.365,0.1263,-0.0769,3.2,819,715,7,0.0,0.0,0.0,0.0,0.0,0.0,0.0,2.0,1.2,1.0,0.8,0.0,0.0,2.0,1.2,-3.2187,3.0756,3.0872,0.0333,-0.0238,0.2632
24.472,0.1263,-0.0769,3.2,819,716,7,0.0,0.0,0.0,0.0,0.0,0.0,0.0,2.0,1.2,1.0,0.8,0.0,0.0,2.0,1.2,-3.2227,3.076,3.0847,0.0309,-0.0087,0.2599
24.562,0.1263,-0.0769,3.2,819,711,7,0.0,0.0,0.0,0.0,0.0,0.0,0.0,2.0,1.2,1.0,0.8,0.0,0.0,2.0,1.2,-3.2244,3.0761,3.0852,0.0284,0.0079,0.2585
25.318,0.1105,0.0,3.2,819,711,7,0.0,0.0,0.0,0.0,0.0,0.0,0.0,2.0,1.2,1.0,0.8,0.0,0.0,2.0,1.2,-3.2408,3.0777,3.0779,0.0286,-0.0236,0.2451
25.409,0.1105,-0.0769,3.2,819,696,7,0.0,0.0,0.0,0.0,0.0,0.0,0.0,2.0,1.2,1.0,0.8,0.0,0.0,2.0,1.2,-3.2454,3.0783,3.0741,0.0286,-0.0236,0.2415
25.549,0.1105,-0.0769,3.2,819,695,7,0.0,0.0,0.0,0.0,0.0,0.0,0.0,2.0,1.2,1.0,0.8,0.0,0.0,2.0,1.2,-3.249,3.0786,3.0736,0.0236,0.0079,0.2386
25.636,0.0947,0.0256,3.2,819,688,7,0.0,0.0,0.0,0.0,0.0,0.0,0.0,2.0,1.2,1.0,0.8,0.0,0.0,2.0,1.2,-3.2523,3.0788,3.0738,0.0237,-0.0039,0.236
25.72,0.0947,0.0,3.2,819,687,7,0.0,0.0,0.0,0.0,0.0,0.0,0.0,2.0,1.2,1.0,0.8,0.0,0.0,2.0,1.2,-3.2551,3.0791,3.0729,0.0237,-0.0078,0.2337
25.848,0.0947,-0.0256,3.2,819,683,7,0.0,0.0,0.0,0.0,0.0,0.0,0.0,2.0,1.2,1.0,0.8,0.0,0.0,2.0,1.2,-3.258,3.0794,3.0711,0.0238,-0.0235,0.2316
25.955,0.0947,-0.0256,3.2,819,684,7,0.0,0.0,0.0,0.0,0.0,0.0,0.0,2.0,1.2,1.0,0.8,0.0,0.0,2.0,1.2,-3.2608,3.0799,3.0683,0.0238,-0.0235,0.2295
26.078,0.0947,-0.0769,3.2,819,682,7,0.0,0.0,0.0,0.0,0.0,0.0,0.0,2.0,1.2,1.0,0.8,0.0,0.0,2.0,1.2,-3.2641,3.0804,3.065,0.0238,-0.0234,0.2271
26.176,0.0947,-0.0769,3.2,819,677,7,0.0,0.0,0.0,0.0,0.0,0.0,0.0,2.0,1.2,1.0,0.8,0.0,0.0,2.0,1.2,-3.266,3.0807,3.0632,0.0238,-0.0234,0.2257
26.267,0.0947,-0.0769,3.2,819,671,7,0.0,0.0,0.0,0.0,0.0,0.0,0.0,2.0,1.2,1.0,0.8,0.0,0.0,2.0,1.2,-3.2684,3.0811,3.0608,0.0238,-0.0234,0.224
27.039,0.0789,0.0256,3.2,819,666,7,0.0,0.0,0.0,0.0,0.0,0.0,0.0,2.0,1.2,1.0,0.8,0.0,0.0,2.0,1.2,-3.2794,3.0817,3.064,0.019,-0.0078,0.2155
27.135,0.0789,-0.0769,3.2,819,653,7,0.0,0.0,0.0,0.0,0.0,0.0,0.0,2.0,1.2,1.0,0.8,0.0,0.0,2.0,1.2,-3.282,3.0821,3.0617,0.0191,-0.0234,0.2137
27.256,0.0632,0.0769,3.2,819,643,7,0.0,0.0,0.0,0.0,0.0,0.0,0.0,2.0,1.2,1.0,0.8,0.0,0.0,2.0,1.2,-3.285,3.0827,3.0579,0.0191,-0.0233,0.2117
27.364,0.0632,0.0769,3.2,819,643,7,0.0,0.0,0.0,0.0,0.0,0.0,0.0,2.0,1.2,1.0,0.8,0.0,0.0,2.0,1.2,-3.2881,3.0833,3.0536,0.0192,-0.0388,0.2097
27.458,0.0632,0.0256,3.2,819,641,7,0.0,0.0,0.0,0.0,0.0,0.0,0.0,2.0,1.2,1.0,0.8,0.0,0.0,2.0,1.2,-3.2899,3.0837,3.0505,0.0191,-0.0232,0.2086
27.559,0.0632,-0.0256,3.2,819,641,7,0.0,0.0,0.0,0.0,0.0,0.0,0.0,2.0,1.2,1.0,0.8,0.0,0.0,2.0,1.2,-3.2915,3.084,3.0486,0.0191,-0.0232,0.2076
27.673,0.0632,-0.0256,3.2,819,639,7,0.0,0.0,0.0,0.0,0.0,0.0,0.0,2.0,1.2,1.0,0.8,0.0,0.0,2.0,1.2,-3.2941,3.0844,3.0468,0.019,-0.0077,0.2058
27.81,0.0632,-0.0256,3.2,819,635,7,0.0,0.0,0.0,0.0,0.0,0.0,0.0,2.0,1.2,1.0,0.8,0.0,0.0,2.0,1.2,-3.2956,3.0844,3.0487,0.014,0.0232,0.2047
27.948,0.0632,-0.0769,3.0,819,633,7,0.0,0.0,0.0,0.0,0.0,0.0,0.0,3.0,1.8,0.0,0.0,0.0,0.0,2.0,1.2,-3.2976,3.0843,3.052,0.014,0.0232,0.2032
28.049,0.0632,-0.0769,3.0,819,634,7,0.0,0.0,0.0,0.0,0.0,0.0,0.0,3.0,1.8,0.0,0.0,0.0,0.0,2.0,1.2,-3.299,3.0843,3.0534,0.0142,0.0,0.2021
28.84,0.0632,-0.0769,3.0,819,634,7,0.0,0.0,0.0,0.0,0.0,0.0,0.0,3.0,1.8,0.0,0.0,0.0,0.0,2.0,1.2,-3.3007,3.0845,3.0528,0.0143,-0.0078,0.201
28.929,0.0474,0.0769,3.2,819,616,7,0.0,0.0,0.0,0.0,0.0,0.0,0.0,2.0,1.2,1.0,0.8,0.0,0.0,2.0,1.2,-3.3094,3.0864,3.04,0.0145,-0.0385,0.1959
29.042,0.0474,-0.0256,3.2,819,612,7,0.0,0.0,0.0,0.0,0.0,0.0,0.0,2.0,1.2,1.0,0.8,0.0,0.0,2.0,1.2,-3.3123,3.0874,3.0323,0.0146,-0.0383,0.1945
29.147,0.0474,-0.0256,3.2,819,244,7,0.0,0.0,0.0,0.0,0.0,0.0,0.0,2.0,1.2,1.0,0.8,0.0,0.0,2.0,1.2,-3.3142,3.088,3.0277,0.0144,-0.0229,0.1936
29.261,0.0474,-0.0256,3.2,819,244,7,0.0,0.0,0.0,0.0,0.0,0.0,0.0,2.0,1.2,1.0,0.8,0.0,0.0,2.0,1.2,-3.3159,3.0883,3.0261,0.0143,-0.0076,0.1926
29.355,0.0474,-0.0769,3.0,819,244,7,0.0,0.0,0.0,0.0,0.0,0.0,0.0,3.0,1.8,0.0,0.0,0.0,0.0,2.0,1.2,-3.3171,3.0884,3.027,0.014,0.0229,0.1919
29.441,0.0474,-0.0769,3.0,819,243,7,0.0,0.0,0.0,0.0,0.0,0.0,0.0,3.0,1.8,0.0,0.0,0.0,0.0,2.0,1.2,-3.3182,3.0883,3.03,0.0091,0.0382,0.191
29.518,0.0474,-0.0769,3.0,819,241,7,0.0,0.0,0.0,0.0,0.0,0.0,0.0,3.0,1.8,0.0,0.0,0.0,0.0,2.0,1.2,-3.3188,3.0881,3.0323,0.0091,0.0383,0.1905
29.624,0.0474,-0.1282,3.0,819,241,7,0.0,0.0,0.0,0.0,0.0,0.0,0.0,3.0,1.8,0.0,0.0,0.0,0.0,2.0,1.2,-3.3199,3.0879,3.0364,0.0093,0.023,0.1896
29.708,0.0474,-0.1282,3.0,819,240,7,0.0,0.0,0.0,0.0,0.0,0.0,0.0,3.0,1.8,0.0,0.0,0.0,0.0,2.0,1.2,-3.3207,3.0878,3.0383,0.0093,0.0231,0.189
29.797,0.0474,-0.1282,3.0,819,595,7,0.0,0.0,0.0,0.0,0.0,0.0,0.0,3.0,1.8,0.0,0.0,0.0,0.0,2.0,1.2,-3.3214,3.0878,3.0401,0.0093,0.0231,0.1884
30.576,0.0474,-0.1282,3.0,819,593,7,0.0,0.0,0.0,0.0,0.0,0.0,0.0,3.0,1.8,0.0,0.0,0.0,0.0,2.0,1.2,-3.3273,3.0885,3.038,0.0097,-0.0231,0.1851
30.682,0.0316,0.1282,3.2,819,363,7,0.0,0.0,0.0,0.0,0.0,0.0,0.0,2.0,1.2,1.0,0.8,0.0,0.0,2.0,1.2,-3.3286,3.0889,3.0348,0.0097,-0.023,0.1845
30.783,0.0316,0.1282,3.2,819,363,7,0.0,0.0,0.0,0.0,0.0,0.0,0.0,2.0,1.2,1.0,0.8,0.0,0.0,2.0,1.2,-3.3299,3.0894,3.0314,0.0097,-0.0306,0.1839
30.916,0.0316,0.0769,3.2,819,363,7,0.0,0.0,0.0,0.0,0.0,0.0,0.0,2.0,1.2,1.0,0.8,0.0,0.0,2.0,1.2,-3.3316,3.0901,3.0246,0.0098,-0.0381,0.1834
31.004,0.0316,0.0,3.2,819,363,7,0.0,0.0,0.0,0.0,0.0,0.0,0.0,2.0,1.2,1.0,0.8,0.0,0.0,2.0,1.2,-3.3324,3.0905,3.0215,0.0099,-0.0381,0.1832
31.104,0.0316,-0.0256,3.2,819,583,7,0.0,0.0,0.0,0.0,0.0,0.0,0.0,2.0,1.2,1.0,0.8,0.0,0.0,2.0,1.2,-3.3335,3.091,3.0168,0.0099,-0.0455,0.1829
31.2,0.0316,-0.0256,3.2,819,581,7,0.0,0.0,0.0,0.0,0.0,0.0,0.0,2.0,1.2,1.0,0.8,0.0,0.0,2.0,1.2,-3.3344,3.0915,3.0115,0.01,-0.053,0.1827
31.315,0.0316,-0.0769,3.0,819,571,7,0.0,0.0,0.0,0.0,0.0,0.0,0.0,3.0,1.8,0.0,0.0,0.0,0.0,2.0,1.2,-3.3354,3.0921,3.0062,0.0101,-0.0528,0.1826
31.427,0.0316,-0.0769,3.0,819,568,7,0.0,0.0,0.0,0.0,0.0,0.0,0.0,3.0,1.8,0.0,0.0,0.0,0.0,2.0,1.2,-3.3363,3.0926,3.0014,0.0099,-0.0376,0.1824
31.527,0.0316,-0.0769,3.0,819,566,7,0.0,0.0,0.0,0.0,0.0,0.0,0.0,3.0,1.8,0.0,0.0,0.0,0.0,2.0,1.2,-3.3373,3.093,2.9981,0.0097,-0.0225,0.1821
32.301,0.0316,-0.1282,3.0,819,563,7,0.0,0.0,0.0,0.0,0.0,0.0,0.0,3.0,1.8,0.0,0.0,0.0,0.0,2.0,1.2,-3.3429,3.0927,3.0129,0.0087,0.0681,0.1784
32.401,0.0316,-0.1282,3.0,819,534,7,0.09,0.0,0.0,0.0,0.0,0.0,0.0,3.0,1.8,0.0,0.0,0.0,0.0,2.0,1.2,-3.3442,3.0919,3.0241,0.0044,0.0381,0.177
32.49,0.0316,-0.0769,3.0,819,533,7,0.0,0.0,0.0,0.0,0.0,0.0,0.0,3.0,1.8,0.0,0.0,0.0,0.0,2.0,1.2,-3.3447,3.0916,3.0287,0.0044,0.0382,0.1764
32.578,0.0316,-0.0256,3.2,819,531,7,0.0,0.0,0.0,0.0,0.0,0.0,0.0,2.0,1.2,1.0,0.8,0.0,0.0,2.0,1.2,-3.3458,3.0912,3.0344,0.0182,0.0843,0.1755
32.67,0.0316,0.0769,3.2,819,530,7,0.0,0.0,0.0,0.0,0.0,0.0,0.0,2.0,1.2,1.0,0.8,0.0,0.0,2.0,1.2,-3.3485,3.0906,3.0449,0.0184,0.0694,0.1734
32.76,0.0316,0.1282,3.2,819,339,7,0.0,0.0,0.0,0.0,0.0,0.0,0.0,2.0,1.2,1.0,0.8,0.0,0.0,2.0,1.2,-3.3496,3.0904,3.0491,0.0184,0.0696,0.1726
32.86,0.0316,0.1282,3.2,819,338,7,0.0,0.0,0.0,0.0,0.0,0.0,0.0,2.0,1.2,1.0,0.8,0.0,0.0,2.0,1.2,-3.3519,3.0899,3.0574,0.0184,0.0699,0.1708
32.953,0.0316,0.1795,3.2,819,530,7,0.0,0.0,0.0,0.0,0.0,0.0,0.0,2.0,1.2,1.0,0.8,0.0,0.0,2.0,1.2,-3.3534,3.0895,3.063,0.0185,0.0702,0.1697
33.041,0.0316,0.2308,3.2,819,532,7,0.0,0.0,0.0,0.0,0.0,0.0,0.0,2.0,1.2,1.0,0.8,0.0,0.0,2.0,1.2,-3.3553,3.089,3.0701,0.0185,0.0705,0.1682
33.13,0.0158,0.1795,3.2,819,532,7,0.0,0.0,0.0,0.0,0.0,0.0,0.0,2.0,1.2,1.0,0.8,0.0,0.0,2.0,1.2,-3.3568,3.0886,3.0757,0.0185,0.0707,0.1671
33.959,0.0158,0.1282,3.2,819,534,7,0.0,0.0,0.0,0.0,0.0,0.0,0.0,2.0,1.2,1.0,0.8,0.0,0.0,2.0,1.2,-3.3673,3.0838,3.1361,0.0142,0.0897,0.1573
34.051,0.0632,0.2308,4.0,819,534,7,0.0,0.0,0.0,0.0,0.0,0.0,0.0,3.0,1.8,1.0,0.8,1.0,0.8,1.0,0.6,-3.3687,3.0831,-3.1396,0.0142,0.0737,0.156
34.155,0.0632,0.2308,4.0,819,529,7,0.0,0.0,0.0,0.0,0.0,0.0,0.0,3.0,1.8,1.0,0.8,1.0,0.8,1.0,0.6,-3.3707,3.0824,-3.1314,0.0143,0.057,0.1543
34.27,0.0632,0.2821,4.0,819,531,7,0.0,0.0,0.0,0.0,0.0,0.0,0.0,3.0,1.8,1.0,0.8,1.0,0.8,1.0,0.6,-3.3729,3.0815,-3.1223,0.0143,0.0567,0.1524
34.382,0.0632,0.2821,4.0,819,530,7,0.0,0.0,0.0,0.0,0.0,0.0,0.0,3.0,1.8,1.0,0.8,1.0,0.8,1.0,0.6,-3.3752,3.0806,-3.1133,0.0143,0.0564,0.1505
34.48,0.0474,0.3846,4.0,819,533,7,0.0,0.0,0.0,0.0,0.0,0.0,0.0,3.0,1.8,1.0,0.8,1.0,0.8,1.0,0.6,-3.3769,3.08,-3.1066,0.0144,0.0561,0.1491
34.584,0.0474,0.3333,4.0,819,533,7,0.0,0.0,0.0,0.0,0.0,0.0,0.0,3.0,1.8,1.0,0.8,1.0,0.8,1.0,0.6,-3.3781,3.0796,-3.1021,0.0144,0.056,0.1482
34.685,0.0474,0.3333,4.0,819,549,7,0.0,0.0,0.0,0.0,0.0,0.0,0.0,3.0,1.8,1.0,0.8,1.0,0.8,1.0,0.6,-3.3798,3.0789,-3.0954,0.0144,0.0557,0.1468
34.769,0.0474,0.2821,4.0,819,553,7,0.0,0.0,0.0,0.0,0.0,0.0,0.0,3.0,1.8,1.0,0.8,1.0,0.8,1.0,0.6,-3.3809,3.0785,-3.0909,0.0145,0.0556,0.1459
34.856,0.0474,0.2308,4.0,819,556,7,0.0,0.0,0.0,0.0,0.0,0.0,0.0,3.0,1.8,1.0,0.8,1.0,0.8,1.0,0.6,-3.382,3.078,-3.0865,0.0145,0.0554,0.1449
34.939,0.0474,0.1795,4.0,819,557,7,0.0,0.0,0.0,0.0,0.0,0.0,0.0,3.0,1.8,1.0,0.8,1.0,0.8,1.0,0.6,-3.3832,3.0776,-3.0821,0.0145,0.0553,0.144
35.639,0.0474,0.1795,4.0,819,555,7,0.0,0.0,0.0,0.0,0.0,0.0,0.0,3.0,1.8,1.0,0.8,1.0,0.8,1.0,0.6,-3.3899,3.0736,-3.0413,0.0101,0.0693,0.1374
35.734,0.0474,0.1795,4.0,819,552,7,0.0,0.0,0.0,0.0,0.0,0.0,0.0,3.0,1.8,1.0,0.8,1.0,0.8,1.0,0.6,-3.3927,3.0728,-3.0354,0.0239,0.023,0.1355
35.832,0.0474,0.1795,4.0,819,552,7,0.0,0.0,0.0,0.0,0.0,0.0,0.0,3.0,1.8,1.0,0.8,1.0,0.8,1.0,0.6,-3.3955,3.0723,-3.0326,0.0239,0.023,0.1339
35.917,0.0474,0.1795,4.0,819,553,7,0.0,0.0,0.0,0.0,0.0,0.0,0.0,3.0,1.8,1.0,0.8,1.0,0.8,1.0,0.6,-3.3978,3.0718,-3.0303,0.0239,0.023,0.1325
36.003,0.0474,0.1795,4.0,819,552,7,0.0,0.0,0.0,0.0,0.0,0.0,0.0,3.0,1.8,1.0,0.8,1.0,0.8,1.0,0.6,-3.4002,3.0713,-3.0277,0.0222,0.0389,0.1312
36.11,0.0474,0.1795,4.0,819,553,7,0.0,0.0,0.0,0.0,0.0,0.0,0.0,3.0,1.8,1.0,0.8,1.0,0.8,1.0,0.6,-3.4024,3.0702,-3.0172,0.0198,0.0835,0.1293
36.234,0.0316,0.3333,4.0,819,554,7,0.0,0.0,0.0,0.0,0.0,0.0,0.0,3.0,1.8,1.0,0.8,1.0,0.8,1.0,0.6,-3.4047,3.0691,-3.0072,0.0199,0.083,0.1274
36.334,0.0316,0.2821,4.0,819,558,7,0.0,0.0,0.0,0.0,0.0,0.0,0.0,3.0,1.8,1.0,0.8,1.0,0.8,1.0,0.6,-3.4062,3.0684,-3.0006,0.0199,0.0827,0.1262
36.44,0.0316,0.1795,4.0,819,556,7,0.0,0.0,0.0,0.0,0.0,0.0,0.0,3.0,1.8,1.0,0.8,1.0,0.8,1.0,0.6,-3.408,3.0675,-2.9936,0.0194,0.0374,0.1248
36.547,0.0789,0.0769,2.8,819,556,7,0.0,0.0,0.0,0.0,0.0,0.0,0.0,2.0,1.2,2.0,1.6,0.0,0.0,0.0,0.0,-3.4103,3.0668,-2.9891,0.0194,0.0373,0.1234
37.417,0.0789,0.0769,2.8,819,554,7,0.0,0.0,0.0,0.0,0.0,0.0,0.0,2.0,1.2,2.0,1.6,0.0,0.0,0.0,0.0,-3.4237,3.0642,-2.9825,0.0173,0.023,0.1172
37.512,0.0632,0.1282,2.8,819,546,7,0.0,0.0,0.0,0.0,0.0,0.0,0.0,2.0,1.2,2.0,1.6,0.0,0.0,0.0,0.0,-3.4257,3.063,-2.9714,0.0153,0.0813,0.1156
37.609,0.0632,0.0769,2.8,819,544,7,0.0,0.0,0.0,0.0,0.0,0.0,0.0,2.0,1.2,2.0,1.6,0.0,0.0,0.0,0.0,-3.4271,3.0621,-2.9633,0.0153,0.0809,0.1144
37.704,0.0632,0.0256,2.8,819,542,7,0.0,0.0,0.0,0.0,0.0,0.0,0.0,2.0,1.2,2.0,1.6,0.0,0.0,0.0,0.0,-3.4291,3.0609,-2.9521,0.0154,0.0804,0.1128
37.823,0.0632,0.0,2.8,819,538,7,0.0,0.0,0.0,0.0,0.0,0.0,0.0,2.0,1.2,2.0,1.6,0.0,0.0,0.0,0.0,-3.4307,3.0599,-2.944,0.0152,0.0654,0.1116
37.915,0.0632,0.0,2.8,819,534,7,0.0,0.0,0.0,0.0,0.0,0.0,0.0,2.0,1.2,2.0,1.6,0.0,0.0,0.0,0.0,-3.4321,3.0592,-2.9375,0.0152,0.0652,0.1106
38.011,0.0632,0.0256,2.8,819,528,7,0.0,0.0,0.0,0.0,0.0,0.0,0.0,2.0,1.2,2.0,1.6,0.0,0.0,0.0,0.0,-3.4335,3.0585,-2.9323,0.0145,0.0199,0.1097
38.114,0.0632,0.0256,2.8,819,526,7,0.0,0.0,0.0,0.0,0.0,0.0,0.0,2.0,1.2,2.0,1.6,0.0,0.0,0.0,0.0,-3.4349,3.0582,-2.9327,0.0141,-0.0072,0.1092
38.207,0.0632,0.0256,2.8,819,522,7,0.0,0.0,0.0,0.0,0.0,0.0,0.0,2.0,1.2,2.0,1.6,0.0,0.0,0.0,0.0,-3.436,3.058,-2.9333,0.0141,-0.0072,0.1089
38.323,0.0474,0.3846,2.6,819,518,7,0.0,0.0,0.0,0.0,0.0,0.0,0.0,3.0,1.8,1.0,0.8,0.0,0.0,0.0,0.0,-3.438,3.0577,-2.9343,0.0141,-0.0072,0.1083
39.076,0.0474,0.2821,2.6,819,515,7,0.0,0.0,0.0,0.0,0.0,0.0,0.0,3.0,1.8,1.0,0.8,0.0,0.0,0.0,0.0,-3.4483,3.0558,-2.9381,0.0188,-0.0072,0.1058
39.17,0.0474,-0.0256,2.8,819,512,7,0.0,0.0,0.0,0.0,0.0,0.0,0.0,2.0,1.2,2.0,1.6,0.0,0.0,0.0,0.0,-3.4509,3.0552,-2.9371,0.0193,0.0217,0.1052
39.281,0.0474,-0.0256,2.8,819,234,7,0.0,0.0,0.0,0.0,0.0,0.0,0.0,2.0,1.2,2.0,1.6,0.0,0.0,0.0,0.0,-3.4542,3.0542,-2.9332,0.0193,0.0217,0.1043
39.383,0.0474,-0.0256,2.8,819,508,7,0.0,0.0,0.0,0.0,0.0,0.0,0.0,2.0,1.2,2.0,1.6,0.0,0.0,0.0,0.0,-3.4554,3.0541,-2.9357,0.0135,-0.063,0.1043
39.486,0.0474,-0.0256,2.8,819,503,7,0.0,0.0,0.0,0.0,0.0,0.0,0.0,2.0,1.2,2.0,1.6,0.0,0.0,0.0,0.0,-3.4567,3.0544,-2.9435,0.013,-0.0799,0.1047
39.594,0.0474,-0.0256,2.8,819,503,7,0.0,0.0,0.0,0.0,0.0,0.0,0.0,2.0,1.2,2.0,1.6,0.0,0.0,0.0,0.0,-3.4584,3.0547,-2.9516,0.0132,-0.0657,0.1051
39.687,0.0474,-0.0256,2.8,819,499,7,0.0,0.0,0.0,0.0,0.0,0.0,0.0,2.0,1.2,2.0,1.6,0.0,0.0,0.0,0.0,-3.4594,3.0547,-2.9539,0.0092,-0.0219,0.1052
39.804,0.0632,0.0,0.0,819,496,7,0.0,0.0,0.0,0.0,0.0,0.0,0.0,0.0,0.0,0.0,0.0,0.0,0.0,0.0,0.0,-3.4606,3.0547,-2.9559,0.0142,0.0068,0.1052
39.901,0.0632,-0.0256,0.0,819,492,7,0.0,0.0,0.0,0.0,0.0,0.0,0.0,0.0,0.0,0.0,0.0,0.0,0.0,0.0,0.0,-3.4617,3.0544,-2.9554,0.0143,0.0073,0.1051
39.983,0.0632,-0.0256,0.0,819,491,7,0.0,0.0,0.0,0.0,0.0,0.0,0.0,0.0,0.0,0.0,0.0,0.0,0.0,0.0,0.0,-3.4628,3.0542,-2.9548,0.0143,0.0073,0.1049
40.916,0.0632,0.0256,0.0,819,488,7,0.0,0.0,0.0,0.0,0.0,0.0,0.0,0.0,0.0,0.0,0.0,0.0,0.0,0.0,0.0,-3.4734,3.0519,-2.9518,0.0145,0.0219,0.1046
41.008,0.0474,0.0256,0.0,819,461,7,0.0,0.0,0.0,0.0,0.0,0.0,0.0,0.0,0.0,0.0,0.0,0.0,0.0,0.0,0.0,-3.4749,3.0515,-2.9499,0.0095,0.0,0.1045
41.1,0.0474,0.0256,0.0,819,253,7,0.0,0.0,0.0,0.0,0.0,0.0,0.0,0.0,0.0,0.0,0.0,0.0,0.0,0.0,0.0,-3.4766,3.0511,-2.9499,0.0095,0.0,0.1046
41.206,0.0474,0.0256,0.0,819,248,7,0.0,0.0,0.0,0.0,0.0,0.0,0.0,0.0,0.0,0.0,0.0,0.0,0.0,0.0,0.0,-3.4779,3.0509,-2.9502,0.0094,-0.0173,0.1047
41.298,0.0474,0.0,0.0,819,246,7,0.0,0.0,0.0,0.0,0.0,0.0,0.0,0.0,0.0,0.0,0.0,0.0,0.0,0.0,0.0,-3.4787,3.0511,-2.9556,0.0083,-0.0804,0.1051
41.418,0.0474,0.0,0.0,819,443,7,0.0,0.0,0.0,0.0,0.0,0.0,0.0,0.0,0.0,0.0,0.0,0.0,0.0,0.0,0.0,-3.4798,3.0517,-2.9653,0.0084,-0.0809,0.106
41.5,0.0474,0.0,0.0,819,442,7,0.0,0.0,0.0,0.0,0.0,0.0,0.0,0.0,0.0,0.0,0.0,0.0,0.0,0.0,0.0,-3.4807,3.0522,-2.9734,0.0084,-0.0813,0.1067
41.584,0.0474,-0.0256,0.0,819,440,7,0.02,0.0,0.0,0.0,0.0,0.0,0.0,0.0,0.0,0.0,0.0,0.0,0.0,0.0,0.0,-3.4813,3.0525,-2.9783,0.0084,-0.0815,0.1071
41.684,0.0474,0.0769,0.0,819,242,7,0.0,0.0,0.0,0.0,0.0,0.0,0.0,0.0,0.0,0.0,0.0,0.0,0.0,0.0,0.0,-3.4818,3.0527,-2.9823,0.0045,-0.0223,0.1075
41.769,0.0316,0.0,0.6,819,241,7,0.0,0.0,0.0,0.0,0.0,0.0,0.0,1.0,0.6,0.0,0.0,0.0,0.0,0.0,0.0,-3.4825,3.0525,-2.9815,0.0098,0.0223,0.1076
42.607,0.0316,0.0,0.6,819,241,7,0.0,0.0,0.0,0.0,0.0,0.0,0.0,1.0,0.6,0.0,0.0,0.0,0.0,0.0,0.0,-3.4888,3.0506,-2.9701,0.0096,0.0074,0.1078
42.703,0.0158,-0.0769,0.6,819,414,7,0.04,0.0,0.0,0.0,0.0,0.0,0.0,1.0,0.6,0.0,0.0,0.0,0.0,0.0,0.0,-3.4901,3.0503,-2.9697,0.0095,0.0,0.108
42.808,0.0316,0.0769,0.0,819,410,7,0.15,0.0,0.0,0.0,0.0,0.0,0.0,0.0,0.0,0.0,0.0,0.0,0.0,0.0,0.0,-3.4906,3.05,-2.9663,0.0007,0.0633,0.108
42.895,0.0316,0.0769,0.0,819,226,7,0.23,0.0,0.0,0.0,0.0,0.0,0.0,0.0,0.0,0.0,0.0,0.0,0.0,0.0,0.0,-3.4906,3.0491,-2.9538,0.002,0.154,0.1071
42.983,0.0316,0.0769,0.0,819,225,7,0.32,0.0,0.0,0.0,0.0,0.0,0.0,0.0,0.0,0.0,0.0,0.0,0.0,0.0,0.0,-3.4906,3.0463,-2.9158,0.0046,0.2793,0.1045
43.069,0.0316,0.0769,0.0,819,224,7,0.41,0.0,0.0,0.0,0.0,0.0,0.0,0.0,0.0,0.0,0.0,0.0,0.0,0.0,0.0,-3.4906,3.0443,-2.8881,0.0049,0.2748,0.1026
43.177,0.0316,0.0769,0.0,819,224,7,0.51,0.0,0.0,0.0,0.0,0.0,0.0,0.0,0.0,0.0,0.0,0.0,0.0,0.0,0.0,-3.4906,3.042,-2.8555,0.0051,0.2696,0.1006
43.283,0.0316,0.0256,0.0,819,224,7,0.62,0.0,0.0,0.0,0.0,0.0,0.0,0.0,0.0,0.0,0.0,0.0,0.0,0.0,0.0,-3.4906,3.0402,-2.8288,0.0052,0.2654,0.099
43.381,0.0316,0.0256,0.0,819,402,7,0.72,0.0,0.0,0.0,0.0,0.0,0.0,0.0,0.0,0.0,0.0,0.0,0.0,0.0,0.0,-3.4906,3.0389,-2.8077,0.0053,0.2622,0.0977
43.502,0.0316,0.0256,0.0,819,402,7,0.84,0.0,0.0,0.0,0.0,0.0,0.0,0.0,0.0,0.0,0.0,0.0,0.0,0.0,0.0,-3.4906,3.037,-2.7766,0.0053,0.2575,0.0961
44.437,0.0316,0.0,0.0,819,400,7,1.77,0.0,0.0,0.0,0.0,0.0,0.0,0.0,0.0,0.0,0.0,0.0,0.0,0.0,0.0,-3.4906,3.0293,-2.601,0.0035,0.2316,0.0891
44.527,0.0,1.0,44.238,819,40,7,1.86,1.3012,41.6375,0.0,0.0,0.0,0.0,2.0,1.2,0.0,0.0,1.0,0.8,1.0,0.6,-3.4906,3.0286,-2.5735,0.0029,0.2276,0.0885
44.643,0.0,1.0,43.278,819,40,7,1.98,1.2712,40.6775,0.0,0.0,0.0,0.0,2.0,1.2,0.0,0.0,1.0,0.8,1.0,0.6,-3.4906,3.0279,-2.5376,0.0016,0.22,0.0879
44.783,0.0,1.0,42.51,819,40,7,2.12,1.2472,39.9095,0.0,0.0,0.0,0.0,2.0,1.2,0.0,0.0,1.0,0.8,1.0,0.6,-3.4902,3.0277,-2.4963,-0.0017,0.204,0.0875
44.883,0.0,1.0,41.55,819,40,7,2.22,1.2172,38.9495,0.0,0.0,0.0,0.0,2.0,1.2,0.0,0.0,1.0,0.8,1.0,0.6,-3.4901,3.0277,-2.4714,-0.0004,0.2097,0.0874
44.981,0.0,1.0,39.99,819,40,7,2.32,1.1872,37.9895,0.0,0.0,0.0,0.0,1.0,0.6,0.0,0.0,1.0,0.8,1.0,0.6,-3.49,3.0277,-2.4587,-0.0002,0.2126,0.0874
45.064,0.0,1.0,41.478,819,40,7,2.4,1.1962,38.2784,0.0,0.0,0.0,0.0,3.0,1.8,0.0,0.0,1.0,0.8,1.0,0.6,-3.4899,3.0277,-2.4328,-0.0014,0.2184,0.0874
45.145,0.0,1.0,40.518,819,40,7,2.48,1.1662,37.3184,0.0,0.0,0.0,0.0,3.0,1.8,0.0,0.0,1.0,0.8,1.0,0.6,-3.4897,3.0277,-2.4151,-0.0022,0.2224,0.0873
45.239,0.0,1.0,39.798,819,40,7,2.58,1.1062,35.3984,0.0,0.0,0.0,0.0,5.0,3.0,0.0,0.0,1.0,0.8,1.0,0.6,-3.4895,3.0277,-2.3971,-0.0019,0.2264,0.0872
45.334,0.0,1.0,38.838,819,40,7,2.67,1.0762,34.4384,0.0,0.0,0.0,0.0,5.0,3.0,0.0,0.0,1.0,0.8,1.0,0.6,-3.4893,3.0277,-2.3788,-0.0011,0.2305,0.0871
45.428,0.0,1.0,38.07,819,40,7,2.76,1.0522,33.6704,0.0,0.0,0.0,0.0,5.0,3.0,0.0,0.0,1.0,0.8,1.0,0.6,-3.4892,3.0277,-2.3554,-0.0001,0.2357,0.0871
46.352,0.0,1.0,37.112,819,40,7,0.0,1.0223,32.7121,0.0,0.0,0.0,0.0,5.0,3.0,0.0,0.0,1.0,0.8,1.0,0.6,-3.4892,3.028,-2.1866,0.0023,0.1982,0.0873
46.468,0.0,1.0,28.479,819,40,7,0.0,0.8337,26.6789,0.0,0.0,0.0,0.0,3.0,1.8,0.0,0.0,0.0,0.0,0.0,0.0,-3.4892,3.0276,-2.1552,0.0017,0.1994,0.0869
46.555,0.0,1.0,30.82,819,40,7,0.0,0.8444,27.0197,0.0,0.0,0.0,0.0,4.0,2.4,0.0,0.0,1.0,0.8,1.0,0.6,-3.4896,3.0263,-2.1348,0.0124,0.1426,0.0859
46.653,0.0,1.0,28.9,819,40,7,0.0,0.7844,25.0997,0.0,0.0,0.0,0.0,4.0,2.4,0.0,0.0,1.0,0.8,1.0,0.6,-3.4905,3.0243,-2.124,0.0141,0.0092,0.0847
46.789,0.0,1.0,28.54,819,40,7,0.0,0.7544,24.1397,0.0,0.0,0.0,0.0,5.0,3.0,0.0,0.0,1.0,0.8,1.0,0.6,-3.4915,3.0229,-2.1275,0.015,-0.0638,0.0839
46.898,0.0,1.0,27.58,819,40,7,0.0,0.7244,23.1797,0.0,0.0,0.0,0.0,5.0,3.0,0.0,0.0,1.0,0.8,1.0,0.6,-3.4927,3.0215,-2.1395,0.0156,-0.1108,0.0833
46.979,0.0,1.0,26.62,819,40,7,0.0,0.6944,22.2199,0.0,0.0,0.0,0.0,5.0,3.0,0.0,0.0,1.0,0.8,1.0,0.6,-3.4933,3.0208,-2.1461,0.0155,-0.1103,0.083
47.083,0.0,1.0,25.577,819,40,7,0.0,0.6618,21.1771,0.0,0.0,0.0,0.0,5.0,3.0,0.0,0.0,1.0,0.8,1.0,0.6,-3.4943,3.0196,-2.1561,0.0153,-0.098,0.0825
47.192,0.0,1.0,25.796,819,40,7,0.0,0.6874,21.9959,0.0,0.0,0.0,0.0,4.0,2.4,0.0,0.0,1.0,0.8,1.0,0.6,-3.4954,3.0182,-2.1678,0.0152,-0.0973,0.0819
47.284,0.0,1.0,24.88,819,40,7,0.0,0.6588,21.0803,0.0,0.0,0.0,0.0,4.0,2.4,0.0,0.0,1.0,0.8,1.0,0.6,-3.4962,3.0173,-2.1755,0.0151,-0.0967,0.0816
48.195,0.0474,-0.4359,0.0,819,637,7,0.0,0.0,0.0,0.0,0.0,0.0,0.0,0.0,0.0,0.0,0.0,0.0,0.0,0.0,0.0,-3.5001,3.0125,-2.2177,0.0092,-0.0355,0.0801
48.311,0.0474,-0.4359,0.0,819,626,7,0.0,0.0,0.0,0.0,0.0,0.0,0.0,0.0,0.0,0.0,0.0,0.0,0.0,0.0,0.0,-3.5008,3.0116,-2.2248,0.0091,-0.0688,0.0799
48.418,0.0474,-0.4359,0.0,819,622,7,0.06,0.0,0.0,0.0,0.0,0.0,0.0,0.0,0.0,0.0,0.0,0.0,0.0,0.0,0.0,-3.5021,3.01,-2.2425,0.0094,-0.0809,0.0795
48.55,0.0316,-0.2308,0.0,819,618,7,0.19,0.0,0.0,0.0,0.0,0.0,0.0,0.0,0.0,0.0,0.0,0.0,0.0,0.0,0.0,-3.5025,3.0095,-2.2512,0.0,-0.0137,0.0794
48.656,0.0316,-0.2821,0.0,819,610,7,0.3,0.0,0.0,0.0,0.0,0.0,0.0,0.0,0.0,0.0,0.0,0.0,0.0,0.0,0.0,-3.5025,3.0095,-2.2455,0.0,0.0878,0.0794
48.742,0.0316,-0.3333,0.0,819,602,7,0.38,0.0,0.0,0.0,0.0,0.0,0.0,0.0,0.0,0.0,0.0,0.0,0.0,0.0,0.0,-3.5025,3.0095,-2.2367,0.0003,0.129,0.0794
48.867,0.0316,-0.3333,0.0,819,595,7,0.51,0.0,0.0,0.0,0.0,0.0,0.0,0.0,0.0,0.0,0.0,0.0,0.0,0.0,0.0,-3.5025,3.0094,-2.2158,0.0014,0.205,0.0793
48.967,0.0316,-0.3333,0.0,819,595,7,0.61,0.0,0.0,0.0,0.0,0.0,0.0,0.0,0.0,0.0,0.0,0.0,0.0,0.0,0.0,-3.5025,3.0091,-2.1956,0.0022,0.2003,0.0791
49.066,0.0316,-0.3846,0.0,819,594,7,0.71,0.0,0.0,0.0,0.0,0.0,0.0,0.0,0.0,0.0,0.0,0.0,0.0,0.0,0.0,-3.5025,3.0088,-2.1758,0.0023,0.1957,0.0789
49.178,0.0316,-0.3846,0.0,819,591,7,0.82,0.0,0.0,0.0,0.0,0.0,0.0,0.0,0.0,0.0,0.0,0.0,0.0,0.0,0.0,-3.5025,3.0085,-2.1522,0.0015,0.2016,0.0786
50.195,0.0316,-0.3846,0.0,819,590,7,1.84,0.0,0.0,0.0,0.0,0.0,0.0,0.0,0.0,0.0,0.0,0.0,0.0,0.0,0.0,-3.4949,3.0083,-1.9526,-0.0052,0.2541,0.0735
50.288,0.0,1.0,21.25,819,40,7,1.93,0.5891,18.8502,0.0,0.0,0.0,0.0,4.0,2.4,0.0,0.0,0.0,0.0,0.0,0.0,-3.4925,3.0083,-1.9114,-0.0053,0.2603,0.0721
50.382,0.0,1.0,20.896,819,40,7,2.02,0.5592,17.8959,0.0,0.0,0.0,0.0,5.0,3.0,0.0,0.0,0.0,0.0,0.0,0.0,-3.4905,3.0083,-1.8798,-0.0052,0.2651,0.071
50.477,0.0,1.0,19.336,819,40,7,2.12,0.5292,16.9359,0.0,0.0,0.0,0.0,4.0,2.4,0.0,0.0,0.0,0.0,0.0,0.0,-3.4876,3.0083,-1.8368,-0.005,0.2718,0.0693
50.57,0.0,1.0,18.376,819,40,7,2.21,0.4992,15.9759,0.0,0.0,0.0,0.0,4.0,2.4,0.0,0.0,0.0,0.0,0.0,0.0,-3.486,3.0083,-1.8149,-0.0048,0.2753,0.0685
50.671,0.0,1.0,17.416,819,40,7,2.31,0.4692,15.0159,0.0,0.0,0.0,0.0,4.0,2.4,0.0,0.0,0.0,0.0,0.0,0.0,-3.484,3.0083,-1.7871,-0.0045,0.2798,0.0675
50.801,0.0,1.0,17.866,819,40,7,2.44,0.4833,15.4657,0.0,0.0,0.0,0.0,4.0,2.4,0.0,0.0,0.0,0.0,0.0,0.0,-3.4809,3.0083,-1.7474,-0.004,0.2864,0.066
50.905,0.0,1.0,16.906,819,40,7,2.55,0.4533,14.5057,0.0,0.0,0.0,0.0,4.0,2.4,0.0,0.0,0.0,0.0,0.0,0.0,-3.4786,3.0083,-1.7185,-0.0035,0.2913,0.0649
50.988,0.0,1.0,15.946,819,40,7,2.63,0.4233,13.5457,0.0,0.0,0.0,0.0,4.0,2.4,0.0,0.0,0.0,0.0,0.0,0.0,-3.4767,3.0083,-1.6949,-0.0031,0.2954,0.0641
51.074,0.0,1.0,15.178,819,40,7,2.72,0.3993,12.7777,0.0,0.0,0.0,0.0,4.0,2.4,0.0,0.0,0.0,0.0,0.0,0.0,-3.4747,3.0083,-1.6711,-0.0026,0.2997,0.0633
51.158,0.0,1.0,14.218,819,40,7,2.8,0.3693,11.8177,0.0,0.0,0.0,0.0,4.0,2.4,0.0,0.0,0.0,0.0,0.0,0.0,-3.4726,3.0083,-1.6469,-0.0021,0.3041,0.0625
52.043,0.0,1.0,12.298,819,40,7,0.0,0.3093,9.8977,0.0,0.0,0.0,0.0,4.0,2.4,0.0,0.0,0.0,0.0,0.0,0.0,-3.4589,3.005,-1.4947,0.0091,-0.0795,0.0557
52.146,0.0,1.0,8.805,819,40,7,0.0,0.1939,6.2047,0.0,0.0,0.0,0.0,2.0,1.2,0.0,0.0,1.0,0.8,1.0,0.6,-3.4604,3.0037,-1.5148,0.0085,-0.2036,0.0547
52.232,0.0,1.0,7.845,819,40,7,0.0,0.1639,5.2447,0.0,0.0,0.0,0.0,2.0,1.2,0.0,0.0,1.0,0.8,1.0,0.6,-3.4635,3.0023,-1.5509,0.0089,-0.2665,0.054
52.32,0.0,1.0,4.482,819,40,7,0.0,0.1213,3.8822,0.0,0.0,0.0,0.0,1.0,0.6,0.0,0.0,0.0,0.0,0.0,0.0,-3.4667,3.001,-1.5871,0.0098,-0.2518,0.0537
52.412,0.0,1.0,3.522,819,40,7,0.0,0.0913,2.9222,0.0,0.0,0.0,0.0,1.0,0.6,0.0,0.0,0.0,0.0,0.0,0.0,-3.4685,3.0002,-1.607,0.0102,-0.2487,0.0536
52.506,0.0316,-0.7436,0.0,819,621,7,0.03,0.0,0.0,0.0,0.0,0.0,0.0,0.0,0.0,0.0,0.0,0.0,0.0,0.0,0.0,-3.4702,2.9995,-1.626,0.0105,-0.2299,0.0535
52.6,0.0316,-0.7949,0.0,819,613,7,0.12,0.0,0.0,0.0,0.0,0.0,0.0,0.0,0.0,0.0,0.0,0.0,0.0,0.0,0.0,-3.472,2.999,-1.6461,0.001,-0.1591,0.0537
52.691,0.0316,-0.7949,0.0,819,608,7,0.21,0.0,0.0,0.0,0.0,0.0,0.0,0.0,0.0,0.0,0.0,0.0,0.0,0.0,0.0,-3.4728,2.999,-1.6551,0.0006,-0.08,0.054
52.805,0.0316,-0.8462,0.0,819,606,7,0.33,0.0,0.0,0.0,0.0,0.0,0.0,0.0,0.0,0.0,0.0,0.0,0.0,0.0,0.0,-3.4729,2.999,-1.6554,-0.0004,0.0656,0.0541
52.92,0.0316,-0.8462,0.0,819,604,7,0.44,0.0,0.0,0.0,0.0,0.0,0.0,0.0,0.0,0.0,0.0,0.0,0.0,0.0,0.0,-3.472,2.999,-1.6442,-0.001,0.1636,0.0537
53.855,0.0316,-0.8462,0.0,819,605,7,1.37,0.0,0.0,0.0,0.0,0.0,0.0,0.0,0.0,0.0,0.0,0.0,0.0,0.0,0.0,-3.4538,2.999,-1.4333,0.0033,0.2942,0.0491
53.95,0.0,1.0,6.821,819,40,7,1.47,0.1569,5.0206,0.0,0.0,0.0,0.0,3.0,1.8,0.0,0.0,0.0,0.0,0.0,0.0,-3.4496,2.999,-1.3812,0.0041,0.2853,0.049
54.039,0.0,1.0,6.342,819,40,7,1.56,0.1419,4.542,0.0,0.0,0.0,0.0,3.0,1.8,0.0,0.0,0.0,0.0,0.0,0.0,-3.4468,2.999,-1.3438,0.0044,0.2647,0.0491
54.146,0.0,1.0,5.556,819,40,7,1.67,0.1174,3.7562,0.0,0.0,0.0,0.0,3.0,1.8,0.0,0.0,0.0,0.0,0.0,0.0,-3.4439,2.999,-1.3034,0.0045,0.2446,0.0494
54.233,0.0,1.0,5.196,819,40,7,1.75,0.0874,2.7962,0.0,0.0,0.0,0.0,4.0,2.4,0.0,0.0,0.0,0.0,0.0,0.0,-3.4425,2.999,-1.284,0.0046,0.2418,0.0496
54.318,0.0,1.0,4.236,819,40,7,1.84,0.0574,1.8362,0.0,0.0,0.0,0.0,4.0,2.4,0.0,0.0,0.0,0.0,0.0,0.0,-3.441,2.999,-1.2611,0.0044,0.225,0.0498
54.404,0.0,1.0,3.276,819,40,7,1.92,0.0274,0.8762,0.0,0.0,0.0,0.0,4.0,2.4,0.0,0.0,0.0,0.0,0.0,0.0,-3.4402,2.999,-1.2477,0.0045,0.2232,0.05
54.49,0.0,1.0,2.484,819,40,7,2.01,0.0026,0.0838,0.0,0.0,0.0,0.0,4.0,2.4,0.0,0.0,0.0,0.0,0.0,0.0,-3.4388,2.999,-1.226,0.0042,0.207,0.0503
54.58,0.0,1.0,2.652,819,40,7,2.1,0.0266,0.8518,0.0,0.0,0.0,0.0,3.0,1.8,0.0,0.0,0.0,0.0,0.0,0.0,-3.4379,2.999,-1.2096,0.0042,0.205,0.0505
54.679,0.0,1.0,2.593,819,40,7,2.2,0.0248,0.7933,0.0,0.0,0.0,0.0,3.0,1.8,0.0,0.0,0.0,0.0,0.0,0.0,-3.4367,2.999,-1.1892,0.0042,0.2026,0.0508
55.655,0.0,0.9487,2.547,819,40,7,3.18,0.0233,0.747,0.0,0.0,0.0,0.0,3.0,1.8,0.0,0.0,0.0,0.0,0.0,0.0,-3.4304,2.999,-1.0445,0.0026,0.1617,0.0528
55.754,0.0,0.7949,2.757,819,40,7,3.27,0.0299,0.9566,0.0,0.0,0.0,0.0,3.0,1.8,0.0,0.0,0.0,0.0,0.0,0.0,-3.4298,2.999,-1.0252,0.0023,0.1598,0.053
55.878,0.0,0.7949,2.107,819,40,7,3.4,0.0096,0.3068,0.0,0.0,0.0,0.0,3.0,1.8,0.0,0.0,0.0,0.0,0.0,0.0,-3.429,2.999,-0.9928,0.0017,0.1449,0.0533
55.997,0.0,0.7949,1.823,819,40,7,3.52,0.0007,0.0226,0.0,0.0,0.0,0.0,3.0,1.8,0.0,0.0,0.0,0.0,0.0,0.0,-3.4286,2.999,-0.9731,0.0013,0.1316,0.0535
56.106,0.0,0.7436,2.471,819,40,7,3.63,0.021,0.6709,0.0,0.0,0.0,0.0,3.0,1.8,0.0,0.0,0.0,0.0,0.0,0.0,-3.4284,2.999,-0.9575,0.0007,0.1285,0.0536
56.211,0.0,0.7436,1.887,819,40,7,3.73,0.0027,0.0872,0.0,0.0,0.0,0.0,3.0,1.8,0.0,0.0,0.0,0.0,0.0,0.0,-3.4283,2.9991,-0.9451,-0.0012,0.1195,0.0537
56.3,0.0,0.7436,2.601,819,40,7,3.82,0.025,0.8011,0.0,0.0,0.0,0.0,3.0,1.8,0.0,0.0,0.0,0.0,0.0,0.0,-3.4283,2.9993,-0.9357,-0.0013,0.1191,0.0538
56.401,0.0,0.6923,2.381,819,40,7,3.92,0.0182,0.5814,0.0,0.0,0.0,0.0,3.0,1.8,0.0,0.0,0.0,0.0,0.0,0.0,-3.4283,2.9994,-0.9241,-0.0008,0.1102,0.0539
56.507,0.0,0.6923,1.918,819,40,7,4.03,0.0037,0.1177,0.0,0.0,0.0,0.0,3.0,1.8,0.0,0.0,0.0,0.0,0.0,0.0,-3.4283,2.9995,-0.9107,-0.0005,0.1118,0.054
56.63,0.0,0.641,2.871,819,40,7,4.15,0.0147,0.4706,0.0,0.0,0.0,0.0,4.0,2.4,0.0,0.0,0.0,0.0,0.0,0.0,-3.4283,2.9995,-0.8972,-0.0001,0.1135,0.0541
57.529,0.0,0.641,2.461,819,40,7,5.05,0.0019,0.0611,0.0,0.0,0.0,0.0,4.0,2.4,0.0,0.0,0.0,0.0,0.0,0.0,-3.4283,3.0002,-0.8176,-0.0007,0.1114,0.0547
57.659,0.0,0.5385,4.186,819,40,7,5.18,0.0183,0.586,0.0,0.0,0.0,0.0,6.0,3.6,0.0,0.0,0.0,0.0,0.0,0.0,-3.4283,3.0003,-0.7996,-0.0003,0.1133,0.0548
57.743,0.0,0.5385,4.045,819,40,7,5.26,0.0139,0.4451,0.0,0.0,0.0,0.0,6.0,3.6,0.0,0.0,0.0,0.0,0.0,0.0,-3.4283,3.0003,-0.787,-0.0001,0.1026,0.0548
57.849,0.0,0.5385,4.562,819,40,7,5.37,0.0301,0.9621,0.0,0.0,0.0,0.0,6.0,3.6,0.0,0.0,0.0,0.0,0.0,0.0,-3.4283,3.0003,-0.7706,-0.0003,0.1016,0.0548
57.953,0.0,0.4872,4.305,819,40,7,5.47,0.022,0.7048,0.0,0.0,0.0,0.0,6.0,3.6,0.0,0.0,0.0,0.0,0.0,0.0,-3.4284,3.0003,-0.7565,-0.0005,0.1002,0.0548
58.063,0.0,0.4872,3.793,819,40,7,5.58,0.006,0.1928,0.0,0.0,0.0,0.0,6.0,3.6,0.0,0.0,0.0,0.0,0.0,0.0,-3.4285,3.0003,-0.7465,-0.0007,0.0992,0.0547
58.168,0.0,0.4872,3.875,819,40,7,5.69,0.0086,0.2749,0.0,0.0,0.0,0.0,6.0,3.6,0.0,0.0,0.0,0.0,0.0,0.0,-3.4286,3.0003,-0.7367,-0.0009,0.0983,0.0547
58.295,0.0,0.4872,4.343,819,40,7,5.82,0.0232,0.7426,0.0,0.0,0.0,0.0,6.0,3.6,0.0,0.0,0.0,0.0,0.0,0.0,-3.4287,3.0003,-0.7308,-0.0001,0.013,0.0547
58.398,0.0,0.4872,4.21,819,40,7,5.92,0.0378,1.2103,0.0,0.0,0.0,0.0,5.0,3.0,0.0,0.0,0.0,0.0,0.0,0.0,-3.4287,3.0003,-0.7308,0.0,0.0,0.0547
58.483,0.0,0.4359,4.183,819,40,7,6.0,0.0182,0.5828,0.0,0.0,0.0,0.0,6.0,3.6,0.0,0.0,0.0,0.0,0.0,0.0,-3.4287,3.0003,-0.7288,-0.0003,0.0502,0.0546
58.621,0.0,0.4359,3.73,819,40,7,6.14,0.0041,0.1299,0.0,0.0,0.0,0.0,6.0,3.6,0.0,0.0,0.0,0.0,0.0,0.0,-3.4288,3.0003,-0.7193,-0.0008,0.0852,0.0546
59.489,0.0,0.4359,0.889,819,40,7,7.01,0.009,0.2886,0.0,0.0,0.0,0.0,1.0,0.6,0.0,0.0,0.0,0.0,0.0,0.0,-3.4291,3.0003,-0.6665,0.0001,0.0699,0.0545
59.574,0.0,0.3846,3.225,819,40,7,7.09,0.007,0.2253,0.0,0.0,0.0,0.0,5.0,3.0,0.0,0.0,0.0,0.0,0.0,0.0,-3.429,3.0003,-0.6595,0.0003,0.0693,0.0545
59.667,0.0,0.3846,3.07,819,40,7,7.19,0.0022,0.0701,0.0,0.0,0.0,0.0,5.0,3.0,0.0,0.0,0.0,0.0,0.0,0.0,-3.429,3.0003,-0.6485,0.0004,0.0685,0.0545
59.749,0.0,0.3846,2.839,819,40,7,7.27,0.0137,0.4393,0.0,0.0,0.0,0.0,4.0,2.4,0.0,0.0,0.0,0.0,0.0,0.0,-3.4289,3.0003,-0.643,0.0005,0.0681,0.0546
59.854,0.0,0.3846,3.209,819,40,7,7.37,0.0253,0.8086,0.0,0.0,0.0,0.0,4.0,2.4,0.0,0.0,0.0,0.0,0.0,0.0,-3.4288,3.0003,-0.6349,0.0007,0.0674,0.0546
59.947,0.0,0.3846,3.578,819,40,7,7.47,0.0368,1.1778,0.0,0.0,0.0,0.0,4.0,2.4,0.0,0.0,0.0,0.0,0.0,0.0,-3.4287,3.0003,-0.6269,0.0008,0.0668,0.0546
60.047,0.0,0.3333,3.859,819,40,7,7.57,0.0268,0.8586,0.0,0.0,0.0,0.0,5.0,3.0,0.0,0.0,0.0,0.0,0.0,0.0,-3.4286,3.0004,-0.6209,0.0002,0.0587,0.0547
60.147,0.0,0.3333,3.504,819,40,7,7.67,0.0158,0.5041,0.0,0.0,0.0,0.0,5.0,3.0,0.0,0.0,0.0,0.0,0.0,0.0,-3.4286,3.0004,-0.6137,-0.0004,0.0617,0.0548
60.319,0.0,0.3333,3.185,819,40,7,7.84,0.0058,0.185,0.0,0.0,0.0,0.0,5.0,3.0,0.0,0.0,0.0,0.0,0.0,0.0,-3.4286,3.0006,-0.6025,-0.0006,0.0627,0.0549
60.409,0.0,0.3333,3.132,819,40,7,7.93,0.0041,0.1321,0.0,0.0,0.0,0.0,5.0,3.0,0.0,0.0,0.0,0.0,0.0,0.0,-3.4286,3.0007,-0.5987,-0.0006,0.0628,0.055
61.332,0.0,0.3333,3.384,819,40,7,8.85,0.012,0.3844,0.0,0.0,0.0,0.0,5.0,3.0,0.0,0.0,0.0,0.0,0.0,0.0,-3.4286,3.0015,-0.5583,-0.0007,0.0527,0.0558
61.436,0.0,0.2821,3.825,819,40,7,8.96,0.007,0.2251,0.0,0.0,0.0,0.0,6.0,3.6,0.0,0.0,0.0,0.0,0.0,0.0,-3.4286,3.0018,-0.5488,-0.0008,0.0531,0.056
61.559,0.0,0.2821,3.903,819,40,7,9.08,0.0032,0.1027,0.0,0.0,0.0,0.0,4.0,2.4,0.0,0.0,1.0,0.8,1.0,0.6,-3.4286,3.002,-0.5402,-0.0008,0.0534,0.0562
61.684,0.0,0.2821,3.914,819,40,7,9.2,0.0036,0.1139,0.0,0.0,0.0,0.0,4.0,2.4,0.0,0.0,1.0,0.8,1.0,0.6,-3.4286,3.0023,-0.5295,-0.0008,0.0537,0.0565
61.776,0.0,0.2821,4.185,819,40,7,9.3,0.012,0.3847,0.0,0.0,0.0,0.0,4.0,2.4,0.0,0.0,1.0,0.8,1.0,0.6,-3.4286,3.0025,-0.5252,-0.0009,0.0539,0.0567
61.966,0.0,0.2821,4.401,819,40,7,9.49,0.0188,0.6013,0.0,0.0,0.0,0.0,4.0,2.4,0.0,0.0,1.0,0.8,1.0,0.6,-3.4286,3.0028,-0.5144,-0.0009,0.0542,0.057
62.12,0.0,0.2821,4.672,819,40,7,9.64,0.0273,0.8721,0.0,0.0,0.0,0.0,4.0,2.4,0.0,0.0,1.0,0.8,1.0,0.6,-3.4286,3.0031,-0.5068,-0.0009,0.0545,0.0572
62.244,0.0,0.2308,4.519,819,40,7,9.76,0.0412,1.3187,0.0,0.0,0.0,0.0,3.0,1.8,0.0,0.0,1.0,0.8,1.0,0.6,-3.4286,3.0033,-0.5003,-0.0009,0.0547,0.0574
62.344,0.0,0.2308,4.263,819,40,7,9.86,0.0332,1.0627,0.0,0.0,0.0,0.0,3.0,1.8,0.0,0.0,1.0,0.8,1.0,0.6,-3.4286,3.0035,-0.496,-0.0007,0.0427,0.0576
62.445,0.0,0.2308,3.687,819,40,7,9.97,0.0152,0.4867,0.0,0.0,0.0,0.0,3.0,1.8,0.0,0.0,1.0,0.8,1.0,0.6,-3.4286,3.0036,-0.4917,-0.0008,0.0428,0.0577
63.664,0.0,0.2308,3.509,819,40,7,11.18,0.0097,0.3095,0.0,0.0,0.0,0.0,3.0,1.8,0.0,0.0,1.0,0.8,1.0,0.6,-3.4286,3.0046,-0.466,0.0,0.0,0.0587
63.755,0.0,0.2308,4.463,819,40,7,11.27,0.0457,1.4629,0.0,0.0,0.0,0.0,5.0,3.0,0.0,0.0,0.0,0.0,0.0,0.0,-3.4286,3.0046,-0.466,0.0,0.0,0.0587
63.86,0.0,0.1795,4.377,819,40,7,11.38,0.0243,0.7771,0.0,0.0,0.0,0.0,6.0,3.6,0.0,0.0,0.0,0.0,0.0,0.0,-3.4286,3.0046,-0.466,0.0,0.0,0.0587
63.955,0.0,0.1795,4.775,819,40,7,11.47,0.018,0.5753,0.0,0.0,0.0,0.0,7.0,4.2,0.0,0.0,0.0,0.0,0.0,0.0,-3.4286,3.0046,-0.466,0.0,0.0,0.0587
64.08,0.0,0.1795,4.603,819,40,7,11.6,0.0126,0.403,0.0,0.0,0.0,0.0,7.0,4.2,0.0,0.0,0.0,0.0,0.0,0.0,-3.4286,3.0046,-0.466,0.0,0.0,0.0587
64.174,0.0,0.1795,3.831,819,40,7,11.69,0.0072,0.2307,0.0,0.0,0.0,0.0,6.0,3.6,0.0,0.0,0.0,0.0,0.0,0.0,-3.4286,3.0046,-0.466,0.0,0.0,0.0587
64.261,0.0,0.1795,3.058,819,40,7,11.78,0.0018,0.0584,0.0,0.0,0.0,0.0,5.0,3.0,0.0,0.0,0.0,0.0,0.0,0.0,-3.4286,3.0046,-0.466,0.0,0.0,0.0587
64.346,0.0,0.1795,3.114,819,40,7,11.87,0.0036,0.1139,0.0,0.0,0.0,0.0,5.0,3.0,0.0,0.0,0.0,0.0,0.0,0.0,-3.4286,3.0046,-0.466,0.0,0.0,0.0587
64.438,0.0,0.1795,1.486,819,40,7,11.96,0.0089,0.2862,0.0,0.0,0.0,0.0,2.0,1.2,0.0,0.0,0.0,0.0,0.0,0.0,-3.4286,3.0046,-0.466,0.0,0.0,0.0587
64.542,0.0,0.1795,3.459,819,40,7,12.06,0.0143,0.4585,0.0,0.0,0.0,0.0,5.0,3.0,0.0,0.0,0.0,0.0,0.0,0.0,-3.4286,3.0046,-0.466,0.0,0.0,0.0587
64.628,0.0,0.1795,4.196,819,40,7,12.15,0.0186,0.5964,0.0,0.0,0.0,0.0,6.0,3.6,0.0,0.0,0.0,0.0,0.0,0.0,-3.4286,3.0046,-0.466,0.0,0.0,0.0587
